fid,rid,level,soft,deficient,midr_sim,midr_pred,ds_true,ds_pred
0,TK-1999-0077_YPT_HNN,4,False,False,0.0616310086870169,0.03820048880958844,4,3
0,TK-1999-0077_YPT_HNN,5,False,False,0.1,0.0733084283343691,4,4
0,TK-1999-0077_1612_HNE,0,False,False,0.0004682736908675,0.0004452111245925405,0,0
0,TK-1999-0077_1612_HNE,1,False,False,0.0016483306768766,0.0016934324276794662,0,0
0,TK-1999-0077_YPT_HNN,0,False,False,0.0004788636916081,0.0004453044996094266,0,0
0,TK-1999-0077_YPT_HNN,1,False,False,0.0025519553473223,0.0013711161051584621,0,0
0,TK-1999-0077_YPT_HNN,2,False,False,0.0098057755505198,0.0039061717701241983,1,0
0,TK-1999-0077_YPT_HNN,3,False,False,0.0205179625360469,0.009108900969677624,2,2
0,TK-1999-0077_4101_HNE,0,False,False,0.0004672541029987,0.0005052487847874394,0,0
0,TK-1999-0077_4101_HNE,1,False,False,0.0028439375789151,0.0019331576863562028,0,0
0,TK-1999-0077_4101_HNE,2,False,False,0.0057269097949471,0.005299731809682887,1,0
0,TK-1999-0077_4101_HNE,3,False,False,0.0135054906361556,0.011458938213188002,2,2
0,TK-1999-0077_1612_HNE,2,False,False,0.0057791469949752,0.003432480298683633,1,0
0,TK-1999-0077_1612_HNE,3,False,False,0.0203279329457055,0.007064904762866123,2,1
0,TK-1999-0077_1612_HNE,4,False,False,0.0327801726875933,0.013944822621001279,3,2
0,TK-1999-0077_1612_HNE,5,False,False,0.0924495248948085,0.03896404436085371,4,3
0,TK-1999-0077_4101_HNE,4,False,False,0.0338345989656855,0.03441323665600984,3,3
0,TK-1999-0077_4101_HNE,5,False,False,0.1,0.08252906085917686,4,4
0,TK-1999-0077_4106_HNN,0,False,False,0.0004608843143088,0.0004905474027959991,0,0
0,TK-1999-0077_4106_HNN,1,False,False,0.0012597352285721,0.0020566478819129008,0,0
0,TK-1999-0077_4106_HNN,2,False,False,0.0038374115341448,0.007855568188471931,0,2
0,TK-1999-0077_4106_HNN,3,False,False,0.0057823703371954,0.01815375399422075,1,2
0,TK-1999-0077_4106_HNN,4,False,False,0.0182795592003717,0.0414567218166226,2,3
0,TK-1999-0077_4106_HNN,5,False,False,0.0375142896477835,0.10060080240467334,3,4
0,TK-1999-0077_5401_HNE,0,False,False,0.0005024483726122,0.0005474773129088262,0,0
0,TK-1999-0077_5401_HNE,1,False,False,0.0014562347900645,0.002811813620305968,0,0
0,TK-1999-0077_5401_HNE,2,False,False,0.004155894314769,0.00849231096484395,0,1
0,TK-1999-0077_5401_HNE,3,False,False,0.0130636894595552,0.019411298383266763,2,2
0,TK-1999-0077_5401_HNE,4,False,False,0.0319114743317138,0.0516602592064996,3,4
0,TK-1999-0077_5401_HNE,5,False,False,0.0909379787228808,0.06875667145841571,4,4
0,TK-1999-0415_487_HNN,0,False,False,0.0004639043281896,0.0004214745509114972,0,0
0,TK-1999-0415_487_HNN,1,False,False,0.0015224334383236,0.001331013507047902,0,0
0,TK-1999-0415_487_HNN,2,False,False,0.0037169522701116,0.002843084129112878,0,0
0,TK-1999-0415_487_HNN,3,False,False,0.0047214615355013,0.00413475776372379,0,0
0,TK-1999-0415_487_HNN,4,False,False,0.0098643104931578,0.0068778378818980706,1,1
0,TK-1999-0415_487_HNN,5,False,False,0.0155918409155753,0.012698638002361958,2,2
0,TK-1999-0415_496_HNN,0,False,False,0.0005513459139239,0.0004966082470048654,0,0
0,TK-1999-0415_496_HNN,1,False,False,0.002134930786649,0.002036748059317932,0,0
0,TK-1999-0415_496_HNN,2,False,False,0.0107956069916087,0.00587232433041392,1,1
0,TK-1999-0415_496_HNN,3,False,False,0.0169986623025026,0.010340218240018009,2,2
0,TK-1999-0415_496_HNN,4,False,False,0.0200527619615643,0.018305936774264297,2,2
0,TK-1999-0415_496_HNN,5,False,False,0.0350589033347292,0.034278309658988905,3,3
0,TK-1999-0415_498_HNN,0,False,False,0.0004729919561768,0.00048388213667468496,0,0
0,TK-1999-0415_498_HNN,1,False,False,0.0014777895859227,0.0017073664608796765,0,0
0,TK-1999-0415_498_HNN,2,False,False,0.0029493544343664,0.004183668216280904,0,1
0,TK-1999-0415_498_HNN,3,False,False,0.0070977379674115,0.0069457309818452585,1,1
0,TK-1999-0415_498_HNN,4,False,False,0.01193456612,0.015403497006002064,1,2
0,TK-1999-0415_498_HNN,5,False,False,0.0286506840043943,0.031203886784576983,2,2
0,TK-1999-0415_C0362_HNN,0,False,False,0.0004725734293473,0.0004260890653302281,0,0
0,TK-1999-0415_C0362_HNN,1,False,False,0.0020784032066021,0.0013812017506300458,0,0
0,TK-1999-0415_C0362_HNN,2,False,False,0.0096596189682603,0.003274996701585307,1,0
0,TK-1999-0415_C0362_HNN,3,False,False,0.0159723869129273,0.006025152218042697,2,1
0,TK-1999-0415_C0362_HNN,4,False,False,0.0349392741254194,0.011887121432692955,3,1
0,TK-1999-0415_C0362_HNN,5,False,False,0.0931657594015952,0.020970332894387753,4,2
0,TK-1999-0415_C0375_HNN,0,False,False,0.0004498008940535,0.0004837235748850493,0,0
0,TK-1999-0415_C0375_HNN,1,False,False,0.0010371861901649,0.001555018306213114,0,0
0,TK-1999-0415_C0375_HNN,2,False,False,0.0018989315837789,0.003828293181673368,0,0
0,TK-1999-0415_C0375_HNN,3,False,False,0.0055443147588033,0.007052218008300488,1,1
0,TK-1999-0415_C0375_HNN,4,False,False,0.0133458484642407,0.013607380184624982,2,2
0,TK-1999-0415_C0375_HNN,5,False,False,0.0207074716294593,0.023785054431423758,2,2
0,TK-1999-0415_C1058_HNE,0,False,False,0.0004623472173659,0.00045075364481216566,0,0
0,TK-1999-0415_C1058_HNE,1,False,False,0.0014385077503297,0.001807545082775525,0,0
0,TK-1999-0415_C1058_HNE,2,False,False,0.0036361404993607,0.005895992558654481,0,1
0,TK-1999-0415_C1058_HNE,3,False,False,0.009697928787398,0.011289349780682805,1,2
0,TK-1999-0415_C1058_HNE,4,False,False,0.0354219549632577,0.029181400401736737,3,3
0,TK-1999-0415_C1058_HNE,5,False,False,0.1,0.05711970933865291,4,4
0,TK-1999-0415_C1059_HNN,0,False,False,0.0004655813508932,0.00044179786983504136,0,0
0,TK-1999-0415_C1059_HNN,1,False,False,0.0014550095381111,0.0015252508114881507,0,0
0,TK-1999-0415_C1060_HNE,0,False,False,0.0004982925512353,0.0005235353123439914,0,0
0,TK-1999-0415_C1060_HNE,1,False,False,0.0016624594707581,0.0018558678916468215,0,0
0,TK-1999-0415_C1060_HNE,2,False,False,0.0067784509912364,0.004172543813072827,1,0
0,TK-1999-0415_C1060_HNE,3,False,False,0.0109642414483786,0.008481250346292376,1,1
0,TK-1999-0415_C1059_HNN,2,False,False,0.0030417587419536,0.004237388873764331,0,0
0,TK-1999-0415_C1059_HNN,3,False,False,0.0068579112795916,0.0067746422143390855,1,1
0,TK-1999-0415_C1059_HNN,4,False,False,0.013618319118127,0.01439206578827357,2,2
0,TK-1999-0415_C1059_HNN,5,False,False,0.0208637936474177,0.031541877368195324,2,3
0,TK-1999-0415_C1060_HNE,4,False,False,0.0209844794694285,0.014508623796555759,2,2
0,TK-1999-0415_C1060_HNE,5,False,False,0.050457257743804,0.028957622693146126,3,2
0,TK-1999-0415_C1061_HNE,0,False,False,0.0004436271644727,0.00046688324443245954,0,0
0,TK-1999-0415_C1061_HNE,1,False,False,0.0011433357097896,0.0016268645456462472,0,0
0,TK-1999-0415_C1061_HNE,2,False,False,0.0030972338137963,0.00377654197834553,0,0
0,TK-1999-0415_C1061_HNE,3,False,False,0.0062264876985415,0.006744902520507035,1,1
0,TK-1999-0415_C1061_HNE,4,False,False,0.0138466757640987,0.01054530751663434,2,2
0,TK-1999-0415_C1061_HNE,5,False,False,0.0295350709680782,0.018771187174323127,2,2
0,TK-1999-0415_C1062_HNE,0,False,False,0.0004704207308259,0.00047156860477469496,0,0
0,TK-1999-0415_C1062_HNE,1,False,False,0.0019046471896777,0.0016257503203875266,0,0
0,TK-1999-0415_C1062_HNE,2,False,False,0.0055659753538762,0.004562153696542662,1,0
0,TK-1999-0415_C1062_HNE,3,False,False,0.0106126760492873,0.007946559649912496,1,1
0,TK-1999-0415_C1062_HNE,4,False,False,0.0173742600191813,0.015434571007897392,2,2
0,TK-1999-0415_C1062_HNE,5,False,False,0.0364182167654133,0.03710481170692134,3,3
0,TK-1999-0415_D0531_HNN,0,False,False,0.0004803289344345,0.0004264152662154766,0,0
0,TK-1999-0415_D0531_HNN,1,False,False,0.00183072557754,0.0012684863245528205,0,0
0,TK-1999-0415_1401_HNE,0,False,False,0.0004652618431399,0.00047957597672146704,0,0
0,TK-1999-0415_1401_HNE,1,False,False,0.0018552095704874,0.0018460145219412279,0,0
0,TK-1999-0415_1401_HNE,2,False,False,0.0058361938515646,0.006028500522687269,1,0
0,TK-1999-0415_1401_HNE,3,False,False,0.0101177691327062,0.010476431206841394,1,1
0,TK-1999-0415_D0531_HNN,2,False,False,0.0035019012406972,0.0028613994748923834,0,0
0,TK-1999-0415_D0531_HNN,3,False,False,0.007367111712849,0.004820256875837522,1,0
0,TK-1999-0415_D0531_HNN,4,False,False,0.0117351987105314,0.008246592744242581,1,1
0,TK-1999-0415_D0531_HNN,5,False,False,0.0202467725444086,0.016809431887728484,2,2
0,TK-1999-0415_1401_HNE,4,False,False,0.0313996065014152,0.023252645118943736,3,2
0,TK-1999-0415_1401_HNE,5,False,False,0.0375174029701832,0.03926153892517783,3,3
0,TK-1999-0415_1406_HNN,0,False,False,0.000473616953331,0.0005427407591116066,0,0
0,TK-1999-0415_1406_HNN,1,False,False,0.0022812867535729,0.002035506193368397,0,0
0,TK-1999-0415_8101_HNE,0,False,False,0.0004766148255453,0.0004789658254288308,0,0
0,TK-1999-0415_8101_HNE,1,False,False,0.0020909800576103,0.0019323141662762845,0,0
0,TK-1999-0415_8101_HNE,2,False,False,0.0105634278131894,0.007203059529599145,1,1
0,TK-1999-0415_8101_HNE,3,False,False,0.0175802281070188,0.014133422292439284,2,2
0,TK-1999-0415_1406_HNN,2,False,False,0.0063257814798604,0.0054517840988507985,1,1
0,TK-1999-0415_1406_HNN,3,False,False,0.0119628860199549,0.01027163257266812,1,1
0,TK-1999-0415_1406_HNN,4,False,False,0.0150789091603226,0.020355363647498098,2,2
0,TK-1999-0415_1406_HNN,5,False,False,0.0361635800055789,0.04381069117420078,3,3
0,TK-1999-0415_8101_HNE,4,False,False,0.0296037871425733,0.039302512440035506,2,3
0,TK-1999-0415_8101_HNE,5,False,False,0.0628287834035193,0.07199519298353875,4,4
0,INT-20250810_0000200_AKS_HNN,0,False,False,0.0004564731455223,0.00046550045799512944,0,0
0,INT-20250810_0000200_AKS_HNN,1,False,False,0.0014109676500458,0.001514794227657522,0,0
0,INT-20250810_0000200_AKS_HNN,2,False,False,0.0032389339381234,0.004372757717663278,0,0
0,INT-20250810_0000200_AKS_HNN,3,False,False,0.0048386387494394,0.007743566807563951,0,1
0,INT-20250810_0000200_AKS_HNN,4,False,False,0.0084566601261478,0.01494366328038685,1,2
0,INT-20250810_0000200_AKS_HNN,5,False,False,0.0148908093721672,0.030626876002577456,2,3
0,INT-20250810_0000200_BALB_HNE,0,False,False,0.0004627261658137,0.00047538877362407245,0,0
0,INT-20250810_0000200_BALB_HNE,1,False,False,0.0015773621591184,0.0017283779293909038,0,0
0,INT-20250810_0000200_BALB_HNE,2,False,False,0.0041822085253906,0.0055139878773284535,0,1
0,INT-20250810_0000200_BALB_HNE,3,False,False,0.0090219555081035,0.009211355012506393,1,1
0,INT-20250810_0000200_BALB_HNE,4,False,False,0.0157351022378969,0.0162858067670699,2,2
0,INT-20250810_0000200_BALB_HNE,5,False,False,0.0222041926775021,0.029936395493517787,2,2
0,INT-20250810_0000200_GORD_HNN,0,False,False,0.0004723934823545,0.0004594455694987862,0,0
0,INT-20250810_0000200_GORD_HNN,1,False,False,0.0023161118326674,0.0015004313353843318,0,0
0,INT-20250810_0000200_SOMA_HNN,0,False,False,0.0004698520875193,0.0004626389516005204,0,0
0,INT-20250810_0000200_SOMA_HNN,1,False,False,0.001340984367768,0.0015240313083443656,0,0
0,INT-20250810_0000200_SOMA_HNN,2,False,False,0.0027053110939531,0.004321847813066192,0,0
0,INT-20250810_0000200_SOMA_HNN,3,False,False,0.0047586212361647,0.007007066384553919,0,1
0,INT-20250810_0000200_GORD_HNN,2,False,False,0.0036785016887052,0.0031840595819783105,0,0
0,INT-20250810_0000200_GORD_HNN,3,False,False,0.0065011190266856,0.004907911800792854,1,1
0,INT-20250810_0000200_GORD_HNN,4,False,False,0.0156631805061122,0.009248237400950552,2,1
0,INT-20250810_0000200_GORD_HNN,5,False,False,0.0232551480725391,0.016436328602667586,2,2
0,INT-20250810_0000200_SOMA_HNN,4,False,False,0.0076637750884753,0.011726629847763025,1,2
0,INT-20250810_0000200_SOMA_HNN,5,False,False,0.0149192709983789,0.02086202976538595,2,2
0,TK-1999-0294_1612_HNE,0,False,False,0.0004763354605564,0.00043167402445484337,0,0
0,TK-1999-0294_1612_HNE,1,False,False,0.0016591229367453,0.0015898282584521164,0,0
0,TK-1999-0294_1612_HNE,2,False,False,0.0044998508516128,0.004056639883934656,0,0
0,TK-1999-0294_1612_HNE,3,False,False,0.0065844184193012,0.007530100552108317,1,1
0,TK-1999-0294_1612_HNE,4,False,False,0.0151252986170006,0.012928068418082516,2,2
0,TK-1999-0294_1612_HNE,5,False,False,0.0308413622199467,0.026542523362406,3,3
0,TK-2003-0179_1701_HNN,0,False,False,0.0004659005190629,0.00044409215042683347,0,0
0,TK-2003-0179_1701_HNN,1,False,False,0.0016086991127444,0.001330805274250927,0,0
0,TK-2003-0179_1701_HNN,2,False,False,0.005238241858237,0.0028901925096571942,1,0
0,TK-2003-0179_1701_HNN,3,False,False,0.0109006446588878,0.0044839023997228595,1,1
0,TK-2003-0179_1701_HNN,4,False,False,0.0153208772298559,0.007492884667150024,2,1
0,TK-2003-0179_1701_HNN,5,False,False,0.0296742185115658,0.013520541374691797,2,2
0,TK-1999-0294_4101_HNE,0,False,False,0.000453592743574,0.00045483521313704377,0,0
0,TK-1999-0294_4101_HNE,1,False,False,0.0012948600341063,0.0015160879027082137,0,0
0,TK-1999-0294_4101_HNE,2,False,False,0.0025913842870595,0.004231760792991134,0,0
0,TK-1999-0294_4101_HNE,3,False,False,0.0046032381593869,0.007722510250275013,0,1
0,TK-1999-0294_4101_HNE,4,False,False,0.0082328699281593,0.0194943449928216,1,2
0,TK-1999-0294_4101_HNE,5,False,False,0.0162584155431022,0.04141024013816464,2,3
0,TK-1999-0294_4107_HNE,0,False,False,0.0004658500409706,0.0004281160578344831,0,0
0,TK-1999-0294_4107_HNE,1,False,False,0.0017108993526659,0.0016271807389304936,0,0
0,TK-1999-0294_4107_HNE,2,False,False,0.0044226086961919,0.005006821088062309,0,1
0,TK-1999-0294_4107_HNE,3,False,False,0.0117283544252402,0.009329792777999888,1,2
0,TK-1999-0294_4107_HNE,4,False,False,0.0270579332981666,0.017100182890928246,2,2
0,TK-1999-0294_4107_HNE,5,False,False,0.0635200742340328,0.03379148537004971,4,3
0,TK-1999-0294_5401_HNE,0,False,False,0.0004944626621561,0.0005756648926494767,0,0
0,TK-1999-0294_5401_HNE,1,False,False,0.001430909335894,0.0028414910052964037,0,0
0,TK-1999-0294_5401_HNE,2,False,False,0.0025663344246818,0.007441311822667617,0,1
0,TK-1999-0294_5401_HNE,3,False,False,0.0039626395312986,0.015263162681842812,0,2
0,TK-1999-0294_5401_HNE,4,False,False,0.0079812274778903,0.02943955209042887,1,3
0,TK-1999-0294_5401_HNE,5,False,False,0.0144214846915545,0.04613431903628936,2,4
0,EMSC-20200122_0000127_GOMA_HNE,0,False,False,0.0004824173099851,0.0004576381512839892,0,0
0,EMSC-20200122_0000127_GOMA_HNE,1,False,False,0.0018273680472512,0.001553895278924322,0,0
0,EMSC-20200122_0000127_GOMA_HNE,2,False,False,0.0051446166802021,0.003558226010610159,1,0
0,EMSC-20200122_0000127_GOMA_HNE,3,False,False,0.008555694380015,0.00671498002969926,1,1
0,EMSC-20200122_0000127_GOMA_HNE,4,False,False,0.0153008286331761,0.009827651792942834,2,2
0,EMSC-20200122_0000127_GOMA_HNE,5,False,False,0.0198859136453627,0.01660698904878797,2,2
0,EMSC-20200122_0000127_SOMA_HNN,0,False,False,0.0004732874505369,0.0004227012620946021,0,0
0,EMSC-20200122_0000127_SOMA_HNN,1,False,False,0.0013369067211114,0.0012456849034073745,0,0
0,EMSC-20200122_0000127_SOMA_HNN,2,False,False,0.0039420567429668,0.002665040197329821,0,0
0,EMSC-20200122_0000127_SOMA_HNN,3,False,False,0.0058539917059835,0.0055379384125306555,1,1
0,EMSC-20200122_0000127_SOMA_HNN,4,False,False,0.0102232970354269,0.01082606617402081,1,1
0,EMSC-20200122_0000127_SOMA_HNN,5,False,False,0.0171008302339493,0.01761534743663383,2,2
1,TK-1999-0077_YPT_HNN,0,False,False,0.0003198809363566,0.0003005763902387272,0,0
1,TK-1999-0077_YPT_HNN,1,False,False,0.0012249407755181,0.0009810165420164989,0,0
1,TK-1999-0077_YPT_HNN,2,False,False,0.0025952746720032,0.002370646091814166,0,0
1,TK-1999-0077_YPT_HNN,3,False,False,0.0070518479716268,0.004060530108175671,1,1
1,TK-1999-0077_YPT_HNN,4,False,False,0.0177212512524363,0.009511443893682005,2,1
1,TK-1999-0077_YPT_HNN,5,False,False,0.0447827790695949,0.024678159402568702,3,1
1,TK-1999-0077_1612_HNE,0,False,False,0.0003213548033454,0.00030599977792427805,0,0
1,TK-1999-0077_1612_HNE,1,False,False,0.0009436951583565,0.0009934131788405548,0,0
1,TK-1999-0077_4101_HNE,0,False,False,0.0003221186373075,0.00030410188596552537,0,0
1,TK-1999-0077_4101_HNE,1,False,False,0.001065638738692,0.0009296993828097871,0,0
1,TK-1999-0077_4101_HNE,2,False,False,0.002352411031146,0.001960153003217639,0,0
1,TK-1999-0077_4101_HNE,3,False,False,0.0078533964002006,0.004456772168844097,1,1
1,TK-1999-0077_1612_HNE,2,False,False,0.0035784941715312,0.0023582188393464557,0,0
1,TK-1999-0077_1612_HNE,3,False,False,0.0080547155538576,0.005174278291484818,1,1
1,TK-1999-0077_1612_HNE,4,False,False,0.0203449584333633,0.010449945308135231,2,1
1,TK-1999-0077_1612_HNE,5,False,False,0.0677483700322493,0.023269367178437823,4,2
1,TK-1999-0077_4106_HNN,2,False,False,0.0021002557386444,0.003299755272075906,0,0
1,TK-1999-0077_4106_HNN,3,False,False,0.0060642477954059,0.00947725711296499,1,1
1,TK-1999-0077_4106_HNN,4,False,False,0.0116234338156009,0.023518082310534868,1,2
1,TK-1999-0077_4106_HNN,5,False,False,0.0247022348013384,0.051333606059710074,2,4
1,TK-1999-0077_4101_HNE,4,False,False,0.0114539526367454,0.008271938701018213,1,1
1,TK-1999-0077_4101_HNE,5,False,False,0.0268695416780009,0.03128118855182196,2,3
1,TK-1999-0077_4106_HNN,0,False,False,0.0003220568925144,0.00031027355142394916,0,0
1,TK-1999-0077_4106_HNN,1,False,False,0.0010468181951414,0.0010068841791577188,0,0
1,TK-1999-0077_5401_HNE,0,False,False,0.0003270365767404,0.00035148016506466044,0,0
1,TK-1999-0077_5401_HNE,1,False,False,0.0010007394273098,0.0014078889223516746,0,0
1,TK-1999-0077_5401_HNE,2,False,False,0.0024532204633307,0.005106913395667127,0,0
1,TK-1999-0077_5401_HNE,3,False,False,0.0060557476371771,0.011510480397965695,1,1
1,TK-1999-0077_5401_HNE,4,False,False,0.0074717649923409,0.026726090478906592,1,2
1,TK-1999-0077_5401_HNE,5,False,False,0.0258740222305629,0.06171113728662885,2,4
1,TK-1999-0415_487_HNN,0,False,False,0.0003271730973715,0.0002982256556013969,0,0
1,TK-1999-0415_487_HNN,1,False,False,0.0011415128151882,0.0008919167027552321,0,0
1,TK-1999-0415_496_HNN,0,False,False,0.0003254009162547,0.00031801273045306815,0,0
1,TK-1999-0415_496_HNN,1,False,False,0.0009650327400125,0.0008448168763121213,0,0
1,TK-1999-0415_496_HNN,2,False,False,0.00206101159142,0.0019251966093124968,0,0
1,TK-1999-0415_496_HNN,3,False,False,0.0029118404085428,0.003615621454732436,0,0
1,TK-1999-0415_487_HNN,2,False,False,0.00218544062742,0.00186945050800092,0,0
1,TK-1999-0415_487_HNN,3,False,False,0.0053375351117623,0.0030736350626912124,1,0
1,TK-1999-0415_487_HNN,4,False,False,0.0123466981395524,0.004965425481159392,2,1
1,TK-1999-0415_487_HNN,5,False,False,0.0154630897488107,0.009243019626199648,2,1
1,TK-1999-0415_496_HNN,4,False,False,0.0053090881798529,0.005860817042775923,1,1
1,TK-1999-0415_496_HNN,5,False,False,0.0094964479665966,0.013148774541347781,1,2
1,TK-1999-0415_498_HNN,0,False,False,0.0003239466336463,0.0003370375206015563,0,0
1,TK-1999-0415_498_HNN,1,False,False,0.0009543027998876,0.0009664384031344591,0,0
1,TK-1999-0415_498_HNN,2,False,False,0.0015836891922075,0.001967700075833356,0,0
1,TK-1999-0415_498_HNN,3,False,False,0.0030889067842695,0.0037835830457218513,0,0
1,TK-1999-0415_498_HNN,4,False,False,0.0054864986082584,0.006556298757345515,1,1
1,TK-1999-0415_498_HNN,5,False,False,0.0101174819728156,0.011467758045871395,1,2
1,TK-1999-0415_C0362_HNN,0,False,False,0.0003175505314051,0.00032228686587805347,0,0
1,TK-1999-0415_C0362_HNN,1,False,False,0.001377341931872,0.0010120046421510291,0,0
1,TK-1999-0415_C0362_HNN,2,False,False,0.0050276378969243,0.003150254303211257,1,0
1,TK-1999-0415_C0362_HNN,3,False,False,0.0213580049639841,0.0062010190308555094,2,1
1,TK-1999-0415_C0362_HNN,4,False,False,0.0313451187265345,0.012608479256715531,3,2
1,TK-1999-0415_C0362_HNN,5,False,False,0.1,0.031368143031947765,4,2
1,TK-1999-0415_C0375_HNN,0,False,False,0.0003306828632473,0.00034461256179770975,0,0
1,TK-1999-0415_C0375_HNN,1,False,False,0.001104822853955,0.0009245455574789564,0,0
1,TK-1999-0415_C0375_HNN,2,False,False,0.001673652984298,0.002093606011204069,0,0
1,TK-1999-0415_C0375_HNN,3,False,False,0.0027001461225634,0.003243589647421975,0,0
1,TK-1999-0415_C0375_HNN,4,False,False,0.0037184446754345,0.005580521376685033,0,1
1,TK-1999-0415_C0375_HNN,5,False,False,0.0052849542072574,0.008984611799405844,1,1
1,TK-1999-0415_C1058_HNE,0,False,False,0.0003219641079675,0.0003386120624416196,0,0
1,TK-1999-0415_C1058_HNE,1,False,False,0.0011262613647923,0.0013705426570121322,0,0
1,TK-1999-0415_C1058_HNE,2,False,False,0.0032488546847394,0.005508293885001396,0,1
1,TK-1999-0415_C1058_HNE,3,False,False,0.0083741574707758,0.01300806301709863,1,2
1,TK-1999-0415_C1058_HNE,4,False,False,0.0135810144139395,0.031036563044073873,2,2
1,TK-1999-0415_C1058_HNE,5,False,False,0.0644012300222712,0.050431310905075216,4,2
1,TK-1999-0415_C1059_HNN,0,False,False,0.000327434999538,0.00032220849597513405,0,0
1,TK-1999-0415_C1059_HNN,1,False,False,0.0009410510819912,0.0010111094604931072,0,0
1,TK-1999-0415_C1059_HNN,2,False,False,0.001868595735315,0.002470874215776979,0,0
1,TK-1999-0415_C1059_HNN,3,False,False,0.0037637161471636,0.004723754505821646,0,1
1,TK-1999-0415_C1059_HNN,4,False,False,0.0074116423466386,0.007581656080509523,1,1
1,TK-1999-0415_C1059_HNN,5,False,False,0.0136379926263359,0.01607356702735761,2,2
1,TK-1999-0415_C1060_HNE,0,False,False,0.0003253797585247,0.00036565015957123543,0,0
1,TK-1999-0415_C1060_HNE,1,False,False,0.0008679180394114,0.0012600971349534058,0,0
1,TK-1999-0415_C1060_HNE,2,False,False,0.0027622101783295,0.0035211266193223784,0,0
1,TK-1999-0415_C1060_HNE,3,False,False,0.004441273815463,0.007232365199999913,0,1
1,TK-1999-0415_C1060_HNE,4,False,False,0.0087214666727726,0.013149662434766814,1,1
1,TK-1999-0415_C1060_HNE,5,False,False,0.0202453454393824,0.023561076242080727,2,2
1,TK-1999-0415_C1061_HNE,0,False,False,0.0003187729101406,0.00033362745725917494,0,0
1,TK-1999-0415_C1061_HNE,1,False,False,0.0009489405158227,0.0010683896624192162,0,0
1,TK-1999-0415_C1061_HNE,2,False,False,0.0019401124325443,0.002300187499421876,0,0
1,TK-1999-0415_C1061_HNE,3,False,False,0.0041486936737715,0.004395031366648533,0,1
1,TK-1999-0415_C1061_HNE,4,False,False,0.0060103491570927,0.008369535557783815,1,1
1,TK-1999-0415_C1061_HNE,5,False,False,0.008730485895999,0.013455310774503938,1,2
1,TK-1999-0415_C1062_HNE,0,False,False,0.0003205518177484,0.00034105825792224355,0,0
1,TK-1999-0415_C1062_HNE,1,False,False,0.0009769159469538,0.0009874387672507605,0,0
1,TK-1999-0415_C1062_HNE,2,False,False,0.0019287732816341,0.0022195020007264124,0,0
1,TK-1999-0415_C1062_HNE,3,False,False,0.0028300015864599,0.003986930159231307,0,0
1,TK-1999-0415_C1062_HNE,4,False,False,0.0048394300066635,0.007884420201818796,0,1
1,TK-1999-0415_C1062_HNE,5,False,False,0.0111679934145138,0.015077905986338352,1,1
1,TK-1999-0415_D0531_HNN,0,False,False,0.0003238792394134,0.0003104285938009591,0,0
1,TK-1999-0415_D0531_HNN,1,False,False,0.0009357303710126,0.0009125197470545481,0,0
1,TK-1999-0415_D0531_HNN,2,False,False,0.0021694785832069,0.0015777670047001603,0,0
1,TK-1999-0415_D0531_HNN,3,False,False,0.004252601705648,0.002828427167601816,0,0
1,TK-1999-0415_D0531_HNN,4,False,False,0.008899997920318,0.004545898291579194,1,0
1,TK-1999-0415_D0531_HNN,5,False,False,0.0131622669381635,0.007913717044157591,2,1
1,TK-1999-0415_1401_HNE,0,False,False,0.0003246856273632,0.0003181152267956971,0,0
1,TK-1999-0415_1401_HNE,1,False,False,0.0010295070828875,0.001235708642965198,0,0
1,TK-1999-0415_1401_HNE,2,False,False,0.0028586481447371,0.003984588893857928,0,0
1,TK-1999-0415_1401_HNE,3,False,False,0.0065009094750611,0.007729729245312566,1,1
1,TK-1999-0415_1401_HNE,4,False,False,0.0169915772845193,0.019633289420143057,2,1
1,TK-1999-0415_1401_HNE,5,False,False,0.0484092670516038,0.036135230316384055,3,2
1,TK-1999-0415_1406_HNN,0,False,False,0.0003244858570938,0.0003284050856649568,0,0
1,TK-1999-0415_1406_HNN,1,False,False,0.0009084599246179,0.0010668593464338016,0,0
1,TK-1999-0415_1406_HNN,2,False,False,0.0015970332713092,0.0024633154079018544,0,0
1,TK-1999-0415_1406_HNN,3,False,False,0.0024374281458056,0.005589075340323575,0,1
1,TK-1999-0415_1406_HNN,4,False,False,0.0045842734481557,0.011081853579437112,0,1
1,TK-1999-0415_1406_HNN,5,False,False,0.0117891722512315,0.01710250649028354,1,2
1,TK-1999-0415_8101_HNE,0,False,False,0.0003155834284039,0.00030727577600392754,0,0
1,TK-1999-0415_8101_HNE,1,False,False,0.0009406006328874,0.001212726545913208,0,0
1,TK-1999-0415_8101_HNE,2,False,False,0.0020184637713086,0.0033178526588981236,0,0
1,TK-1999-0415_8101_HNE,3,False,False,0.0054447495724437,0.007108294200135339,1,1
1,TK-1999-0415_8101_HNE,4,False,False,0.0171744372276905,0.01614829461255818,2,2
1,TK-1999-0415_8101_HNE,5,False,False,0.0380604606546075,0.03990740388432219,3,2
1,INT-20250810_0000200_AKS_HNN,0,False,False,0.0003185048690031,0.0003100952632995002,0,0
1,INT-20250810_0000200_AKS_HNN,1,False,False,0.0009205600212074,0.0009897105368709756,0,0
1,INT-20250810_0000200_AKS_HNN,2,False,False,0.0032293406710224,0.002617462902619482,0,0
1,INT-20250810_0000200_AKS_HNN,3,False,False,0.0056845598569767,0.005949295776105509,1,1
1,INT-20250810_0000200_AKS_HNN,4,False,False,0.0095814020892507,0.009925322629793069,1,1
1,INT-20250810_0000200_AKS_HNN,5,False,False,0.0154526138334549,0.02611395314732198,2,2
1,INT-20250810_0000200_BALB_HNE,0,False,False,0.0003204467425148,0.00034671093319194437,0,0
1,INT-20250810_0000200_BALB_HNE,1,False,False,0.0010087302322186,0.0011051373621939794,0,0
1,INT-20250810_0000200_BALB_HNE,2,False,False,0.0024442000101778,0.003369790572850482,0,0
1,INT-20250810_0000200_BALB_HNE,3,False,False,0.0043179400408056,0.008589079241587978,0,1
1,INT-20250810_0000200_BALB_HNE,4,False,False,0.0100509758900536,0.013374537046530502,1,2
1,INT-20250810_0000200_BALB_HNE,5,False,False,0.019161181062359,0.024301815190538176,2,2
1,INT-20250810_0000200_GORD_HNN,0,False,False,0.0003237953552093,0.0003299831355808883,0,0
1,INT-20250810_0000200_GORD_HNN,1,False,False,0.0010013931672166,0.0010279363608503864,0,0
1,INT-20250810_0000200_GORD_HNN,2,False,False,0.0028341077089347,0.002272087471299479,0,0
1,INT-20250810_0000200_GORD_HNN,3,False,False,0.0074622587074187,0.00383068771278727,1,0
1,INT-20250810_0000200_GORD_HNN,4,False,False,0.0137299047314077,0.007327328293546364,2,1
1,INT-20250810_0000200_GORD_HNN,5,False,False,0.0222143074968931,0.012604548292241016,2,1
1,INT-20250810_0000200_SOMA_HNN,0,False,False,0.0003193848405002,0.00031680621689857944,0,0
1,INT-20250810_0000200_SOMA_HNN,1,False,False,0.0008765140839336,0.001039476008952648,0,0
1,INT-20250810_0000200_SOMA_HNN,2,False,False,0.0026486472260912,0.0028469747257476577,0,0
1,INT-20250810_0000200_SOMA_HNN,3,False,False,0.0057738843372807,0.005919548196015426,1,1
1,INT-20250810_0000200_SOMA_HNN,4,False,False,0.0094248759806038,0.010647547217340474,1,1
1,INT-20250810_0000200_SOMA_HNN,5,False,False,0.0169178641355186,0.01991835478518377,2,2
1,TK-1999-0294_1612_HNE,0,False,False,0.000323253559556,0.0003161418444920054,0,0
1,TK-1999-0294_1612_HNE,1,False,False,0.0010921496250471,0.0010000955269199125,0,0
1,TK-1999-0294_1612_HNE,2,False,False,0.0030633252962119,0.002602354225236698,0,0
1,TK-1999-0294_1612_HNE,3,False,False,0.0067014857570439,0.005723941652072654,1,1
1,TK-1999-0294_1612_HNE,4,False,False,0.0165357151493536,0.01149064001920705,2,2
1,TK-1999-0294_1612_HNE,5,False,False,0.0290034399904863,0.024181861417976805,2,3
1,TK-2003-0179_1701_HNN,0,False,False,0.0003227091687545,0.00032528087509198304,0,0
1,TK-2003-0179_1701_HNN,1,False,False,0.0010494432248789,0.001028675315376312,0,0
1,TK-2003-0179_1701_HNN,2,False,False,0.0041578590070044,0.002382368372745426,0,0
1,TK-2003-0179_1701_HNN,3,False,False,0.0097651572338366,0.004498180026453635,1,0
1,TK-2003-0179_1701_HNN,4,False,False,0.0182961890283328,0.008073880538100663,2,1
1,TK-2003-0179_1701_HNN,5,False,False,0.040698396955831,0.014736875469359678,3,2
1,TK-1999-0294_4101_HNE,0,False,False,0.0003257035365167,0.00031769357962196796,0,0
1,TK-1999-0294_4101_HNE,1,False,False,0.0010603984330255,0.0009896877172586706,0,0
1,TK-1999-0294_4101_HNE,2,False,False,0.003346793368583,0.0025688628894172134,0,0
1,TK-1999-0294_4101_HNE,3,False,False,0.0055774570631618,0.00609394150402371,1,1
1,TK-1999-0294_4101_HNE,4,False,False,0.0098654738169085,0.013076002233095744,1,2
1,TK-1999-0294_4101_HNE,5,False,False,0.0137046541615903,0.03892766551238641,2,4
1,TK-1999-0294_4107_HNE,0,False,False,0.000317703584686,0.00031813740667109867,0,0
1,TK-1999-0294_4107_HNE,1,False,False,0.0011118339626151,0.001070464448664552,0,0
1,TK-1999-0294_4107_HNE,2,False,False,0.0037634765378558,0.0044538933629805775,0,0
1,TK-1999-0294_4107_HNE,3,False,False,0.0086078168841237,0.009017561071326449,1,2
1,TK-1999-0294_4107_HNE,4,False,False,0.021907657530072,0.01664768648558394,2,2
1,TK-1999-0294_4107_HNE,5,False,False,0.0697942963278346,0.03259505850319075,4,2
1,TK-1999-0294_5401_HNE,0,False,False,0.0003534290212431,0.00042560116641084366,0,0
1,TK-1999-0294_5401_HNE,1,False,False,0.0011846687596446,0.002195176911885283,0,0
1,TK-1999-0294_5401_HNE,2,False,False,0.0050230554908029,0.006331981823321914,1,0
1,TK-1999-0294_5401_HNE,3,False,False,0.0085376476672962,0.012865290120495887,1,1
1,TK-1999-0294_5401_HNE,4,False,False,0.0112013561499816,0.03212058789138338,1,2
1,TK-1999-0294_5401_HNE,5,False,False,0.0160486231974897,0.04388185614282054,2,4
1,EMSC-20200122_0000127_GOMA_HNE,0,False,False,0.0003258402208084,0.00032631985789916375,0,0
1,EMSC-20200122_0000127_GOMA_HNE,1,False,False,0.0010315476367732,0.0009161423053107329,0,0
1,EMSC-20200122_0000127_GOMA_HNE,2,False,False,0.0033008035756552,0.002391149864707744,0,0
1,EMSC-20200122_0000127_GOMA_HNE,3,False,False,0.0063669429055154,0.00554654585522359,1,0
1,EMSC-20200122_0000127_GOMA_HNE,4,False,False,0.0125675847458471,0.009628870460683163,2,2
1,EMSC-20200122_0000127_GOMA_HNE,5,False,False,0.0256443434621595,0.01652673161796415,2,2
1,EMSC-20200122_0000127_SOMA_HNN,0,False,False,0.0003158743651006,0.00030652939626038165,0,0
1,EMSC-20200122_0000127_SOMA_HNN,1,False,False,0.0008635470247956,0.0008890495612835973,0,0
1,EMSC-20200122_0000127_SOMA_HNN,2,False,False,0.002495114258905,0.0020349631849694546,0,0
1,EMSC-20200122_0000127_SOMA_HNN,3,False,False,0.0039882585357377,0.003703333184684229,0,1
1,EMSC-20200122_0000127_SOMA_HNN,4,False,False,0.0070551912674935,0.006300863788402038,1,1
1,EMSC-20200122_0000127_SOMA_HNN,5,False,False,0.0144319714710397,0.01364463626009143,2,2
2,TK-1999-0077_YPT_HNN,0,False,False,0.0002044183281908,0.00018896723106568347,0,0
2,TK-1999-0077_YPT_HNN,1,False,False,0.0006033767562388,0.0006463786927987649,0,0
2,TK-1999-0077_YPT_HNN,2,False,False,0.0014423498279296,0.001866159020706751,0,0
2,TK-1999-0077_YPT_HNN,3,False,False,0.0029433655473157,0.0032231376016901626,0,0
2,TK-1999-0077_YPT_HNN,4,False,False,0.0082995659316582,0.008079440670546494,1,1
2,TK-1999-0077_YPT_HNN,5,False,False,0.0342293179112927,0.01982309551214838,3,1
2,TK-1999-0077_1612_HNE,0,False,False,0.0002067873343931,0.0001896928229012139,0,0
2,TK-1999-0077_1612_HNE,1,False,False,0.000840875718824,0.0006439253258932474,0,0
2,TK-1999-0077_1612_HNE,2,False,False,0.0035118900397346,0.0023900697638523575,0,0
2,TK-1999-0077_1612_HNE,3,False,False,0.0114429446966874,0.005981106822700866,1,1
2,TK-1999-0077_1612_HNE,4,False,False,0.0331222519002805,0.014002395036092283,3,1
2,TK-1999-0077_1612_HNE,5,False,False,0.1,0.048006618590673976,4,3
2,TK-1999-0077_4101_HNE,0,False,False,0.000199896545771,0.00019607061879055833,0,0
2,TK-1999-0077_4101_HNE,1,False,False,0.0006101655355386,0.0005065691287482206,0,0
2,TK-1999-0077_4101_HNE,2,False,False,0.0014176411993304,0.0012238078696313367,0,0
2,TK-1999-0077_4101_HNE,3,False,False,0.0016218287625394,0.0018686594064660576,0,0
2,TK-1999-0077_4101_HNE,4,False,False,0.0035317172651362,0.0028973890023253034,0,0
2,TK-1999-0077_4101_HNE,5,False,False,0.0066163964243469,0.006270466643496227,1,1
2,TK-1999-0077_4106_HNN,0,False,False,0.0002030231993226,0.00019586771732562112,0,0
2,TK-1999-0077_4106_HNN,1,False,False,0.0006637091724503,0.0006755834660700191,0,0
2,TK-1999-0077_4106_HNN,2,False,False,0.0026542345211876,0.002512056602550067,0,0
2,TK-1999-0077_4106_HNN,3,False,False,0.0066070803471653,0.00866554015443103,1,1
2,TK-1999-0077_4106_HNN,4,False,False,0.0118596718895073,0.028285568249734994,1,3
2,TK-1999-0077_4106_HNN,5,False,False,0.0503323778542521,0.08912062681619908,3,4
2,TK-1999-0077_5401_HNE,0,False,False,0.0002070983404244,0.00019459338155695968,0,0
2,TK-1999-0077_5401_HNE,1,False,False,0.0006538987209485,0.0006575561502502325,0,0
2,TK-1999-0077_5401_HNE,2,False,False,0.0015393983589044,0.002239255330489219,0,0
2,TK-1999-0077_5401_HNE,3,False,False,0.0033722011158412,0.005574229250344206,0,1
2,TK-1999-0077_5401_HNE,4,False,False,0.0055127195920102,0.015781576916997987,1,1
2,TK-1999-0077_5401_HNE,5,False,False,0.0116646682318743,0.04316562513205249,1,3
2,TK-1999-0415_487_HNN,0,False,False,0.0002027535169649,0.00020292603089441114,0,0
2,TK-1999-0415_487_HNN,1,False,False,0.0006257349716129,0.0005276907070155253,0,0
2,TK-1999-0415_487_HNN,2,False,False,0.0017988727232269,0.0014519527899769884,0,0
2,TK-1999-0415_487_HNN,3,False,False,0.0031742571524804,0.0025037023496923445,0,0
2,TK-1999-0415_487_HNN,4,False,False,0.0063262842262686,0.00409786502549667,1,0
2,TK-1999-0415_487_HNN,5,False,False,0.0103907492246205,0.0073669930205634985,1,1
2,TK-1999-0415_496_HNN,0,False,False,0.0002064336436021,0.00020948281224227695,0,0
2,TK-1999-0415_496_HNN,1,False,False,0.00059450968884,0.0006370876975628751,0,0
2,TK-1999-0415_496_HNN,2,False,False,0.0015113613002275,0.001608117957415607,0,0
2,TK-1999-0415_496_HNN,3,False,False,0.0024862030462974,0.002809008706701892,0,0
2,TK-1999-0415_496_HNN,4,False,False,0.0035934109296754,0.0041577017339965786,0,1
2,TK-1999-0415_496_HNN,5,False,False,0.006573959029342,0.006811782533087939,1,1
2,TK-1999-0415_498_HNN,0,False,False,0.0002061055798727,0.00021238163812712296,0,0
2,TK-1999-0415_498_HNN,1,False,False,0.0006987475772466,0.0006879151981998073,0,0
2,TK-1999-0415_498_HNN,2,False,False,0.003317452581364,0.0019614102711627444,0,0
2,TK-1999-0415_498_HNN,3,False,False,0.0046782714323041,0.003976874651680812,0,0
2,TK-1999-0415_498_HNN,4,False,False,0.0063014372102102,0.0074394614913942106,1,1
2,TK-1999-0415_498_HNN,5,False,False,0.0106869228766289,0.015619720310607784,1,2
2,TK-1999-0415_C0362_HNN,0,False,False,0.0002019101060858,0.00019682359409568004,0,0
2,TK-1999-0415_C0362_HNN,1,False,False,0.0006165666445233,0.0006191701852540928,0,0
2,TK-1999-0415_C0362_HNN,2,False,False,0.001608082475193,0.0020274808833312032,0,0
2,TK-1999-0415_C0362_HNN,3,False,False,0.0055657363433095,0.004854183822660598,1,1
2,TK-1999-0415_C0362_HNN,4,False,False,0.0195882059491921,0.0097283995933088,2,1
2,TK-1999-0415_C0362_HNN,5,False,False,0.0688948211064482,0.01896315999985168,4,2
2,TK-1999-0415_C0375_HNN,0,False,False,0.0002065462354404,0.0002146430228265996,0,0
2,TK-1999-0415_C0375_HNN,1,False,False,0.0006099868091481,0.0006896284650032675,0,0
2,TK-1999-0415_C0375_HNN,2,False,False,0.0019607150272903,0.0016231400621444145,0,0
2,TK-1999-0415_C0375_HNN,3,False,False,0.0053822951856414,0.003054506162809108,1,0
2,TK-1999-0415_C0375_HNN,4,False,False,0.0063781124279392,0.005479812725238334,1,0
2,TK-1999-0415_C0375_HNN,5,False,False,0.0083843782766772,0.010141803649620867,1,1
2,TK-1999-0415_C1058_HNE,0,False,False,0.0002197153563696,0.00019960925493707032,0,0
2,TK-1999-0415_C1058_HNE,1,False,False,0.0006402581594988,0.0007229784889290951,0,0
2,TK-1999-0415_C1058_HNE,2,False,False,0.0023983975072705,0.002930466942999678,0,0
2,TK-1999-0415_C1058_HNE,3,False,False,0.0073040009961751,0.008531371019736021,1,1
2,TK-1999-0415_C1058_HNE,4,False,False,0.0113917854597991,0.02608788179363572,1,1
2,TK-1999-0415_C1058_HNE,5,False,False,0.0676723334839689,0.04100965079521473,4,4
2,TK-1999-0415_C1059_HNN,0,False,False,0.0001955163222809,0.00021757956921596177,0,0
2,TK-1999-0415_C1059_HNN,1,False,False,0.0005764621490099,0.0006953597965289832,0,0
2,TK-1999-0415_C1059_HNN,2,False,False,0.0014956482224408,0.0018434482925985475,0,0
2,TK-1999-0415_C1059_HNN,3,False,False,0.0030964968187119,0.003919758716705418,0,1
2,TK-1999-0415_C1059_HNN,4,False,False,0.0049794469533355,0.007564141118835918,0,1
2,TK-1999-0415_C1059_HNN,5,False,False,0.0082523277701764,0.011988804622964137,1,1
2,TK-1999-0415_C1060_HNE,0,False,False,0.0002051385238665,0.00020710927151874786,0,0
2,TK-1999-0415_C1060_HNE,1,False,False,0.0006133331110548,0.0006918057678022157,0,0
2,TK-1999-0415_C1060_HNE,2,False,False,0.0017956134147136,0.0019983852100414826,0,0
2,TK-1999-0415_C1060_HNE,3,False,False,0.0032179252466121,0.004743014776788413,0,0
2,TK-1999-0415_C1060_HNE,4,False,False,0.0050608480003568,0.00818168491851783,1,1
2,TK-1999-0415_C1060_HNE,5,False,False,0.0127401817736232,0.015729451070037398,2,1
2,TK-1999-0415_C1061_HNE,0,False,False,0.0002085308145073,0.00021299989660575688,0,0
2,TK-1999-0415_C1061_HNE,1,False,False,0.0006773932795362,0.0006116367047073537,0,0
2,TK-1999-0415_C1061_HNE,2,False,False,0.0028124010182383,0.001780198753096316,0,0
2,TK-1999-0415_C1061_HNE,3,False,False,0.0044473898551551,0.0037292984446404783,0,0
2,TK-1999-0415_C1061_HNE,4,False,False,0.0063117104941479,0.006624642740576012,1,1
2,TK-1999-0415_C1061_HNE,5,False,False,0.0124186937903203,0.012566871954427199,2,1
2,TK-1999-0415_C1062_HNE,0,False,False,0.0002002173429415,0.0002145355846364091,0,0
2,TK-1999-0415_C1062_HNE,1,False,False,0.0006045373984902,0.0005784831537109652,0,0
2,TK-1999-0415_C1062_HNE,2,False,False,0.0019581460849945,0.0014493438643327632,0,0
2,TK-1999-0415_C1062_HNE,3,False,False,0.0039002539263936,0.003048371670045688,0,0
2,TK-1999-0415_C1062_HNE,4,False,False,0.0060269827524639,0.005684322716581111,1,0
2,TK-1999-0415_C1062_HNE,5,False,False,0.0092666616686829,0.011069012238993318,1,1
2,TK-1999-0415_D0531_HNN,0,False,False,0.0002026958383222,0.0002056588042781862,0,0
2,TK-1999-0415_D0531_HNN,1,False,False,0.0005985082940483,0.0006235271323040775,0,0
2,TK-1999-0415_1401_HNE,0,False,False,0.0002053692265734,0.00024089581864111494,0,0
2,TK-1999-0415_1401_HNE,1,False,False,0.0006975215109397,0.0011999972219347026,0,0
2,TK-1999-0415_1401_HNE,2,False,False,0.0040889672368293,0.0038801421571603768,0,0
2,TK-1999-0415_1401_HNE,3,False,False,0.0142560373953239,0.011082309866752682,2,1
2,TK-1999-0415_D0531_HNN,2,False,False,0.0015440034548089,0.0015713730025254788,0,0
2,TK-1999-0415_D0531_HNN,3,False,False,0.0036799663006942,0.002685973388531352,0,0
2,TK-1999-0415_D0531_HNN,4,False,False,0.0051124203781166,0.004269195665327552,1,1
2,TK-1999-0415_D0531_HNN,5,False,False,0.0131934400987648,0.007498711558183494,2,1
2,TK-1999-0415_1401_HNE,4,False,False,0.0412990406202676,0.025338133447714736,3,2
2,TK-1999-0415_1401_HNE,5,False,False,0.1,0.061795008704843175,4,4
2,TK-1999-0415_1406_HNN,0,False,False,0.0002001958868132,0.00020731903799479532,0,0
2,TK-1999-0415_1406_HNN,1,False,False,0.0006151081910648,0.0005229447308919961,0,0
2,TK-1999-0415_1406_HNN,2,False,False,0.0016956884415732,0.0013663079383133654,0,0
2,TK-1999-0415_1406_HNN,3,False,False,0.0026588030939723,0.002842963950540353,0,0
2,TK-1999-0415_1406_HNN,4,False,False,0.0039417287124317,0.006301981158134082,0,1
2,TK-1999-0415_1406_HNN,5,False,False,0.0058254998256163,0.012476624703097692,1,1
2,TK-1999-0415_8101_HNE,0,False,False,0.0002029639465476,0.0002017800544366974,0,0
2,TK-1999-0415_8101_HNE,1,False,False,0.0006213519223469,0.0008624999280878562,0,0
2,TK-1999-0415_8101_HNE,2,False,False,0.0023960492460494,0.0028324298742466347,0,0
2,TK-1999-0415_8101_HNE,3,False,False,0.0055271146661622,0.006449119967983215,1,1
2,TK-1999-0415_8101_HNE,4,False,False,0.0090860450378271,0.015609502374027166,1,2
2,TK-1999-0415_8101_HNE,5,False,False,0.0524017196268765,0.04747702658530972,3,4
2,INT-20250810_0000200_AKS_HNN,0,False,False,0.0002071992164477,0.00019662401519376335,0,0
2,INT-20250810_0000200_AKS_HNN,1,False,False,0.000652841510737,0.0005385156274870641,0,0
2,INT-20250810_0000200_AKS_HNN,2,False,False,0.0016232627779459,0.0014902373486260377,0,0
2,INT-20250810_0000200_AKS_HNN,3,False,False,0.0022159789623912,0.0030256520792707113,0,0
2,INT-20250810_0000200_AKS_HNN,4,False,False,0.0040674156118835,0.005380812210982249,0,1
2,INT-20250810_0000200_AKS_HNN,5,False,False,0.0088748787105511,0.010304534633826946,1,1
2,INT-20250810_0000200_BALB_HNE,0,False,False,0.0002025189377158,0.00020378933484192105,0,0
2,INT-20250810_0000200_BALB_HNE,1,False,False,0.0006206800466498,0.000725290150563812,0,0
2,INT-20250810_0000200_BALB_HNE,2,False,False,0.0017200526996186,0.003062622868913741,0,0
2,INT-20250810_0000200_BALB_HNE,3,False,False,0.0048842021148729,0.007684655600785808,0,1
2,INT-20250810_0000200_BALB_HNE,4,False,False,0.0087324438822087,0.012671868632625767,1,2
2,INT-20250810_0000200_BALB_HNE,5,False,False,0.0150330893461761,0.024503324197282655,2,2
2,INT-20250810_0000200_GORD_HNN,0,False,False,0.0001986513777684,0.00020888370682044553,0,0
2,INT-20250810_0000200_GORD_HNN,1,False,False,0.0005863877673589,0.000702295599280606,0,0
2,INT-20250810_0000200_GORD_HNN,2,False,False,0.0022258378489514,0.002271634736181055,0,0
2,INT-20250810_0000200_GORD_HNN,3,False,False,0.0079554488494363,0.00487854547501196,1,1
2,INT-20250810_0000200_GORD_HNN,4,False,False,0.0183622079637086,0.009159522126008257,2,1
2,INT-20250810_0000200_GORD_HNN,5,False,False,0.0295673089447709,0.018463677337581724,2,2
2,INT-20250810_0000200_SOMA_HNN,0,False,False,0.0002072930321048,0.0002039835323083078,0,0
2,INT-20250810_0000200_SOMA_HNN,1,False,False,0.0006587856939332,0.000592090998029875,0,0
2,INT-20250810_0000200_SOMA_HNN,2,False,False,0.0021710082913413,0.0017687738928192258,0,0
2,INT-20250810_0000200_SOMA_HNN,3,False,False,0.0034773737755134,0.004584121025232347,0,0
2,INT-20250810_0000200_SOMA_HNN,4,False,False,0.0069535019492467,0.0076614077485311315,1,1
2,INT-20250810_0000200_SOMA_HNN,5,False,False,0.0102243783687953,0.016886194633743277,1,2
2,TK-1999-0294_1612_HNE,0,False,False,0.0002038062460722,0.0001930426864498696,0,0
2,TK-1999-0294_1612_HNE,1,False,False,0.0006360332214006,0.0005977978463291767,0,0
2,TK-1999-0294_1612_HNE,2,False,False,0.0019181830121243,0.001736192186453656,0,0
2,TK-1999-0294_1612_HNE,3,False,False,0.004028553962396,0.004104238713905786,0,0
2,TK-1999-0294_1612_HNE,4,False,False,0.0078581131333118,0.008463501537547366,1,1
2,TK-1999-0294_1612_HNE,5,False,False,0.0266519942701911,0.02041664820329532,2,3
2,TK-2003-0179_1701_HNN,0,False,False,0.0002076139083289,0.00021539612519944364,0,0
2,TK-2003-0179_1701_HNN,1,False,False,0.0006637859456267,0.0007579184154309003,0,0
2,TK-2003-0179_1701_HNN,2,False,False,0.0024229602822412,0.0026383699821337825,0,0
2,TK-2003-0179_1701_HNN,3,False,False,0.0129664778952813,0.006018365371287441,2,1
2,TK-2003-0179_1701_HNN,4,False,False,0.0252824443980519,0.011356030869340172,2,1
2,TK-2003-0179_1701_HNN,5,False,False,0.0711476954152634,0.020277675125646797,4,2
2,TK-1999-0294_4101_HNE,0,False,False,0.000204853826468,0.00019285530521116642,0,0
2,TK-1999-0294_4101_HNE,1,False,False,0.0006113313777543,0.0005803156002841515,0,0
2,TK-1999-0294_4101_HNE,2,False,False,0.0012241169248297,0.0013286503361873744,0,0
2,TK-1999-0294_4101_HNE,3,False,False,0.0021780188921696,0.002497256103577167,0,0
2,TK-1999-0294_4101_HNE,4,False,False,0.0059378418266887,0.0048115454619008236,1,1
2,TK-1999-0294_4101_HNE,5,False,False,0.0124848920122826,0.016119371640596507,2,1
2,TK-1999-0294_4107_HNE,0,False,False,0.000208951742058,0.0002012903681804754,0,0
2,TK-1999-0294_4107_HNE,1,False,False,0.0006629575597051,0.0007409605465565344,0,0
2,TK-1999-0294_4107_HNE,2,False,False,0.0029122421941294,0.002472992554589911,0,0
2,TK-1999-0294_4107_HNE,3,False,False,0.0079951318725916,0.007291630929012976,1,1
2,TK-1999-0294_4107_HNE,4,False,False,0.0258766284037493,0.02020480260075128,2,3
2,TK-1999-0294_4107_HNE,5,False,False,0.1,0.031177876734692214,4,4
2,TK-1999-0294_5401_HNE,0,False,False,0.0002007971883991,0.00019739699543727985,0,0
2,TK-1999-0294_5401_HNE,1,False,False,0.0005943153979792,0.0006303462064759287,0,0
2,EMSC-20200122_0000127_GOMA_HNE,0,False,False,0.0001984497608164,0.00020377434399876525,0,0
2,EMSC-20200122_0000127_GOMA_HNE,1,False,False,0.000658163048535,0.0006015920939954596,0,0
2,EMSC-20200122_0000127_GOMA_HNE,2,False,False,0.0022205804582603,0.001906386578670924,0,0
2,EMSC-20200122_0000127_GOMA_HNE,3,False,False,0.0044500426248902,0.005090728746910212,0,0
2,TK-1999-0294_5401_HNE,2,False,False,0.0012743584507187,0.002400642349349454,0,0
2,TK-1999-0294_5401_HNE,3,False,False,0.0020841790394188,0.006565685169654665,0,1
2,TK-1999-0294_5401_HNE,4,False,False,0.0034360945151896,0.01654793934376702,0,1
2,TK-1999-0294_5401_HNE,5,False,False,0.0115425167465562,0.044513829589688754,1,4
2,EMSC-20200122_0000127_GOMA_HNE,4,False,False,0.0091802671735952,0.008235549233608499,1,1
2,EMSC-20200122_0000127_GOMA_HNE,5,False,False,0.0217820192518883,0.01763089471797949,2,2
2,EMSC-20200122_0000127_SOMA_HNN,0,False,False,0.000200245355452,0.00019830350001820549,0,0
2,EMSC-20200122_0000127_SOMA_HNN,1,False,False,0.0005989908515241,0.0006223203131985614,0,0
2,EMSC-20200122_0000127_SOMA_HNN,2,False,False,0.0012598355959215,0.0014606887869284579,0,0
2,EMSC-20200122_0000127_SOMA_HNN,3,False,False,0.002921132468992,0.002799519347188315,0,0
2,EMSC-20200122_0000127_SOMA_HNN,4,False,False,0.0048305121804054,0.004151805678772894,0,1
2,EMSC-20200122_0000127_SOMA_HNN,5,False,False,0.0090721941932879,0.009209443724897369,1,1
3,TK-1999-0077_YPT_HNN,4,False,False,0.1,0.04118408337671228,4,3
3,TK-1999-0077_YPT_HNN,5,False,False,0.1,0.07544088066591403,4,4
3,TK-1999-0077_1612_HNE,0,False,False,0.0009931586579841,0.0007631406700065222,0,0
3,TK-1999-0077_1612_HNE,1,False,False,0.0051460208134141,0.0018808657394668805,1,0
3,TK-1999-0077_YPT_HNN,0,False,False,0.0009108852137281,0.0009846888208585667,0,0
3,TK-1999-0077_YPT_HNN,1,False,False,0.0056012990808805,0.003303590626031649,1,0
3,TK-1999-0077_YPT_HNN,2,False,False,0.0122760635898268,0.007553559511566959,2,1
3,TK-1999-0077_YPT_HNN,3,False,False,0.0338156380146889,0.018604756692810132,3,2
3,TK-1999-0077_1612_HNE,2,False,False,0.0115232554342237,0.0032297354911961012,1,0
3,TK-1999-0077_1612_HNE,3,False,False,0.0182228253516028,0.006942604975559398,2,1
3,TK-1999-0077_1612_HNE,4,False,False,0.0282406280408457,0.01198421812337768,2,2
3,TK-1999-0077_1612_HNE,5,False,False,0.061221348784791,0.02621616054657845,4,2
3,TK-1999-0077_4101_HNE,0,False,False,0.0011237298471135,0.001174265450161762,0,0
3,TK-1999-0077_4101_HNE,1,False,False,0.0036385796897364,0.00474632277592353,0,1
3,TK-1999-0077_4101_HNE,2,False,False,0.0126359644818145,0.01008701074834957,2,2
3,TK-1999-0077_4101_HNE,3,False,False,0.0456337736682868,0.024569738198732614,3,3
3,TK-1999-0077_4101_HNE,4,False,False,0.1,0.07257051614652536,4,4
3,TK-1999-0077_4101_HNE,5,False,False,0.1,0.1133595884480257,4,4
3,TK-1999-0077_4106_HNN,0,False,False,0.0009377640716643,0.0012075698997437254,0,0
3,TK-1999-0077_4106_HNN,1,False,False,0.0020457918230141,0.006132559402963749,0,1
3,TK-1999-0077_4106_HNN,2,False,False,0.0048240114308308,0.018378795087798334,0,2
3,TK-1999-0077_4106_HNN,3,False,False,0.0171144533335295,0.036675939005546894,2,3
3,TK-1999-0077_4106_HNN,4,False,False,0.0624789751914371,0.07112681744164609,4,4
3,TK-1999-0077_4106_HNN,5,False,False,0.1,0.10857644230614263,4,4
3,TK-1999-0077_5401_HNE,0,False,False,0.0009360019658581,0.0010091862815530194,0,0
3,TK-1999-0077_5401_HNE,1,False,False,0.0036133411202571,0.004917888293620979,0,1
3,TK-1999-0077_5401_HNE,2,False,False,0.0126342246920639,0.013328532148435468,2,1
3,TK-1999-0077_5401_HNE,3,False,False,0.0210656647982321,0.032350927890840285,2,2
3,TK-1999-0077_5401_HNE,4,False,False,0.0580701862441869,0.058922261543378006,3,4
3,TK-1999-0077_5401_HNE,5,False,False,0.1,0.07509302901172783,4,4
3,TK-1999-0415_487_HNN,0,False,False,0.0010695375245962,0.0009687134414273536,0,0
3,TK-1999-0415_487_HNN,1,False,False,0.0056455849284865,0.0034960119034524286,1,0
3,TK-1999-0415_487_HNN,2,False,False,0.0102818599344704,0.007782924995607607,1,1
3,TK-1999-0415_487_HNN,3,False,False,0.0204728782717282,0.014142227566336691,2,2
3,TK-1999-0415_487_HNN,4,False,False,0.031663048659825,0.028955174638816063,3,2
3,TK-1999-0415_487_HNN,5,False,False,0.1,0.06712403741995922,4,4
3,TK-1999-0415_496_HNN,0,False,False,0.0016858936244157,0.001953189156978425,0,0
3,TK-1999-0415_496_HNN,1,False,False,0.0058053438534736,0.007619174845416492,1,1
3,TK-1999-0415_496_HNN,2,False,False,0.0147736455112472,0.01733399372099588,2,2
3,TK-1999-0415_496_HNN,3,False,False,0.0244031297218222,0.027482887300641384,2,2
3,TK-1999-0415_496_HNN,4,False,False,0.0634027077518771,0.0506118813748328,4,3
3,TK-1999-0415_496_HNN,5,False,False,0.1,0.09469294948553755,4,4
3,TK-1999-0415_498_HNN,0,False,False,0.001197751272378,0.0011075054083381855,0,0
3,TK-1999-0415_498_HNN,1,False,False,0.0051760036774076,0.003948979684533526,1,0
3,TK-1999-0415_498_HNN,2,False,False,0.0108384564584665,0.01149815544776589,1,1
3,TK-1999-0415_498_HNN,3,False,False,0.0175082008772013,0.022757863130196104,2,2
3,TK-1999-0415_498_HNN,4,False,False,0.0327188390380459,0.04507771535851105,3,3
3,TK-1999-0415_498_HNN,5,False,False,0.1,0.07461747069941903,4,4
3,TK-1999-0415_C0362_HNN,0,False,False,0.0009333197011959,0.0008821536651531697,0,0
3,TK-1999-0415_C0362_HNN,1,False,False,0.002755524281653,0.0018635566031271467,0,0
3,TK-1999-0415_C0362_HNN,2,False,False,0.0072252153711271,0.002765071838050823,1,0
3,TK-1999-0415_C0362_HNN,3,False,False,0.0118001102203371,0.005358464826342093,1,1
3,TK-1999-0415_C0362_HNN,4,False,False,0.0208539244708414,0.009220785788685121,2,1
3,TK-1999-0415_C0362_HNN,5,False,False,0.0581493357862533,0.015446650122336552,3,2
3,TK-1999-0415_C0375_HNN,0,False,False,0.0033713944215736,0.0017485149259256314,0,0
3,TK-1999-0415_C0375_HNN,1,False,False,0.0073366193954197,0.006578684760464726,1,1
3,TK-1999-0415_C0375_HNN,2,False,False,0.0140906407573355,0.015814199303550276,2,2
3,TK-1999-0415_C0375_HNN,3,False,False,0.0203590631097328,0.026497259861080143,2,2
3,TK-1999-0415_C0375_HNN,4,False,False,0.0585022542629364,0.06189630438700506,3,4
3,TK-1999-0415_C0375_HNN,5,False,False,0.1,0.10069646087078325,4,4
3,TK-1999-0415_C1058_HNE,0,False,False,0.001008797724957,0.0009501721056314443,0,0
3,TK-1999-0415_C1058_HNE,1,False,False,0.0066406548348848,0.00320376940109151,1,0
3,TK-1999-0415_C1058_HNE,2,False,False,0.0144024663277493,0.009920343680998894,2,2
3,TK-1999-0415_C1058_HNE,3,False,False,0.0262447912523257,0.025220477590853038,2,2
3,TK-1999-0415_C1058_HNE,4,False,False,0.0712802965090544,0.05753298425230726,4,4
3,TK-1999-0415_C1058_HNE,5,False,False,0.1,0.07579910251032454,4,4
3,TK-1999-0415_C1059_HNN,0,False,False,0.0009466337123138,0.0012118713440843062,0,0
3,TK-1999-0415_C1059_HNN,1,False,False,0.0038107786866442,0.004930038959981199,0,1
3,TK-1999-0415_C1059_HNN,2,False,False,0.0086070901720808,0.01055042057797173,1,1
3,TK-1999-0415_C1059_HNN,3,False,False,0.0163556203329014,0.020847907496951267,2,2
3,TK-1999-0415_C1059_HNN,4,False,False,0.0284336693147938,0.05308531440201879,2,3
3,TK-1999-0415_C1059_HNN,5,False,False,0.1,0.08783305614689987,4,4
3,TK-1999-0415_C1060_HNE,0,False,False,0.0009373640603434,0.0009707683790512659,0,0
3,TK-1999-0415_C1060_HNE,1,False,False,0.0038397223744031,0.0030326530592320817,0,0
3,TK-1999-0415_C1060_HNE,2,False,False,0.0111870178938377,0.006845382501268356,1,1
3,TK-1999-0415_C1060_HNE,3,False,False,0.0228735854008719,0.014136879328714772,2,2
3,TK-1999-0415_C1060_HNE,4,False,False,0.034824213846231,0.025649932550253742,3,2
3,TK-1999-0415_C1060_HNE,5,False,False,0.1,0.06801969612721784,4,3
3,TK-1999-0415_C1061_HNE,0,False,False,0.0009738630442111,0.0010730615366159788,0,0
3,TK-1999-0415_C1061_HNE,1,False,False,0.0050735638594875,0.003611435739420114,1,0
3,TK-1999-0415_C1061_HNE,2,False,False,0.0116896976413265,0.008424372974000479,1,1
3,TK-1999-0415_C1061_HNE,3,False,False,0.016402469001594,0.014105691877984931,2,2
3,TK-1999-0415_C1061_HNE,4,False,False,0.0320886528507371,0.022778205534894937,3,2
3,TK-1999-0415_C1061_HNE,5,False,False,0.1,0.04953228388628775,4,3
3,TK-1999-0415_C1062_HNE,0,False,False,0.0013052647160617,0.0010693731282729695,0,0
3,TK-1999-0415_C1062_HNE,1,False,False,0.0067641805963082,0.004354085391988807,1,1
3,TK-1999-0415_C1062_HNE,2,False,False,0.0114067997410357,0.010610776820364862,1,1
3,TK-1999-0415_C1062_HNE,3,False,False,0.0175051642546327,0.020737151280193225,2,2
3,TK-1999-0415_C1062_HNE,4,False,False,0.0347010361674262,0.04657590186086391,3,3
3,TK-1999-0415_C1062_HNE,5,False,False,0.1,0.08645822619131069,4,4
3,TK-1999-0415_D0531_HNN,0,False,False,0.0007228005253529,0.0009429827658853188,0,0
3,TK-1999-0415_D0531_HNN,1,False,False,0.0024935561588965,0.0032576248386773274,0,0
3,TK-1999-0415_1401_HNE,0,False,False,0.000897906695786,0.001105967635799088,0,0
3,TK-1999-0415_1401_HNE,1,False,False,0.0027841375193143,0.004120414262025768,0,0
3,TK-1999-0415_1401_HNE,2,False,False,0.0065324815279541,0.008540424427226051,1,1
3,TK-1999-0415_1401_HNE,3,False,False,0.0088198002345883,0.013107438507761098,1,2
3,TK-1999-0415_D0531_HNN,2,False,False,0.0080493980530802,0.007612167751170217,1,1
3,TK-1999-0415_D0531_HNN,3,False,False,0.0144300702688404,0.013733436881348744,2,2
3,TK-1999-0415_D0531_HNN,4,False,False,0.0237626163877158,0.025883613269296165,2,2
3,TK-1999-0415_D0531_HNN,5,False,False,0.0559316438731923,0.05980171097709269,3,4
3,TK-1999-0415_1401_HNE,4,False,False,0.0147427577316989,0.022041134411185513,2,3
3,TK-1999-0415_1401_HNE,5,False,False,0.0225574185239134,0.04087214461763683,2,3
3,TK-1999-0415_1406_HNN,0,False,False,0.0012311550646803,0.0012217081421286226,0,0
3,TK-1999-0415_1406_HNN,1,False,False,0.0034926958366922,0.004884290957859979,0,1
3,TK-1999-0415_1406_HNN,2,False,False,0.0115939866733667,0.01053623113831601,1,1
3,TK-1999-0415_1406_HNN,3,False,False,0.0242569529665758,0.017791860782366515,2,2
3,TK-1999-0415_1406_HNN,4,False,False,0.0677546823398506,0.03953050943530255,4,3
3,TK-1999-0415_1406_HNN,5,False,False,0.1,0.08078660070150252,4,4
3,TK-1999-0415_8101_HNE,0,False,False,0.0009384287412807,0.0011156023793072243,0,0
3,TK-1999-0415_8101_HNE,1,False,False,0.0027626374340997,0.004435079091628868,0,0
3,TK-1999-0415_8101_HNE,2,False,False,0.005386935274663,0.00888819222277183,1,2
3,TK-1999-0415_8101_HNE,3,False,False,0.0169337832161541,0.014234618208751717,2,2
3,TK-1999-0415_8101_HNE,4,False,False,0.0253817436441232,0.02455751412213198,2,3
3,TK-1999-0415_8101_HNE,5,False,False,0.0590154562728901,0.05150162829116519,3,4
3,INT-20250810_0000200_AKS_HNN,0,False,False,0.0012208034474168,0.0012539960412416972,0,0
3,INT-20250810_0000200_AKS_HNN,1,False,False,0.0034718210426498,0.0052695482569067925,0,1
3,INT-20250810_0000200_AKS_HNN,2,False,False,0.0101227554521787,0.012496201949416842,1,2
3,INT-20250810_0000200_AKS_HNN,3,False,False,0.0165096213118459,0.025789822879995514,2,2
3,INT-20250810_0000200_AKS_HNN,4,False,False,0.0377052465746589,0.03391544614113012,3,3
3,INT-20250810_0000200_AKS_HNN,5,False,False,0.0869922425515786,0.06789682337597869,4,4
3,INT-20250810_0000200_BALB_HNE,0,False,False,0.0009073858667771,0.001017383463738592,0,0
3,INT-20250810_0000200_BALB_HNE,1,False,False,0.0030388866753067,0.0029790853566064143,0,0
3,INT-20250810_0000200_BALB_HNE,2,False,False,0.005928934696333,0.00716393134009999,1,1
3,INT-20250810_0000200_BALB_HNE,3,False,False,0.0094592233959251,0.012139724923741225,1,1
3,INT-20250810_0000200_BALB_HNE,4,False,False,0.0153290989995847,0.01995183779400263,2,2
3,INT-20250810_0000200_BALB_HNE,5,False,False,0.0293735230254451,0.04484941301987979,2,3
3,INT-20250810_0000200_GORD_HNN,0,False,False,0.0012687821502911,0.0009241624319848746,0,0
3,INT-20250810_0000200_GORD_HNN,1,False,False,0.0044527086570397,0.002886060642556127,0,0
3,INT-20250810_0000200_GORD_HNN,2,False,False,0.008067682807482,0.006037151191219492,1,1
3,INT-20250810_0000200_GORD_HNN,3,False,False,0.0152614022447042,0.010946434077865108,2,1
3,INT-20250810_0000200_GORD_HNN,4,False,False,0.0217659216564397,0.017508874824147976,2,2
3,INT-20250810_0000200_GORD_HNN,5,False,False,0.0573707420620491,0.03730705209659665,3,3
3,INT-20250810_0000200_SOMA_HNN,0,False,False,0.00095658887541,0.0010259417501389699,0,0
3,INT-20250810_0000200_SOMA_HNN,1,False,False,0.003074160851276,0.003535434866111218,0,0
3,INT-20250810_0000200_SOMA_HNN,2,False,False,0.0106767329090758,0.007656274001340404,1,1
3,INT-20250810_0000200_SOMA_HNN,3,False,False,0.0133492454680762,0.013662123071671042,2,2
3,INT-20250810_0000200_SOMA_HNN,4,False,False,0.0183718820164198,0.0237635845447791,2,2
3,INT-20250810_0000200_SOMA_HNN,5,False,False,0.0275508890857082,0.05616206323968533,2,3
3,TK-1999-0294_1612_HNE,0,False,False,0.0010667650160538,0.0008502335731996929,0,0
3,TK-1999-0294_1612_HNE,1,False,False,0.0054995699289367,0.002528753039826304,1,0
3,TK-1999-0294_1612_HNE,2,False,False,0.0126766448545765,0.006529671580620184,2,1
3,TK-1999-0294_1612_HNE,3,False,False,0.0207754229454473,0.011020018569092842,2,2
3,TK-1999-0294_1612_HNE,4,False,False,0.0306423297449731,0.020446074396445565,3,2
3,TK-1999-0294_1612_HNE,5,False,False,0.055261043163506,0.03867657434953321,3,2
3,TK-2003-0179_1701_HNN,0,False,False,0.0009329519431853,0.000877749961507068,0,0
3,TK-2003-0179_1701_HNN,1,False,False,0.0021142160179825,0.002700304230615706,0,0
3,TK-2003-0179_1701_HNN,2,False,False,0.0037129217564133,0.0037228468261003432,0,0
3,TK-2003-0179_1701_HNN,3,False,False,0.0080050754245742,0.006433574994517992,1,1
3,TK-2003-0179_1701_HNN,4,False,False,0.0138857347302453,0.009302997899469465,2,2
3,TK-2003-0179_1701_HNN,5,False,False,0.0209201759139118,0.02218802105753694,2,2
3,TK-1999-0294_4101_HNE,0,False,False,0.0011807591616078,0.0011790714330666531,0,0
3,TK-1999-0294_4101_HNE,1,False,False,0.0045281009263395,0.00526315021912186,0,0
3,TK-1999-0294_4101_HNE,2,False,False,0.0102892000017732,0.015080161761481234,1,1
3,TK-1999-0294_4101_HNE,3,False,False,0.0210217103560031,0.023149628929304673,2,2
3,TK-1999-0294_4101_HNE,4,False,False,0.0301310504257441,0.03597809309799219,3,2
3,TK-1999-0294_4101_HNE,5,False,False,0.0705994629386723,0.07095856741790714,4,3
3,TK-1999-0294_4107_HNE,0,False,False,0.0009455278022984,0.0008867488548424328,0,0
3,TK-1999-0294_4107_HNE,1,False,False,0.0038179840021167,0.0029370283863654244,0,0
3,TK-1999-0294_4107_HNE,2,False,False,0.0091158767384322,0.007413633601196454,1,1
3,TK-1999-0294_4107_HNE,3,False,False,0.0195084956937753,0.014106826379985437,2,2
3,TK-1999-0294_4107_HNE,4,False,False,0.0308261879574415,0.02472226296191958,3,3
3,TK-1999-0294_4107_HNE,5,False,False,0.0456562174036205,0.04455190674364819,3,4
3,TK-1999-0294_5401_HNE,0,False,False,0.0008940866785137,0.0016172083818635917,0,0
3,TK-1999-0294_5401_HNE,1,False,False,0.0025205988013376,0.007372171575752428,0,0
3,TK-1999-0294_5401_HNE,2,False,False,0.006846342207589,0.017002773582585257,1,1
3,TK-1999-0294_5401_HNE,3,False,False,0.0152049792440553,0.02695620174705633,2,2
3,TK-1999-0294_5401_HNE,4,False,False,0.0238750516744915,0.04036273947095372,2,3
3,TK-1999-0294_5401_HNE,5,False,False,0.0508126071361085,0.07610962228003959,3,4
3,EMSC-20200122_0000127_GOMA_HNE,0,False,False,0.0008718118193624,0.0008290951486521186,0,0
3,EMSC-20200122_0000127_GOMA_HNE,1,False,False,0.002362816997683,0.0023640115668399813,0,0
3,EMSC-20200122_0000127_GOMA_HNE,2,False,False,0.0048972089479381,0.005128724096142871,0,1
3,EMSC-20200122_0000127_GOMA_HNE,3,False,False,0.0086580060452036,0.009261015098051493,1,2
3,EMSC-20200122_0000127_GOMA_HNE,4,False,False,0.0165723237812089,0.013986146419974093,2,2
3,EMSC-20200122_0000127_GOMA_HNE,5,False,False,0.0267134305202053,0.03512267132882922,2,3
3,EMSC-20200122_0000127_SOMA_HNN,0,False,False,0.0009929160135867,0.0010889538573314057,0,0
3,EMSC-20200122_0000127_SOMA_HNN,1,False,False,0.0035368413387923,0.003678517906360116,0,1
3,EMSC-20200122_0000127_SOMA_HNN,2,False,False,0.0108273897615807,0.009428336864649226,1,1
3,EMSC-20200122_0000127_SOMA_HNN,3,False,False,0.0156965063626369,0.015638047038911872,2,2
3,EMSC-20200122_0000127_SOMA_HNN,4,False,False,0.0263710337595965,0.030122897020350096,2,2
3,EMSC-20200122_0000127_SOMA_HNN,5,False,False,0.0604117622196125,0.06807657215813274,4,3
4,TK-1999-0077_YPT_HNN,0,False,False,0.0006013628440842,0.0005770178155990383,0,0
4,TK-1999-0077_YPT_HNN,1,False,False,0.003055393699155,0.001774663200757654,0,0
4,TK-1999-0077_YPT_HNN,2,False,False,0.0068138260328926,0.005264716484865246,1,0
4,TK-1999-0077_YPT_HNN,3,False,False,0.0161644131999009,0.012241710556807369,2,2
4,TK-1999-0077_YPT_HNN,4,False,False,0.0342508285608973,0.023173393607660298,3,3
4,TK-1999-0077_YPT_HNN,5,False,False,0.1,0.06513968205587987,4,4
4,TK-1999-0077_1612_HNE,0,False,False,0.0006391621857944,0.0005611765218880324,0,0
4,TK-1999-0077_1612_HNE,1,False,False,0.0035866210504583,0.0018770470991263896,0,0
4,TK-1999-0077_4101_HNE,0,False,False,0.0005537907884015,0.0006135169109304496,0,0
4,TK-1999-0077_4101_HNE,1,False,False,0.0014450030333136,0.0022058002381531933,0,0
4,TK-1999-0077_4101_HNE,2,False,False,0.004119646340757,0.005412173800774895,0,1
4,TK-1999-0077_4101_HNE,3,False,False,0.0091495939263867,0.011274110839208977,1,2
4,TK-1999-0077_1612_HNE,2,False,False,0.0150570161363679,0.005559315776374198,2,0
4,TK-1999-0077_1612_HNE,3,False,False,0.0284269360984452,0.011047112395308999,2,1
4,TK-1999-0077_1612_HNE,4,False,False,0.0542853218162443,0.018101045577895124,3,2
4,TK-1999-0077_1612_HNE,5,False,False,0.1,0.05843322495099963,4,3
4,TK-1999-0077_4101_HNE,4,False,False,0.0155612706940603,0.01769153602327638,2,3
4,TK-1999-0077_4101_HNE,5,False,False,0.0886076789321351,0.05993820904218274,4,3
4,TK-1999-0077_4106_HNN,0,False,False,0.0005945704838907,0.0006577092255189749,0,0
4,TK-1999-0077_4106_HNN,1,False,False,0.0014228387767274,0.0031896387790634495,0,0
4,TK-1999-0077_4106_HNN,2,False,False,0.0067148600165965,0.012985698316810916,1,2
4,TK-1999-0077_4106_HNN,3,False,False,0.0135672671275939,0.027584508178634264,2,3
4,TK-1999-0077_4106_HNN,4,False,False,0.0190249821242941,0.05905924871909093,2,3
4,TK-1999-0077_4106_HNN,5,False,False,0.0952974442384535,0.10261910055033786,4,4
4,TK-1999-0077_5401_HNE,4,False,False,0.0593638565950457,0.05187083779644362,3,4
4,TK-1999-0077_5401_HNE,5,False,False,0.1,0.07879759912627986,4,4
4,TK-1999-0415_487_HNN,0,False,False,0.0006116249231342,0.00058058486377656,0,0
4,TK-1999-0415_487_HNN,1,False,False,0.0012691839344434,0.0018607637157161006,0,0
4,TK-1999-0077_5401_HNE,0,False,False,0.0006641246277261,0.0007472997956711285,0,0
4,TK-1999-0077_5401_HNE,1,False,False,0.0035275393233193,0.004189671620751326,0,0
4,TK-1999-0077_5401_HNE,2,False,False,0.0090392777308937,0.011732963009989243,1,2
4,TK-1999-0077_5401_HNE,3,False,False,0.0287651932080039,0.02822308982553206,2,2
4,TK-1999-0415_496_HNN,0,False,False,0.0008420323197372,0.0007343589366747066,0,0
4,TK-1999-0415_496_HNN,1,False,False,0.0052642595694251,0.003595347175527709,1,0
4,TK-1999-0415_496_HNN,2,False,False,0.0112946135959277,0.009703213524641867,1,1
4,TK-1999-0415_496_HNN,3,False,False,0.0167342672291073,0.019640150984478008,2,2
4,TK-1999-0415_487_HNN,2,False,False,0.0029026879551206,0.003920628166772274,0,0
4,TK-1999-0415_487_HNN,3,False,False,0.0070110364280179,0.00686292083623014,1,1
4,TK-1999-0415_487_HNN,4,False,False,0.0112866699203114,0.010332044382894841,1,2
4,TK-1999-0415_487_HNN,5,False,False,0.0251084006532237,0.021643061054408972,2,2
4,TK-1999-0415_496_HNN,4,False,False,0.0221593887835835,0.028816483326198492,2,2
4,TK-1999-0415_496_HNN,5,False,False,0.0608068603272952,0.04747563218747294,4,3
4,TK-1999-0415_498_HNN,0,False,False,0.0005602705960172,0.0006590327886933829,0,0
4,TK-1999-0415_498_HNN,1,False,False,0.0022237605732424,0.0022419429720016955,0,0
4,TK-1999-0415_498_HNN,2,False,False,0.0048451755624713,0.005710188536739364,0,1
4,TK-1999-0415_498_HNN,3,False,False,0.0135072096521735,0.011753334712429364,2,1
4,TK-1999-0415_498_HNN,4,False,False,0.0213913174589481,0.021729368252397428,2,2
4,TK-1999-0415_498_HNN,5,False,False,0.0294835621164893,0.04268186822104172,2,2
4,TK-1999-0415_C0362_HNN,0,False,False,0.0006275097707205,0.000566536881382102,0,0
4,TK-1999-0415_C0362_HNN,1,False,False,0.0025773706456468,0.0014796901540605537,0,0
4,TK-1999-0415_C0362_HNN,2,False,False,0.0090062507697907,0.003458961076073557,1,0
4,TK-1999-0415_C0362_HNN,3,False,False,0.0150253232669448,0.0061964284251242886,2,1
4,TK-1999-0415_C0362_HNN,4,False,False,0.0314857792398828,0.010120927037263265,3,1
4,TK-1999-0415_C0362_HNN,5,False,False,0.0757612297886037,0.019540450078801678,4,2
4,TK-1999-0415_C0375_HNN,0,False,False,0.0005745114319194,0.0008262140228330113,0,0
4,TK-1999-0415_C0375_HNN,1,False,False,0.0037982860222197,0.003468419098116578,0,0
4,TK-1999-0415_C1058_HNE,0,False,False,0.0006266827024666,0.000632680798741186,0,0
4,TK-1999-0415_C1058_HNE,1,False,False,0.0027711637683019,0.0023395805509557285,0,0
4,TK-1999-0415_C1058_HNE,2,False,False,0.0109801781857429,0.008319808404679397,1,1
4,TK-1999-0415_C1058_HNE,3,False,False,0.0291757968826521,0.022057457466093104,2,2
4,TK-1999-0415_C0375_HNN,2,False,False,0.0091608662156818,0.00916244408418237,1,1
4,TK-1999-0415_C0375_HNN,3,False,False,0.0172020071806547,0.015675548114675433,2,2
4,TK-1999-0415_C0375_HNN,4,False,False,0.0235649776871588,0.024307339069993463,2,2
4,TK-1999-0415_C0375_HNN,5,False,False,0.0396246250329287,0.05114139144993119,3,3
4,TK-1999-0415_C1058_HNE,4,False,False,0.0708098369337365,0.038123340121465565,4,2
4,TK-1999-0415_C1058_HNE,5,False,False,0.1,0.050387697058221874,4,4
4,TK-1999-0415_C1059_HNN,0,False,False,0.0005541911892431,0.0006257969595596275,0,0
4,TK-1999-0415_C1059_HNN,1,False,False,0.002125341560222,0.0023368977345773765,0,0
4,TK-1999-0415_C1059_HNN,2,False,False,0.0065532797602837,0.00693706549137137,1,1
4,TK-1999-0415_C1059_HNN,3,False,False,0.0119228580925775,0.012896432212409074,1,2
4,TK-1999-0415_C1059_HNN,4,False,False,0.0183901100760999,0.026034766623726547,2,2
4,TK-1999-0415_C1059_HNN,5,False,False,0.0441575421566922,0.05539233694407265,3,4
4,TK-1999-0415_C1060_HNE,0,False,False,0.000790294260206,0.0006062495432445842,0,0
4,TK-1999-0415_C1060_HNE,1,False,False,0.0028918599698229,0.0021861703987141735,0,0
4,TK-1999-0415_C1060_HNE,2,False,False,0.0053062023243689,0.005161993228443718,1,1
4,TK-1999-0415_C1060_HNE,3,False,False,0.011759421157287,0.010222615250787881,1,1
4,TK-1999-0415_C1060_HNE,4,False,False,0.0261931951111634,0.015112238509851262,2,2
4,TK-1999-0415_C1060_HNE,5,False,False,0.0609274438393074,0.031898769300625324,4,2
4,TK-1999-0415_C1061_HNE,0,False,False,0.0007318004147298,0.0006839608934931257,0,0
4,TK-1999-0415_C1061_HNE,1,False,False,0.002606398967975,0.0026631301371663426,0,0
4,TK-1999-0415_C1061_HNE,2,False,False,0.0090580985722144,0.0070690404376877935,1,1
4,TK-1999-0415_C1061_HNE,3,False,False,0.0155379894588738,0.012208657079713232,2,2
4,TK-1999-0415_C1061_HNE,4,False,False,0.0268793564474645,0.017342741131106766,2,2
4,TK-1999-0415_C1061_HNE,5,False,False,0.0619608467097194,0.03459969537478167,4,3
4,TK-1999-0415_C1062_HNE,0,False,False,0.0005965908221746,0.0006032320919469435,0,0
4,TK-1999-0415_C1062_HNE,1,False,False,0.0019869791310876,0.0019445594287462954,0,0
4,TK-1999-0415_C1062_HNE,2,False,False,0.0042622158488654,0.004561582700150725,0,1
4,TK-1999-0415_C1062_HNE,3,False,False,0.0069269700450679,0.009496401974815084,1,1
4,TK-1999-0415_C1062_HNE,4,False,False,0.0134111946592669,0.013707349084975517,2,2
4,TK-1999-0415_C1062_HNE,5,False,False,0.0232254196698927,0.031703308974982906,2,2
4,TK-1999-0415_D0531_HNN,0,False,False,0.000565310254614,0.0005544055655468823,0,0
4,TK-1999-0415_D0531_HNN,1,False,False,0.0015870212519479,0.0016697968635929635,0,0
4,TK-1999-0415_D0531_HNN,2,False,False,0.0043670392538519,0.0035366481240729276,0,0
4,TK-1999-0415_D0531_HNN,3,False,False,0.0070101689371468,0.0068971138154590925,1,1
4,TK-1999-0415_D0531_HNN,4,False,False,0.01228502853977,0.011784738163790961,2,2
4,TK-1999-0415_D0531_HNN,5,False,False,0.0194612010657911,0.023975880782772737,2,2
4,TK-1999-0415_1401_HNE,0,False,False,0.0006332598242847,0.0006126515885271707,0,0
4,TK-1999-0415_1401_HNE,1,False,False,0.0024049241641155,0.002419780371128508,0,0
4,TK-1999-0415_1401_HNE,2,False,False,0.0073136281015602,0.007452754875308142,1,0
4,TK-1999-0415_1401_HNE,3,False,False,0.0169699131616134,0.013672075736352917,2,2
4,TK-1999-0415_1401_HNE,4,False,False,0.023909757142289,0.021292554052721957,2,2
4,TK-1999-0415_1401_HNE,5,False,False,0.031551788103683,0.03720102040195329,3,3
4,TK-1999-0415_1406_HNN,0,False,False,0.0006222651801117,0.0006410260898431099,0,0
4,TK-1999-0415_1406_HNN,1,False,False,0.002228690692842,0.0020978214526554554,0,0
4,TK-1999-0415_1406_HNN,2,False,False,0.0047133862348305,0.0059875689604116855,0,1
4,TK-1999-0415_1406_HNN,3,False,False,0.0097644691466289,0.010860413291362288,1,1
4,TK-1999-0415_1406_HNN,4,False,False,0.0122706636417988,0.01777710354255277,2,2
4,TK-1999-0415_1406_HNN,5,False,False,0.0270179059030881,0.03642915108375832,2,2
4,TK-1999-0415_8101_HNE,0,False,False,0.0006660635202322,0.000577017182057983,0,0
4,TK-1999-0415_8101_HNE,1,False,False,0.0030928529210661,0.002323222336470109,0,0
4,TK-1999-0415_8101_HNE,2,False,False,0.0083518978472896,0.006948694362150769,1,0
4,TK-1999-0415_8101_HNE,3,False,False,0.0127477836448881,0.013198672344556621,2,1
4,TK-1999-0415_8101_HNE,4,False,False,0.0231211305173539,0.024103934911956726,2,2
4,TK-1999-0415_8101_HNE,5,False,False,0.0488534945532575,0.051568042685879105,3,4
4,INT-20250810_0000200_AKS_HNN,0,False,False,0.0005826496015813,0.000627198834898432,0,0
4,INT-20250810_0000200_AKS_HNN,1,False,False,0.00139025786152,0.0020630573416207526,0,0
4,INT-20250810_0000200_AKS_HNN,2,False,False,0.0035730145255197,0.005802044261250347,0,1
4,INT-20250810_0000200_AKS_HNN,3,False,False,0.0098107256887682,0.011248639941565323,1,1
4,INT-20250810_0000200_AKS_HNN,4,False,False,0.0115447955277784,0.019023390998725135,1,2
4,INT-20250810_0000200_AKS_HNN,5,False,False,0.0179943144377137,0.039118134851612536,2,3
4,INT-20250810_0000200_BALB_HNE,0,False,False,0.0006059870515519,0.0006481664025675944,0,0
4,INT-20250810_0000200_BALB_HNE,1,False,False,0.0024409921291117,0.002340758624604203,0,0
4,INT-20250810_0000200_BALB_HNE,2,False,False,0.0072566449333894,0.006350278723336272,1,1
4,INT-20250810_0000200_BALB_HNE,3,False,False,0.0123258786802127,0.012652144673046737,2,1
4,INT-20250810_0000200_BALB_HNE,4,False,False,0.0160593869237382,0.01903282376598875,2,2
4,INT-20250810_0000200_BALB_HNE,5,False,False,0.0327958698861667,0.03589341080214682,3,2
4,INT-20250810_0000200_GORD_HNN,0,False,False,0.0005631000063823,0.0005965592728145825,0,0
4,INT-20250810_0000200_GORD_HNN,1,False,False,0.0012479363550257,0.001913642591465025,0,0
4,INT-20250810_0000200_GORD_HNN,2,False,False,0.0026220410354161,0.003609295163224649,0,0
4,INT-20250810_0000200_GORD_HNN,3,False,False,0.0082338531208236,0.004924693839000498,1,1
4,INT-20250810_0000200_GORD_HNN,4,False,False,0.0136135239195609,0.009337699157583729,2,2
4,INT-20250810_0000200_GORD_HNN,5,False,False,0.0203688800674494,0.016573727522605976,2,2
4,INT-20250810_0000200_SOMA_HNN,0,False,False,0.0006181109945032,0.0006308280878197517,0,0
4,INT-20250810_0000200_SOMA_HNN,1,False,False,0.0017415963350767,0.002058168153756581,0,0
4,INT-20250810_0000200_SOMA_HNN,2,False,False,0.0053075279447812,0.005691985766261034,1,1
4,INT-20250810_0000200_SOMA_HNN,3,False,False,0.0094200447029398,0.010680803160351934,1,1
4,INT-20250810_0000200_SOMA_HNN,4,False,False,0.0163171076971519,0.016810285501827147,2,2
4,INT-20250810_0000200_SOMA_HNN,5,False,False,0.025667050069615,0.03140884412660281,2,3
4,TK-1999-0294_1612_HNE,0,False,False,0.0006062156665553,0.0005655282195410044,0,0
4,TK-1999-0294_1612_HNE,1,False,False,0.0016270873670347,0.0018964013670051212,0,0
4,TK-1999-0294_1612_HNE,2,False,False,0.0035344522784153,0.005240356445432358,0,1
4,TK-1999-0294_1612_HNE,3,False,False,0.0121088436479644,0.009386509822329886,2,1
4,TK-1999-0294_1612_HNE,4,False,False,0.0180393621829914,0.013696445867001415,2,2
4,TK-1999-0294_1612_HNE,5,False,False,0.0396859354982833,0.02778626238853839,3,2
4,TK-2003-0179_1701_HNN,0,False,False,0.0006103461962181,0.0005727141432082323,0,0
4,TK-2003-0179_1701_HNN,1,False,False,0.0024477957052424,0.0017969398058022815,0,0
4,TK-2003-0179_1701_HNN,2,False,False,0.0073860289892585,0.0033735276814610706,1,0
4,TK-2003-0179_1701_HNN,3,False,False,0.0106194154514446,0.005646335522357554,1,1
4,TK-2003-0179_1701_HNN,4,False,False,0.0157562980183812,0.008142178402583918,2,2
4,TK-2003-0179_1701_HNN,5,False,False,0.0254713713428781,0.015783340089699897,2,2
4,TK-1999-0294_4101_HNE,0,False,False,0.0006445053206892,0.0006117350949140766,0,0
4,TK-1999-0294_4101_HNE,1,False,False,0.0018778470074872,0.002401613839932728,0,0
4,TK-1999-0294_4101_HNE,2,False,False,0.0046075600135891,0.006793531962275405,0,1
4,TK-1999-0294_4101_HNE,3,False,False,0.0084954884989649,0.015160991388068838,1,2
4,TK-1999-0294_4101_HNE,4,False,False,0.0141546860267661,0.026184976983999884,2,2
4,TK-1999-0294_4101_HNE,5,False,False,0.0253077029764586,0.0422638380099244,2,3
4,TK-1999-0294_4107_HNE,0,False,False,0.0005951606267121,0.000557477092058542,0,0
4,TK-1999-0294_4107_HNE,1,False,False,0.0020120744667845,0.0020226260395353325,0,0
4,TK-1999-0294_4107_HNE,2,False,False,0.0060416088306211,0.00564246220148943,1,1
4,TK-1999-0294_4107_HNE,3,False,False,0.0149287960182119,0.009915067851271983,2,2
4,TK-1999-0294_4107_HNE,4,False,False,0.0292360643282584,0.01572603192651819,2,2
4,TK-1999-0294_4107_HNE,5,False,False,0.0602704541256767,0.030290499404531976,4,3
4,TK-1999-0294_5401_HNE,0,False,False,0.0006024306250726,0.0008667243399449417,0,0
4,TK-1999-0294_5401_HNE,1,False,False,0.0016847643856322,0.005219363110799157,0,0
4,TK-1999-0294_5401_HNE,2,False,False,0.0053715638097126,0.011668948984196978,1,1
4,TK-1999-0294_5401_HNE,3,False,False,0.0108504294538106,0.022280959459701648,1,2
4,TK-1999-0294_5401_HNE,4,False,False,0.0144927739260826,0.03280211176067061,2,2
4,TK-1999-0294_5401_HNE,5,False,False,0.0312163472994143,0.05973871080137699,3,4
4,EMSC-20200122_0000127_GOMA_HNE,0,False,False,0.0005698906251797,0.0005648422019336878,0,0
4,EMSC-20200122_0000127_GOMA_HNE,1,False,False,0.0018168087211914,0.0013614471219968493,0,0
4,EMSC-20200122_0000127_GOMA_HNE,2,False,False,0.0043660754096053,0.0029486652592500343,0,0
4,EMSC-20200122_0000127_GOMA_HNE,3,False,False,0.007326097924761,0.006046803423630784,1,1
4,EMSC-20200122_0000127_GOMA_HNE,4,False,False,0.0124943069939563,0.009594309019707242,2,2
4,EMSC-20200122_0000127_GOMA_HNE,5,False,False,0.0151987192149626,0.017051418039193807,2,2
4,EMSC-20200122_0000127_SOMA_HNN,0,False,False,0.0006779539079314,0.0005811033484026476,0,0
4,EMSC-20200122_0000127_SOMA_HNN,1,False,False,0.0016178266923371,0.0017117587043116232,0,0
4,EMSC-20200122_0000127_SOMA_HNN,2,False,False,0.0043680085195813,0.004126963488633676,0,0
4,EMSC-20200122_0000127_SOMA_HNN,3,False,False,0.0071375077676328,0.009222719682474298,1,1
4,EMSC-20200122_0000127_SOMA_HNN,4,False,False,0.0158144137284139,0.01334042039333684,2,2
4,EMSC-20200122_0000127_SOMA_HNN,5,False,False,0.0263636391800123,0.022710156453787673,2,2
5,TK-1999-0077_YPT_HNN,4,False,False,0.0420733158492334,0.023566955722901697,3,3
5,TK-1999-0077_YPT_HNN,5,False,False,0.1,0.06230841780389421,4,4
5,TK-1999-0077_1612_HNE,0,False,False,0.0007558539154806,0.0006597517058068272,0,0
5,TK-1999-0077_1612_HNE,1,False,False,0.0039131823119263,0.0020191912248540486,0,0
5,TK-1999-0077_YPT_HNN,0,False,False,0.0007830707847471,0.0006556072007208239,0,0
5,TK-1999-0077_YPT_HNN,1,False,False,0.0022855263288014,0.0022831895365687024,0,0
5,TK-1999-0077_YPT_HNN,2,False,False,0.0076869884336142,0.005784815658374369,1,0
5,TK-1999-0077_YPT_HNN,3,False,False,0.0162961058564874,0.011686071984334828,2,2
5,TK-1999-0077_4101_HNE,0,False,False,0.0006824974200367,0.0008003092690170242,0,0
5,TK-1999-0077_4101_HNE,1,False,False,0.0032082856899159,0.00344433071914038,0,0
5,TK-1999-0077_4101_HNE,2,False,False,0.0079051481288063,0.008321562471407503,1,2
5,TK-1999-0077_4101_HNE,3,False,False,0.0223948877705223,0.018486360809464423,2,3
5,TK-1999-0077_1612_HNE,2,False,False,0.0128030541084565,0.004560308233595228,2,0
5,TK-1999-0077_1612_HNE,3,False,False,0.0205674632518216,0.008238827715491547,2,1
5,TK-1999-0077_1612_HNE,4,False,False,0.0324984227228495,0.014268734185834861,3,2
5,TK-1999-0077_1612_HNE,5,False,False,0.06775412462156,0.042181771243121724,4,4
5,TK-1999-0077_4101_HNE,4,False,False,0.0803958698992059,0.05168195946955371,4,3
5,TK-1999-0077_4101_HNE,5,False,False,0.1,0.09739645565757091,4,4
5,TK-1999-0077_4106_HNN,0,False,False,0.0008539367002974,0.0009391525028130155,0,0
5,TK-1999-0077_4106_HNN,1,False,False,0.0042575932402975,0.006827345494135815,0,1
5,TK-1999-0077_4106_HNN,2,False,False,0.0071581130285022,0.021955463080035285,1,2
5,TK-1999-0077_4106_HNN,3,False,False,0.0188381066681089,0.04631680383946352,2,3
5,TK-1999-0077_4106_HNN,4,False,False,0.0900487977097317,0.08182098153737814,4,3
5,TK-1999-0077_4106_HNN,5,False,False,0.1,0.12913447508291495,4,4
5,TK-1999-0077_5401_HNE,0,False,False,0.0007424151109383,0.0007396949411789629,0,0
5,TK-1999-0077_5401_HNE,1,False,False,0.0030349811146721,0.004241054282683419,0,0
5,TK-1999-0077_5401_HNE,2,False,False,0.0102131505081049,0.01109958654493672,1,1
5,TK-1999-0077_5401_HNE,3,False,False,0.0265869698127425,0.02828929525961791,2,2
5,TK-1999-0077_5401_HNE,4,False,False,0.047888953873698,0.05266482704961061,3,4
5,TK-1999-0077_5401_HNE,5,False,False,0.1,0.07093677557206442,4,4
5,TK-1999-0415_487_HNN,0,False,False,0.0007137799058539,0.0007260885205437707,0,0
5,TK-1999-0415_487_HNN,1,False,False,0.0030437963234992,0.002570863405234451,0,0
5,TK-1999-0415_487_HNN,2,False,False,0.0089688368916022,0.006404094885250065,1,1
5,TK-1999-0415_487_HNN,3,False,False,0.0175008857994157,0.011395602812476441,2,2
5,TK-1999-0415_487_HNN,4,False,False,0.0285992858994582,0.020934382134312934,2,2
5,TK-1999-0415_487_HNN,5,False,False,0.0702792529295764,0.04853228569624183,4,3
5,TK-1999-0415_496_HNN,0,False,False,0.0014351196385641,0.0009410687853981513,0,0
5,TK-1999-0415_496_HNN,1,False,False,0.0042213688126755,0.0044017174356008664,0,0
5,TK-1999-0415_496_HNN,2,False,False,0.0087653184122051,0.011857915346676469,1,1
5,TK-1999-0415_496_HNN,3,False,False,0.0157652060322689,0.02064723466007515,2,2
5,TK-1999-0415_496_HNN,4,False,False,0.0229885622042117,0.03014155635251397,2,2
5,TK-1999-0415_496_HNN,5,False,False,0.0545817110762622,0.060802372610842925,3,3
5,TK-1999-0415_498_HNN,0,False,False,0.0008632389496688,0.0008020166561909208,0,0
5,TK-1999-0415_498_HNN,1,False,False,0.0027991189439407,0.0032259947354920347,0,0
5,TK-1999-0415_498_HNN,2,False,False,0.0090942992477797,0.007493518163199793,1,1
5,TK-1999-0415_498_HNN,3,False,False,0.0141840899598957,0.01619205863195813,2,2
5,TK-1999-0415_498_HNN,4,False,False,0.0215413911466416,0.029101578093589466,2,2
5,TK-1999-0415_498_HNN,5,False,False,0.051751147927681,0.04828972132454412,3,3
5,TK-1999-0415_C0362_HNN,0,False,False,0.0006535411363155,0.0006821089086007604,0,0
5,TK-1999-0415_C0362_HNN,1,False,False,0.0029425882670553,0.0017525107409871522,0,0
5,TK-1999-0415_C0362_HNN,2,False,False,0.0086900357111675,0.003608247140268943,1,0
5,TK-1999-0415_C0362_HNN,3,False,False,0.0141606253033097,0.006411640533698727,2,1
5,TK-1999-0415_C0362_HNN,4,False,False,0.0261513499772116,0.010468419777343986,2,1
5,TK-1999-0415_C0362_HNN,5,False,False,0.0622369419239064,0.018732639777335438,4,2
5,TK-1999-0415_C0375_HNN,0,False,False,0.0013690666266327,0.0012208928525765915,0,0
5,TK-1999-0415_C0375_HNN,1,False,False,0.0044173757509665,0.004599364110730837,0,0
5,TK-1999-0415_C1058_HNE,0,False,False,0.0007270343146218,0.0006591265003135113,0,0
5,TK-1999-0415_C1058_HNE,1,False,False,0.003605654132865,0.0024716027412208692,0,0
5,TK-1999-0415_C1058_HNE,2,False,False,0.0171719358635901,0.010083002353188137,2,1
5,TK-1999-0415_C1058_HNE,3,False,False,0.0272251813811625,0.021712531075753643,2,2
5,TK-1999-0415_C0375_HNN,2,False,False,0.0127561963272638,0.01125701363235394,2,1
5,TK-1999-0415_C0375_HNN,3,False,False,0.0188959271156118,0.01823342734851445,2,2
5,TK-1999-0415_C0375_HNN,4,False,False,0.0241229921361025,0.03235967586461605,2,2
5,TK-1999-0415_C0375_HNN,5,False,False,0.0591731846434534,0.07070453173734798,3,4
5,TK-1999-0415_C1058_HNE,4,False,False,0.081735319035016,0.038551144707205845,4,2
5,TK-1999-0415_C1058_HNE,5,False,False,0.1,0.055994742165009305,4,4
5,TK-1999-0415_C1059_HNN,0,False,False,0.001004456619209,0.0008778882680460085,0,0
5,TK-1999-0415_C1059_HNN,1,False,False,0.0039827650087594,0.0041380754112804495,0,0
5,TK-1999-0415_C1059_HNN,2,False,False,0.0100666183888012,0.010535719251676746,1,1
5,TK-1999-0415_C1059_HNN,3,False,False,0.0187229291177472,0.020593803189161326,2,2
5,TK-1999-0415_C1059_HNN,4,False,False,0.0336936116295653,0.04280288717878341,3,3
5,TK-1999-0415_C1059_HNN,5,False,False,0.1,0.07248634388518173,4,4
5,TK-1999-0415_C1060_HNE,0,False,False,0.0007509461783298,0.0006802145119515504,0,0
5,TK-1999-0415_C1060_HNE,1,False,False,0.0021119263782911,0.0026438332391657943,0,0
5,TK-1999-0415_C1060_HNE,2,False,False,0.0054616803860015,0.005906080500957373,1,1
5,TK-1999-0415_C1060_HNE,3,False,False,0.0165577997285549,0.010123080284900578,2,1
5,TK-1999-0415_C1060_HNE,4,False,False,0.0250385452612602,0.01782759631995814,2,2
5,TK-1999-0415_C1060_HNE,5,False,False,0.0628746885948933,0.03831364928132564,4,3
5,TK-1999-0415_C1061_HNE,0,False,False,0.0009079828229315,0.0008979483605139218,0,0
5,TK-1999-0415_C1061_HNE,1,False,False,0.00549610339694,0.00400429173797737,1,0
5,TK-1999-0415_C1061_HNE,2,False,False,0.0115910919534486,0.009161689616747286,1,1
5,TK-1999-0415_C1061_HNE,3,False,False,0.0204981535909225,0.015265148671197087,2,2
5,TK-1999-0415_C1061_HNE,4,False,False,0.0377796731872033,0.02253683243582501,3,2
5,TK-1999-0415_C1061_HNE,5,False,False,0.1,0.045820578887277114,4,3
5,TK-1999-0415_C1062_HNE,0,False,False,0.0006916087168664,0.0006602499048936018,0,0
5,TK-1999-0415_C1062_HNE,1,False,False,0.0016663676794047,0.0022023372543486406,0,0
5,TK-1999-0415_C1062_HNE,2,False,False,0.004436774118861,0.0050408848935699045,0,1
5,TK-1999-0415_C1062_HNE,3,False,False,0.0095016422017033,0.0094277364724566,1,1
5,TK-1999-0415_C1062_HNE,4,False,False,0.0153565688846612,0.013520667557681623,2,2
5,TK-1999-0415_C1062_HNE,5,False,False,0.0255999628174418,0.0319511198280131,2,3
5,TK-1999-0415_D0531_HNN,0,False,False,0.0006589078708766,0.0006456339405978924,0,0
5,TK-1999-0415_D0531_HNN,1,False,False,0.0023346653651089,0.0021576845472352267,0,0
5,TK-1999-0415_1401_HNE,0,False,False,0.0006871759566358,0.0007209947307253431,0,0
5,TK-1999-0415_1401_HNE,1,False,False,0.0024868467034096,0.0032974192687600786,0,0
5,TK-1999-0415_1401_HNE,2,False,False,0.0068649980572368,0.007693456657653949,1,1
5,TK-1999-0415_1401_HNE,3,False,False,0.0139555945094268,0.012904930857023392,2,2
5,TK-1999-0415_D0531_HNN,2,False,False,0.0052718607855451,0.006039587670918688,1,1
5,TK-1999-0415_D0531_HNN,3,False,False,0.0118564817180614,0.010190170550471537,1,2
5,TK-1999-0415_D0531_HNN,4,False,False,0.0179382879985274,0.017829911090325175,2,2
5,TK-1999-0415_D0531_HNN,5,False,False,0.0362994916343908,0.03916652654243183,3,3
5,TK-1999-0415_1401_HNE,4,False,False,0.0164176618110227,0.02215832598453294,2,2
5,TK-1999-0415_1401_HNE,5,False,False,0.0247217316352201,0.04069200699212689,2,3
5,TK-1999-0415_1406_HNN,0,False,False,0.0006580827574062,0.0006989996177454146,0,0
5,TK-1999-0415_1406_HNN,1,False,False,0.0016674842015733,0.00244994100326384,0,0
5,TK-1999-0415_1406_HNN,2,False,False,0.004726039984902,0.006355684586611048,0,1
5,TK-1999-0415_1406_HNN,3,False,False,0.0088378770642128,0.010813773532639607,1,1
5,TK-1999-0415_1406_HNN,4,False,False,0.0120276216853244,0.01856689252443452,2,2
5,TK-1999-0415_1406_HNN,5,False,False,0.0328407208839386,0.0377275088533732,3,3
5,TK-1999-0415_8101_HNE,0,False,False,0.0006818457637319,0.0006779460208858789,0,0
5,TK-1999-0415_8101_HNE,1,False,False,0.0025443393480815,0.0025853109119351168,0,0
5,TK-1999-0415_8101_HNE,2,False,False,0.0052101000430662,0.006791070933640509,1,1
5,TK-1999-0415_8101_HNE,3,False,False,0.0098106121064539,0.011083663629667584,1,2
5,TK-1999-0415_8101_HNE,4,False,False,0.0195740173287909,0.018562535598615933,2,2
5,TK-1999-0415_8101_HNE,5,False,False,0.0350208605478684,0.04629489098884262,3,3
5,INT-20250810_0000200_AKS_HNN,0,False,False,0.0006410692892736,0.0007540405060359617,0,0
5,INT-20250810_0000200_AKS_HNN,1,False,False,0.0022023189270949,0.0033871636331581686,0,0
5,INT-20250810_0000200_AKS_HNN,2,False,False,0.0054939814824181,0.00946800062429036,1,1
5,INT-20250810_0000200_AKS_HNN,3,False,False,0.0104589277815383,0.01651025450570217,1,2
5,INT-20250810_0000200_AKS_HNN,4,False,False,0.014348071555973,0.025274761884135067,2,3
5,INT-20250810_0000200_AKS_HNN,5,False,False,0.0480876144499324,0.04731443236836696,3,3
5,INT-20250810_0000200_BALB_HNE,0,False,False,0.0006446719291691,0.0007243232447064992,0,0
5,INT-20250810_0000200_BALB_HNE,1,False,False,0.0028028154776377,0.002419419070919268,0,0
5,INT-20250810_0000200_BALB_HNE,2,False,False,0.0062414358231092,0.006502570645788947,1,1
5,INT-20250810_0000200_BALB_HNE,3,False,False,0.0099553703208926,0.011436332829941328,1,1
5,INT-20250810_0000200_BALB_HNE,4,False,False,0.0158900222514905,0.01771644612497412,2,2
5,INT-20250810_0000200_BALB_HNE,5,False,False,0.0292127263469446,0.03411243578736862,2,3
5,INT-20250810_0000200_GORD_HNN,0,False,False,0.0006363019215082,0.0006834688160325904,0,0
5,INT-20250810_0000200_GORD_HNN,1,False,False,0.0025630638684797,0.002195966398361117,0,0
5,INT-20250810_0000200_GORD_HNN,2,False,False,0.0068787431827679,0.00436942701999365,1,0
5,INT-20250810_0000200_GORD_HNN,3,False,False,0.0116446936191885,0.00893908345051409,1,1
5,INT-20250810_0000200_GORD_HNN,4,False,False,0.0179160258210097,0.011368396944971769,2,2
5,INT-20250810_0000200_GORD_HNN,5,False,False,0.0292378074116412,0.02469377817435377,2,2
5,INT-20250810_0000200_SOMA_HNN,0,False,False,0.0006373826634618,0.0007599524490571456,0,0
5,INT-20250810_0000200_SOMA_HNN,1,False,False,0.0028344666917695,0.003171925546301704,0,0
5,INT-20250810_0000200_SOMA_HNN,2,False,False,0.0065588839544872,0.007140161398078189,1,1
5,INT-20250810_0000200_SOMA_HNN,3,False,False,0.0146660069869645,0.011724251368350948,2,2
5,INT-20250810_0000200_SOMA_HNN,4,False,False,0.0219454842461874,0.019037170889033436,2,2
5,INT-20250810_0000200_SOMA_HNN,5,False,False,0.0298950285109124,0.04028876538505082,2,3
5,TK-1999-0294_1612_HNE,0,False,False,0.0006874168636964,0.0006825846430831301,0,0
5,TK-1999-0294_1612_HNE,1,False,False,0.0050609932808708,0.0026307565585109867,1,0
5,TK-1999-0294_1612_HNE,2,False,False,0.0116322741232334,0.006771481685555919,1,1
5,TK-1999-0294_1612_HNE,3,False,False,0.0248519197000747,0.012292997222838805,2,2
5,TK-1999-0294_1612_HNE,4,False,False,0.0383096624104859,0.019318920139862278,3,2
5,TK-1999-0294_1612_HNE,5,False,False,0.063657877900926,0.03375811039016726,4,2
5,TK-2003-0179_1701_HNN,0,False,False,0.0007121040671909,0.0006518318112468899,0,0
5,TK-2003-0179_1701_HNN,1,False,False,0.0027553466342391,0.0019986364552409697,0,0
5,TK-2003-0179_1701_HNN,2,False,False,0.0054891779860299,0.003509266268695204,1,0
5,TK-2003-0179_1701_HNN,3,False,False,0.0078361327885957,0.005958735577469888,1,1
5,TK-2003-0179_1701_HNN,4,False,False,0.0137080106165998,0.008203263896405443,2,1
5,TK-2003-0179_1701_HNN,5,False,False,0.0223802040024517,0.017124180446283565,2,2
5,TK-1999-0294_4101_HNE,0,False,False,0.0006955040884477,0.0007099585692554697,0,0
5,TK-1999-0294_4101_HNE,1,False,False,0.0022046862289101,0.0031888228964972753,0,0
5,TK-1999-0294_4101_HNE,2,False,False,0.0052363117565706,0.008806870212201267,1,1
5,TK-1999-0294_4101_HNE,3,False,False,0.0110242744426378,0.018785088596691462,1,2
5,TK-1999-0294_4101_HNE,4,False,False,0.0170829276059354,0.028931102536756504,2,3
5,TK-1999-0294_4101_HNE,5,False,False,0.0316452544282026,0.05059714365097661,3,3
5,TK-1999-0294_4107_HNE,0,False,False,0.0006883726200383,0.0006446889881580571,0,0
5,TK-1999-0294_4107_HNE,1,False,False,0.0025314728471968,0.0022373359802164918,0,0
5,TK-1999-0294_4107_HNE,2,False,False,0.008131277880745,0.006349027311596742,1,1
5,TK-1999-0294_4107_HNE,3,False,False,0.0172051306975853,0.011383610220241534,2,2
5,TK-1999-0294_4107_HNE,4,False,False,0.030793248127348,0.020456600042470626,3,3
5,TK-1999-0294_4107_HNE,5,False,False,0.0541506388150451,0.034303469244255695,3,3
5,TK-1999-0294_5401_HNE,0,False,False,0.000945187948334,0.001974269069451185,0,0
5,TK-1999-0294_5401_HNE,1,False,False,0.0031110385706134,0.008040273367142668,0,0
5,TK-1999-0294_5401_HNE,2,False,False,0.007946341144252,0.015369937145632164,1,2
5,TK-1999-0294_5401_HNE,3,False,False,0.0160073228922381,0.02526503022453342,2,2
5,TK-1999-0294_5401_HNE,4,False,False,0.0265557302692168,0.04846810471640129,2,3
5,TK-1999-0294_5401_HNE,5,False,False,0.0710214811002008,0.08109871755249942,4,4
5,EMSC-20200122_0000127_GOMA_HNE,0,False,False,0.0006784198781527,0.0006407611564482911,0,0
5,EMSC-20200122_0000127_GOMA_HNE,1,False,False,0.0019318904523451,0.0019668857538640725,0,0
5,EMSC-20200122_0000127_GOMA_HNE,2,False,False,0.004091990024724,0.0043147808647435665,0,0
5,EMSC-20200122_0000127_GOMA_HNE,3,False,False,0.0074337305948748,0.007224119377502532,1,1
5,EMSC-20200122_0000127_GOMA_HNE,4,False,False,0.0103266273326954,0.010335008467735881,1,2
5,EMSC-20200122_0000127_GOMA_HNE,5,False,False,0.019122683051365,0.018588789443819708,2,2
5,EMSC-20200122_0000127_SOMA_HNN,0,False,False,0.0005933611645215,0.0007194065097372099,0,0
5,EMSC-20200122_0000127_SOMA_HNN,1,False,False,0.0019709716268418,0.0022573335356556785,0,0
5,EMSC-20200122_0000127_SOMA_HNN,2,False,False,0.0049602277759944,0.006230559587139445,0,1
5,EMSC-20200122_0000127_SOMA_HNN,3,False,False,0.0112952904393775,0.01354345173547223,1,2
5,EMSC-20200122_0000127_SOMA_HNN,4,False,False,0.0202791679244143,0.01789015162202421,2,2
5,EMSC-20200122_0000127_SOMA_HNN,5,False,False,0.0323907654610045,0.03837248273567577,3,3
6,TK-1999-0077_YPT_HNN,4,False,False,0.1,0.05748335498725797,4,4
6,TK-1999-0077_YPT_HNN,5,False,False,0.1,0.08279762209058206,4,4
6,TK-1999-0077_1612_HNE,0,False,False,0.0012816211198839,0.0007596366957963688,0,0
6,TK-1999-0077_1612_HNE,1,False,False,0.0068818425468023,0.0018847904433339352,1,0
6,TK-1999-0077_YPT_HNN,0,False,False,0.0014982346350758,0.0009775897751791221,0,0
6,TK-1999-0077_YPT_HNN,1,False,False,0.0062278076899764,0.0032913841138569886,1,0
6,TK-1999-0077_YPT_HNN,2,False,False,0.0170028587592287,0.00850286318764632,2,1
6,TK-1999-0077_YPT_HNN,3,False,False,0.0410081800775978,0.026012444102330286,3,2
6,TK-1999-0077_1612_HNE,2,False,False,0.0128197478780301,0.004096758351038014,2,0
6,TK-1999-0077_1612_HNE,3,False,False,0.0191516317203587,0.008134529553571895,2,1
6,TK-1999-0077_1612_HNE,4,False,False,0.0340063547619977,0.012941215636468797,3,2
6,TK-1999-0077_1612_HNE,5,False,False,0.1,0.03883832207954992,4,4
6,TK-1999-0077_4101_HNE,0,False,False,0.0008979174705459,0.00126239936060755,0,0
6,TK-1999-0077_4101_HNE,1,False,False,0.0036857227886259,0.004666147097222701,0,1
6,TK-1999-0077_4101_HNE,2,False,False,0.0108512905599184,0.009424688519209946,1,2
6,TK-1999-0077_4101_HNE,3,False,False,0.0347038477595832,0.022325656346143224,3,3
6,TK-1999-0077_4101_HNE,4,False,False,0.0877730529481978,0.05822967258360304,4,3
6,TK-1999-0077_4101_HNE,5,False,False,0.1,0.1022474943720957,4,4
6,TK-1999-0077_4106_HNN,0,False,False,0.0009306137590038,0.0014094007560194353,0,0
6,TK-1999-0077_4106_HNN,1,False,False,0.0020543176608283,0.007549542383219737,0,1
6,TK-1999-0077_4106_HNN,2,False,False,0.0084624533823476,0.020288258870935848,1,2
6,TK-1999-0077_4106_HNN,3,False,False,0.02276922176794,0.04238250832521155,2,3
6,TK-1999-0077_4106_HNN,4,False,False,0.0986453054869217,0.07759878261059053,4,3
6,TK-1999-0077_4106_HNN,5,False,False,0.1,0.10174394571323184,4,4
6,TK-1999-0077_5401_HNE,0,False,False,0.0010569228765752,0.0011037973742420721,0,0
6,TK-1999-0077_5401_HNE,1,False,False,0.0041163097974245,0.005167981740425076,0,1
6,TK-1999-0077_5401_HNE,2,False,False,0.0104470800564091,0.013464299676730046,1,1
6,TK-1999-0077_5401_HNE,3,False,False,0.0198819519318109,0.034746386639284185,2,2
6,TK-1999-0077_5401_HNE,4,False,False,0.059953142570203,0.058946996082354916,3,4
6,TK-1999-0077_5401_HNE,5,False,False,0.1,0.07656559819797544,4,4
6,TK-1999-0415_487_HNN,0,False,False,0.0012132700414041,0.00104460048688119,0,0
6,TK-1999-0415_487_HNN,1,False,False,0.0041357128510721,0.0032759227533726456,0,0
6,TK-1999-0415_487_HNN,2,False,False,0.0093905878705919,0.007176440841326555,1,1
6,TK-1999-0415_487_HNN,3,False,False,0.0172479207015961,0.01356086842704127,2,2
6,TK-1999-0415_487_HNN,4,False,False,0.027252361254753,0.02638819027408309,2,2
6,TK-1999-0415_487_HNN,5,False,False,0.1,0.06373958999079365,4,4
6,TK-1999-0415_496_HNN,0,False,False,0.0013340123103966,0.0017691769119602147,0,0
6,TK-1999-0415_496_HNN,1,False,False,0.0045413195588292,0.0068699246081189,0,1
6,TK-1999-0415_496_HNN,2,False,False,0.0131187809556332,0.016334587887883507,2,2
6,TK-1999-0415_496_HNN,3,False,False,0.0218512412593292,0.028020486526022514,2,2
6,TK-1999-0415_496_HNN,4,False,False,0.0396817988889052,0.051280920413867316,3,3
6,TK-1999-0415_496_HNN,5,False,False,0.1,0.09803909377110825,4,4
6,TK-1999-0415_498_HNN,0,False,False,0.0015252501379954,0.0011652276456659467,0,0
6,TK-1999-0415_498_HNN,1,False,False,0.0042673649568065,0.003963039686071687,0,0
6,TK-1999-0415_498_HNN,2,False,False,0.0104052080944193,0.010592775091264437,1,1
6,TK-1999-0415_498_HNN,3,False,False,0.0157479201794063,0.021153343122074463,2,2
6,TK-1999-0415_498_HNN,4,False,False,0.0269802178221728,0.04100359512705714,2,3
6,TK-1999-0415_498_HNN,5,False,False,0.1,0.07359549159471461,4,4
6,TK-1999-0415_C0362_HNN,0,False,False,0.0009382121611954,0.0008481301562764859,0,0
6,TK-1999-0415_C0362_HNN,1,False,False,0.0028326147953558,0.0017286341360699007,0,0
6,TK-1999-0415_C0362_HNN,2,False,False,0.0068460742005659,0.0027135448643659174,1,0
6,TK-1999-0415_C0362_HNN,3,False,False,0.0103731480584804,0.0053410753869022245,1,1
6,TK-1999-0415_C0362_HNN,4,False,False,0.0197422488601073,0.008151780904664787,2,1
6,TK-1999-0415_C0362_HNN,5,False,False,0.0483992257783193,0.013112771613053175,3,2
6,TK-1999-0415_C0375_HNN,0,False,False,0.0042808668011518,0.0019393664733180693,0,0
6,TK-1999-0415_C0375_HNN,1,False,False,0.0087857083133476,0.007612000596175785,1,1
6,TK-1999-0415_C0375_HNN,2,False,False,0.0165869967837055,0.015934137582396268,2,2
6,TK-1999-0415_C0375_HNN,3,False,False,0.0343141873755696,0.043554612279633885,3,4
6,TK-1999-0415_C0375_HNN,4,False,False,0.064189685164302,0.0634491925664541,4,4
6,TK-1999-0415_C0375_HNN,5,False,False,0.1,0.10718491419186706,4,4
6,TK-1999-0415_C1058_HNE,0,False,False,0.0012777681262021,0.0009753999087968915,0,0
6,TK-1999-0415_C1058_HNE,1,False,False,0.0065887245451019,0.0031470616765794652,1,0
6,TK-1999-0415_C1058_HNE,2,False,False,0.0117269338108173,0.00918967660018665,1,1
6,TK-1999-0415_C1058_HNE,3,False,False,0.0239804941214208,0.02277993750972162,2,2
6,TK-1999-0415_C1058_HNE,4,False,False,0.0524456406321927,0.05337166810946024,3,4
6,TK-1999-0415_C1058_HNE,5,False,False,0.1,0.0671658932889205,4,4
6,TK-1999-0415_C1059_HNN,0,False,False,0.000960274658603,0.001372330017238387,0,0
6,TK-1999-0415_C1059_HNN,1,False,False,0.0034196014077056,0.004891205747429511,0,1
6,TK-1999-0415_C1059_HNN,2,False,False,0.0077640985720467,0.009566707191233955,1,1
6,TK-1999-0415_C1059_HNN,3,False,False,0.0148127605553152,0.018695854699013807,2,2
6,TK-1999-0415_C1059_HNN,4,False,False,0.0263097534270235,0.047659968753419,2,3
6,TK-1999-0415_C1059_HNN,5,False,False,0.1,0.08256710462219294,4,4
6,TK-1999-0415_C1060_HNE,0,False,False,0.0008901157192503,0.0011443884986983845,0,0
6,TK-1999-0415_C1060_HNE,1,False,False,0.005597469211087,0.003389358532679446,1,0
6,TK-1999-0415_C1060_HNE,2,False,False,0.0123757989027294,0.00744248434574196,2,1
6,TK-1999-0415_C1060_HNE,3,False,False,0.0227503907149522,0.014782859152295406,2,2
6,TK-1999-0415_C1060_HNE,4,False,False,0.0427444613700444,0.028805846577795453,3,2
6,TK-1999-0415_C1060_HNE,5,False,False,0.1,0.0730042270629462,4,4
6,TK-1999-0415_C1061_HNE,0,False,False,0.0016379836931918,0.0011721451882304363,0,0
6,TK-1999-0415_C1061_HNE,1,False,False,0.0061781945759944,0.004224632415818572,1,1
6,TK-1999-0415_C1061_HNE,2,False,False,0.0125248318762803,0.008808519029025403,2,1
6,TK-1999-0415_C1061_HNE,3,False,False,0.0181935409325908,0.014410886277744655,2,2
6,TK-1999-0415_C1061_HNE,4,False,False,0.0427450817776797,0.02752613952901175,3,3
6,TK-1999-0415_C1061_HNE,5,False,False,0.1,0.058840480217328836,4,4
6,TK-1999-0415_C1062_HNE,0,False,False,0.0014219627679725,0.001089710353261172,0,0
6,TK-1999-0415_C1062_HNE,1,False,False,0.0062370353935555,0.004058221369492842,1,0
6,TK-1999-0415_C1062_HNE,2,False,False,0.0096669431232641,0.009996026181332178,1,1
6,TK-1999-0415_C1062_HNE,3,False,False,0.0160396408241247,0.021086646190494728,2,2
6,TK-1999-0415_C1062_HNE,4,False,False,0.0319129459675574,0.040218371057172436,3,3
6,TK-1999-0415_C1062_HNE,5,False,False,0.0675621414143913,0.08036116508928365,4,4
6,TK-1999-0415_D0531_HNN,0,False,False,0.0008938544928775,0.001266906543670966,0,0
6,TK-1999-0415_D0531_HNN,1,False,False,0.0044779909355441,0.004020574382680791,0,0
6,TK-1999-0415_D0531_HNN,2,False,False,0.0097076201506071,0.009155801876156775,1,1
6,TK-1999-0415_D0531_HNN,3,False,False,0.0180995347735803,0.017301451040025836,2,2
6,TK-1999-0415_D0531_HNN,4,False,False,0.0359766573741232,0.03557340257786984,3,2
6,TK-1999-0415_D0531_HNN,5,False,False,0.1,0.08079085842834735,4,4
6,TK-1999-0415_1401_HNE,0,False,False,0.0009468678060044,0.0012358762137357339,0,0
6,TK-1999-0415_1401_HNE,1,False,False,0.0029104475301409,0.004875209554776977,0,0
6,TK-1999-0415_1401_HNE,2,False,False,0.0054409736115768,0.008821904714970304,1,1
6,TK-1999-0415_1401_HNE,3,False,False,0.0085103188835223,0.013538121838257339,1,2
6,TK-1999-0415_1401_HNE,4,False,False,0.0142259094274599,0.022001264314809074,2,2
6,TK-1999-0415_1401_HNE,5,False,False,0.0222096589464077,0.04048469427432962,2,3
6,TK-1999-0415_1406_HNN,0,False,False,0.0012910146407955,0.0012589735149224502,0,0
6,TK-1999-0415_1406_HNN,1,False,False,0.0038970080478946,0.0047933434916847895,0,1
6,TK-1999-0415_1406_HNN,2,False,False,0.0118437591672982,0.00989284657519541,1,1
6,TK-1999-0415_1406_HNN,3,False,False,0.0265424542620612,0.017530553695046875,2,2
6,TK-1999-0415_1406_HNN,4,False,False,0.0647131985724034,0.04148048888964716,4,3
6,TK-1999-0415_1406_HNN,5,False,False,0.1,0.08399636596987786,4,4
6,TK-1999-0415_8101_HNE,0,False,False,0.0009610012048133,0.0012433612826389388,0,0
6,TK-1999-0415_8101_HNE,1,False,False,0.0030475653928658,0.005055362228810486,0,0
6,TK-1999-0415_8101_HNE,2,False,False,0.0100169345000788,0.01235124697372889,1,1
6,TK-1999-0415_8101_HNE,3,False,False,0.0178283966230687,0.01960873573174393,2,2
6,TK-1999-0415_8101_HNE,4,False,False,0.034420139993412,0.03671377076225364,3,3
6,TK-1999-0415_8101_HNE,5,False,False,0.094043074626952,0.05896149544404088,4,3
6,INT-20250810_0000200_AKS_HNN,0,False,False,0.0010571830988292,0.0013113739865491397,0,0
6,INT-20250810_0000200_AKS_HNN,1,False,False,0.0034254068367666,0.005468969512128069,0,1
6,INT-20250810_0000200_AKS_HNN,2,False,False,0.0097107211418521,0.012217453661125161,1,2
6,INT-20250810_0000200_AKS_HNN,3,False,False,0.0145011004902851,0.02771706468044424,2,2
6,INT-20250810_0000200_AKS_HNN,4,False,False,0.0384811612097204,0.03362938878812825,3,2
6,INT-20250810_0000200_AKS_HNN,5,False,False,0.0763752026212129,0.07207742976944388,4,4
6,INT-20250810_0000200_BALB_HNE,0,False,False,0.0009599705788175,0.0011618817854766148,0,0
6,INT-20250810_0000200_BALB_HNE,1,False,False,0.0025520292316504,0.003545578842352388,0,0
6,INT-20250810_0000200_BALB_HNE,2,False,False,0.0064415779067461,0.007982342631635456,1,1
6,INT-20250810_0000200_BALB_HNE,3,False,False,0.0096006819766834,0.014311100350594888,1,2
6,INT-20250810_0000200_BALB_HNE,4,False,False,0.0197401359272018,0.02244655403927147,2,2
6,INT-20250810_0000200_BALB_HNE,5,False,False,0.0342928199935549,0.04927893181956913,3,3
6,INT-20250810_0000200_GORD_HNN,0,False,False,0.0010384574408298,0.0009710759292446151,0,0
6,INT-20250810_0000200_GORD_HNN,1,False,False,0.0037813799986182,0.0027903438889104568,0,0
6,INT-20250810_0000200_GORD_HNN,2,False,False,0.0072101214467562,0.0053973975812559175,1,1
6,INT-20250810_0000200_GORD_HNN,3,False,False,0.0130257834934566,0.009977270687998389,2,1
6,INT-20250810_0000200_GORD_HNN,4,False,False,0.0205831519788532,0.01589102705470774,2,2
6,INT-20250810_0000200_GORD_HNN,5,False,False,0.0450394097771318,0.027844815751963507,3,3
6,INT-20250810_0000200_SOMA_HNN,0,False,False,0.0009643780826222,0.001248614558325876,0,0
6,INT-20250810_0000200_SOMA_HNN,1,False,False,0.0048421647411868,0.004221326481237718,0,0
6,INT-20250810_0000200_SOMA_HNN,2,False,False,0.0103688052497063,0.008850661028233614,1,1
6,INT-20250810_0000200_SOMA_HNN,3,False,False,0.0155339646016629,0.01609245717767178,2,2
6,INT-20250810_0000200_SOMA_HNN,4,False,False,0.0177004517405781,0.029841071619164935,2,3
6,INT-20250810_0000200_SOMA_HNN,5,False,False,0.0346496206805422,0.06333488903034479,3,4
6,TK-1999-0294_1612_HNE,0,False,False,0.0014043645201024,0.0008625629051428115,0,0
6,TK-1999-0294_1612_HNE,1,False,False,0.0047554201288705,0.00212687915575325,0,0
6,TK-1999-0294_1612_HNE,2,False,False,0.0096907659727311,0.005196159894376228,1,1
6,TK-1999-0294_1612_HNE,3,False,False,0.0178519006826365,0.009385061941741627,2,1
6,TK-1999-0294_1612_HNE,4,False,False,0.0261628902750423,0.016944302455914512,2,2
6,TK-1999-0294_1612_HNE,5,False,False,0.0386189533322393,0.03121434657360981,3,2
6,TK-2003-0179_1701_HNN,0,False,False,0.0008076157545207,0.000965735674098097,0,0
6,TK-2003-0179_1701_HNN,1,False,False,0.0017102883816218,0.0027494778846056753,0,0
6,TK-2003-0179_1701_HNN,2,False,False,0.0041053250938415,0.003697387218780923,0,0
6,TK-2003-0179_1701_HNN,3,False,False,0.0079344889895264,0.0063640465675976875,1,1
6,TK-2003-0179_1701_HNN,4,False,False,0.013748674149055,0.008869664840752824,2,2
6,TK-2003-0179_1701_HNN,5,False,False,0.0201259629893786,0.020855084787749965,2,2
6,TK-1999-0294_4101_HNE,0,False,False,0.0014308349238858,0.001476811662305549,0,0
6,TK-1999-0294_4101_HNE,1,False,False,0.0070443179374022,0.005938374380848703,1,0
6,TK-1999-0294_4101_HNE,2,False,False,0.0144249619482622,0.016442790484001123,2,2
6,TK-1999-0294_4101_HNE,3,False,False,0.0236144631490312,0.026023420818420958,2,2
6,TK-1999-0294_4101_HNE,4,False,False,0.0420831502624504,0.044651096615555504,3,2
6,TK-1999-0294_4101_HNE,5,False,False,0.1,0.09277795112578148,4,4
6,TK-1999-0294_4107_HNE,0,False,False,0.0011778039118481,0.0009788066404495053,0,0
6,TK-1999-0294_4107_HNE,1,False,False,0.0037508308320418,0.0029310445465529147,0,0
6,TK-1999-0294_4107_HNE,2,False,False,0.0085968802464952,0.007366531981946236,1,1
6,TK-1999-0294_4107_HNE,3,False,False,0.0184470753499803,0.014248480075450877,2,2
6,TK-1999-0294_4107_HNE,4,False,False,0.0280220726007854,0.02879579865644586,2,3
6,TK-1999-0294_4107_HNE,5,False,False,0.0442732842232611,0.04163557019354816,3,4
6,TK-1999-0294_5401_HNE,0,False,False,0.000858147176413,0.002023988933972565,0,0
6,TK-1999-0294_5401_HNE,1,False,False,0.0035228528314604,0.008851161501628547,0,1
6,TK-1999-0294_5401_HNE,2,False,False,0.0101566491355131,0.017914161200377126,1,2
6,TK-1999-0294_5401_HNE,3,False,False,0.0152945413485362,0.02858833074759372,2,2
6,TK-1999-0294_5401_HNE,4,False,False,0.0248637470434514,0.050791118631209886,2,3
6,TK-1999-0294_5401_HNE,5,False,False,0.1,0.0907375724350235,4,4
6,EMSC-20200122_0000127_GOMA_HNE,0,False,False,0.0009650344519244,0.0009506646468646612,0,0
6,EMSC-20200122_0000127_GOMA_HNE,1,False,False,0.0023453083730792,0.0027082467848451746,0,0
6,EMSC-20200122_0000127_GOMA_HNE,2,False,False,0.005059387016861,0.005709818645391687,1,1
6,EMSC-20200122_0000127_GOMA_HNE,3,False,False,0.0100876953366116,0.010475738193122612,1,2
6,EMSC-20200122_0000127_GOMA_HNE,4,False,False,0.0190493350267004,0.017998270905274796,2,2
6,EMSC-20200122_0000127_GOMA_HNE,5,False,False,0.0285918157830518,0.04728348073417159,2,3
6,EMSC-20200122_0000127_SOMA_HNN,0,False,False,0.0013725049214526,0.0012033286431632644,0,0
6,EMSC-20200122_0000127_SOMA_HNN,1,False,False,0.0043911552982434,0.004473042823120383,0,0
6,EMSC-20200122_0000127_SOMA_HNN,2,False,False,0.0106192904608937,0.010511789598916526,1,1
6,EMSC-20200122_0000127_SOMA_HNN,3,False,False,0.0193590602322977,0.018324739131037007,2,2
6,EMSC-20200122_0000127_SOMA_HNN,4,False,False,0.0315995449535456,0.039316334462287286,3,3
6,EMSC-20200122_0000127_SOMA_HNN,5,False,False,0.0730129100461457,0.08077254292637266,4,4
7,TK-1999-0077_YPT_HNN,4,False,False,0.0382328679816515,0.02330618653650343,3,3
7,TK-1999-0077_YPT_HNN,5,False,False,0.1,0.06595405828967603,4,4
7,TK-1999-0077_1612_HNE,0,False,False,0.00064448789755,0.0005662837701931916,0,0
7,TK-1999-0077_1612_HNE,1,False,False,0.0038008893357501,0.0019194714962886173,0,0
7,TK-1999-0077_YPT_HNN,0,False,False,0.0006114494617352,0.0005668756800365094,0,0
7,TK-1999-0077_YPT_HNN,1,False,False,0.003130474411088,0.0018138203683883177,0,0
7,TK-1999-0077_YPT_HNN,2,False,False,0.0070776179508596,0.005251939903390229,1,0
7,TK-1999-0077_YPT_HNN,3,False,False,0.0172598722575005,0.012095918716563186,2,2
7,TK-1999-0077_4101_HNE,0,False,False,0.0005572415747759,0.0006242765420108242,0,0
7,TK-1999-0077_4101_HNE,1,False,False,0.0015082834725777,0.0023429017459067835,0,0
7,TK-1999-0077_4101_HNE,2,False,False,0.0049445526675459,0.005685677207125692,0,1
7,TK-1999-0077_4101_HNE,3,False,False,0.008941980048141,0.012137096080979674,1,2
7,TK-1999-0077_1612_HNE,2,False,False,0.0158052386528465,0.005710317063918596,2,0
7,TK-1999-0077_1612_HNE,3,False,False,0.0265263002187286,0.011254223769150274,2,1
7,TK-1999-0077_1612_HNE,4,False,False,0.0545966853114329,0.019437429455563923,3,2
7,TK-1999-0077_1612_HNE,5,False,False,0.1,0.06036794917747901,4,4
7,TK-1999-0077_4101_HNE,4,False,False,0.0187606172915974,0.01956495048341457,2,3
7,TK-1999-0077_4101_HNE,5,False,False,0.1,0.07068957001943008,4,4
7,TK-1999-0077_4106_HNN,0,False,False,0.0006009507288515,0.0006851751466331986,0,0
7,TK-1999-0077_4106_HNN,1,False,False,0.0015064078655776,0.003399772015504533,0,0
7,TK-1999-0077_4106_HNN,2,False,False,0.0072792955982267,0.012005645598642431,1,2
7,TK-1999-0077_4106_HNN,3,False,False,0.013290378662557,0.03147347619116306,2,3
7,TK-1999-0077_4106_HNN,4,False,False,0.0194851943550373,0.06262176053732241,2,3
7,TK-1999-0077_4106_HNN,5,False,False,0.1,0.10514145772622883,4,4
7,TK-1999-0077_5401_HNE,0,False,False,0.0006718777599287,0.0007588555934765388,0,0
7,TK-1999-0077_5401_HNE,1,False,False,0.0037462688238478,0.004303047973076778,0,0
7,TK-1999-0077_5401_HNE,2,False,False,0.0096318735518145,0.012772934880737483,1,2
7,TK-1999-0077_5401_HNE,3,False,False,0.0307759683725739,0.030601884509640975,3,2
7,TK-1999-0077_5401_HNE,4,False,False,0.065637488967727,0.05550060826460249,4,4
7,TK-1999-0077_5401_HNE,5,False,False,0.1,0.07810929153703562,4,4
7,TK-1999-0415_487_HNN,0,False,False,0.0006181493473419,0.0005931747153682405,0,0
7,TK-1999-0415_487_HNN,1,False,False,0.0013317419489147,0.0019188435642182226,0,0
7,TK-1999-0415_496_HNN,0,False,False,0.0008268134226404,0.0007579670985115913,0,0
7,TK-1999-0415_496_HNN,1,False,False,0.0050290116569895,0.0038226585978071797,1,0
7,TK-1999-0415_496_HNN,2,False,False,0.0113106928614871,0.0101188075776626,1,1
7,TK-1999-0415_496_HNN,3,False,False,0.0164059821531028,0.02044797141933866,2,2
7,TK-1999-0415_487_HNN,2,False,False,0.0030007509348821,0.00400953585014271,0,0
7,TK-1999-0415_487_HNN,3,False,False,0.0080360436789996,0.007201272394676816,1,1
7,TK-1999-0415_487_HNN,4,False,False,0.0128591108287895,0.010750117162170916,2,2
7,TK-1999-0415_487_HNN,5,False,False,0.0269674568074989,0.02336223663692546,2,2
7,TK-1999-0415_496_HNN,4,False,False,0.0234994681219681,0.02935951522606862,2,2
7,TK-1999-0415_496_HNN,5,False,False,0.0649754430250403,0.05015068295605261,4,3
7,TK-1999-0415_498_HNN,0,False,False,0.0005519092428275,0.0006749788295965206,0,0
7,TK-1999-0415_498_HNN,1,False,False,0.0023452704850358,0.0022882501927361677,0,0
7,TK-1999-0415_498_HNN,2,False,False,0.0053285269062591,0.005882956308936799,1,1
7,TK-1999-0415_498_HNN,3,False,False,0.0143294893250023,0.012124259918517979,2,1
7,TK-1999-0415_498_HNN,4,False,False,0.0216079715695232,0.022240557867989896,2,2
7,TK-1999-0415_498_HNN,5,False,False,0.0318766022069393,0.04298138407960023,3,2
7,TK-1999-0415_C0362_HNN,0,False,False,0.0006331942716656,0.0005837517546768356,0,0
7,TK-1999-0415_C0362_HNN,1,False,False,0.0025998773322664,0.0015315706437839523,0,0
7,TK-1999-0415_C0362_HNN,2,False,False,0.0090558600249557,0.0034697826941585417,1,0
7,TK-1999-0415_C0362_HNN,3,False,False,0.0146297384974289,0.006184299609865924,2,1
7,TK-1999-0415_C0362_HNN,4,False,False,0.0324702680574213,0.010454610368501543,3,1
7,TK-1999-0415_C0362_HNN,5,False,False,0.0802362087656888,0.01958418587226989,4,2
7,TK-1999-0415_C0375_HNN,0,False,False,0.0005921456539433,0.0008559109813245765,0,0
7,TK-1999-0415_C0375_HNN,1,False,False,0.0039943965652,0.0035760384969677514,0,0
7,TK-1999-0415_C1058_HNE,0,False,False,0.0006227764511036,0.0006373745553279701,0,0
7,TK-1999-0415_C1058_HNE,1,False,False,0.00288312597699,0.002379201509562443,0,0
7,TK-1999-0415_C1058_HNE,2,False,False,0.0124741527337824,0.00840159428995688,2,1
7,TK-1999-0415_C1058_HNE,3,False,False,0.0291418241165312,0.021979329106420586,2,2
7,TK-1999-0415_C0375_HNN,2,False,False,0.0108395716154778,0.009658443647910879,1,1
7,TK-1999-0415_C0375_HNN,3,False,False,0.0169696566788408,0.01577570398390885,2,2
7,TK-1999-0415_C0375_HNN,4,False,False,0.0244260033359027,0.025101238952017955,2,2
7,TK-1999-0415_C0375_HNN,5,False,False,0.0444065157809319,0.0632389804386712,3,3
7,TK-1999-0415_C1058_HNE,4,False,False,0.079790345043248,0.03803904805749984,4,2
7,TK-1999-0415_C1058_HNE,5,False,False,0.1,0.050201986924922164,4,4
7,TK-1999-0415_C1059_HNN,0,False,False,0.0005958022518939,0.0006473648582463652,0,0
7,TK-1999-0415_C1059_HNN,1,False,False,0.0022933934543285,0.0025869677442026443,0,0
7,TK-1999-0415_C1059_HNN,2,False,False,0.0072465484051251,0.007796044570709481,1,1
7,TK-1999-0415_C1059_HNN,3,False,False,0.0130125655733402,0.014272659176992464,2,2
7,TK-1999-0415_C1059_HNN,4,False,False,0.0213866826218868,0.028130333499654155,2,2
7,TK-1999-0415_C1059_HNN,5,False,False,0.0483287433340894,0.05703388561927112,3,4
7,TK-1999-0415_C1060_HNE,0,False,False,0.0007772896090644,0.0006053339864751702,0,0
7,TK-1999-0415_C1060_HNE,1,False,False,0.002842730316588,0.002251213859266594,0,0
7,TK-1999-0415_C1060_HNE,2,False,False,0.0054925030182372,0.005230650336401104,1,1
7,TK-1999-0415_C1060_HNE,3,False,False,0.0128444682261132,0.009911024404607303,2,1
7,TK-1999-0415_C1060_HNE,4,False,False,0.0260946882594213,0.01482685358175371,2,2
7,TK-1999-0415_C1060_HNE,5,False,False,0.0641880317721998,0.03244975298981263,4,2
7,TK-1999-0415_C1061_HNE,0,False,False,0.0007319759415125,0.0006990660072532087,0,0
7,TK-1999-0415_C1061_HNE,1,False,False,0.0025142504264449,0.0027020036075512044,0,0
7,TK-1999-0415_C1061_HNE,2,False,False,0.0097052701146536,0.007238887564132223,1,1
7,TK-1999-0415_C1061_HNE,3,False,False,0.016761968300931,0.012814731970129318,2,2
7,TK-1999-0415_C1061_HNE,4,False,False,0.0274841042277475,0.018270536242485435,2,2
7,TK-1999-0415_C1061_HNE,5,False,False,0.0626774243258932,0.03619582506918175,4,3
7,TK-1999-0415_C1062_HNE,0,False,False,0.0006034592227373,0.0006066940185410892,0,0
7,TK-1999-0415_C1062_HNE,1,False,False,0.0020259115347783,0.001979876094654232,0,0
7,TK-1999-0415_C1062_HNE,2,False,False,0.004203485470814,0.004533691247203341,0,1
7,TK-1999-0415_C1062_HNE,3,False,False,0.0077180720605727,0.009409215582030166,1,1
7,TK-1999-0415_C1062_HNE,4,False,False,0.0144452531026044,0.013836340837860561,2,2
7,TK-1999-0415_C1062_HNE,5,False,False,0.0225737454440661,0.03203709602370239,2,2
7,TK-1999-0415_D0531_HNN,0,False,False,0.000581443055253,0.0005652398728059829,0,0
7,TK-1999-0415_D0531_HNN,1,False,False,0.0016251071046781,0.0016354862179688626,0,0
7,TK-1999-0415_D0531_HNN,2,False,False,0.0046818650218575,0.003558085369195056,0,0
7,TK-1999-0415_D0531_HNN,3,False,False,0.0075412993009594,0.007260805484395772,1,1
7,TK-1999-0415_D0531_HNN,4,False,False,0.0127354531814259,0.012233091264470457,2,2
7,TK-1999-0415_D0531_HNN,5,False,False,0.0210521123209176,0.024219566185124837,2,2
7,TK-1999-0415_1401_HNE,0,False,False,0.000644214936529,0.000619626854684085,0,0
7,TK-1999-0415_1401_HNE,1,False,False,0.0024371367850993,0.0026015885879237953,0,0
7,TK-1999-0415_1401_HNE,2,False,False,0.0072856585688176,0.0076669574088618795,1,0
7,TK-1999-0415_1401_HNE,3,False,False,0.0173251628464854,0.013828822978126548,2,2
7,TK-1999-0415_1401_HNE,4,False,False,0.0227697243558464,0.022295330318177452,2,2
7,TK-1999-0415_1401_HNE,5,False,False,0.0318249109958553,0.040159474216979574,3,3
7,TK-1999-0415_1406_HNN,0,False,False,0.0006273781907103,0.0006506066394983097,0,0
7,TK-1999-0415_1406_HNN,1,False,False,0.0022353210530091,0.002159731189618946,0,0
7,TK-1999-0415_1406_HNN,2,False,False,0.0047915383216863,0.006181102298598121,0,1
7,TK-1999-0415_1406_HNN,3,False,False,0.0098749840467968,0.011197938272283195,1,1
7,TK-1999-0415_1406_HNN,4,False,False,0.0115247979095785,0.01851981045772458,1,2
7,TK-1999-0415_1406_HNN,5,False,False,0.028966370001379,0.037200611952566805,2,3
7,TK-1999-0415_8101_HNE,0,False,False,0.0006878004895398,0.0005772009381162911,0,0
7,TK-1999-0415_8101_HNE,1,False,False,0.003167863581301,0.0024857039356908795,0,0
7,TK-1999-0415_8101_HNE,2,False,False,0.0084003570587971,0.007133610500893486,1,0
7,TK-1999-0415_8101_HNE,3,False,False,0.0126621085268556,0.013202864702537263,2,1
7,TK-1999-0415_8101_HNE,4,False,False,0.0249550024979492,0.026373099590959178,2,2
7,TK-1999-0415_8101_HNE,5,False,False,0.0498582811388855,0.05507196304861617,3,4
7,INT-20250810_0000200_AKS_HNN,0,False,False,0.000584403541148,0.0006300293072268071,0,0
7,INT-20250810_0000200_AKS_HNN,1,False,False,0.0014529692823259,0.002105050180536545,0,0
7,INT-20250810_0000200_AKS_HNN,2,False,False,0.0039397317309669,0.005998297630993716,0,1
7,INT-20250810_0000200_AKS_HNN,3,False,False,0.010309229023888,0.012006558465809385,1,2
7,INT-20250810_0000200_AKS_HNN,4,False,False,0.0125730662155564,0.019334161211943146,2,2
7,INT-20250810_0000200_AKS_HNN,5,False,False,0.0179816526547127,0.03953754132143979,2,3
7,INT-20250810_0000200_BALB_HNE,0,False,False,0.0006186496151349,0.0006542585500093382,0,0
7,INT-20250810_0000200_BALB_HNE,1,False,False,0.0025921669132709,0.0025715847063501936,0,0
7,INT-20250810_0000200_BALB_HNE,2,False,False,0.0071828772680977,0.006430626535529128,1,1
7,INT-20250810_0000200_BALB_HNE,3,False,False,0.0131680076689859,0.013077628253449932,2,1
7,INT-20250810_0000200_BALB_HNE,4,False,False,0.0165548665152903,0.019704679397738914,2,2
7,INT-20250810_0000200_BALB_HNE,5,False,False,0.0337940428713749,0.03683733747777159,3,2
7,INT-20250810_0000200_GORD_HNN,0,False,False,0.0005727386986448,0.0006107311170341182,0,0
7,INT-20250810_0000200_GORD_HNN,1,False,False,0.0012804013358045,0.0019371500299038059,0,0
7,INT-20250810_0000200_GORD_HNN,2,False,False,0.0024355855280875,0.0037121691895634313,0,0
7,INT-20250810_0000200_GORD_HNN,3,False,False,0.0097327573676922,0.006061989569723644,1,1
7,INT-20250810_0000200_GORD_HNN,4,False,False,0.0128149408619839,0.009439720490456676,2,2
7,INT-20250810_0000200_GORD_HNN,5,False,False,0.0227320729985618,0.017068575782455256,2,2
7,INT-20250810_0000200_SOMA_HNN,0,False,False,0.0006283870803688,0.0006322808027898259,0,0
7,INT-20250810_0000200_SOMA_HNN,1,False,False,0.0017238307413256,0.0021170647376024154,0,0
7,INT-20250810_0000200_SOMA_HNN,2,False,False,0.0056053765102227,0.005909070671666391,1,1
7,INT-20250810_0000200_SOMA_HNN,3,False,False,0.0103114256265456,0.010432809206398143,1,1
7,INT-20250810_0000200_SOMA_HNN,4,False,False,0.0171858856791682,0.01642484608140074,2,2
7,INT-20250810_0000200_SOMA_HNN,5,False,False,0.0273623728927843,0.03150515457008873,2,3
7,TK-1999-0294_1612_HNE,0,False,False,0.0006182691750973,0.000568663241059024,0,0
7,TK-1999-0294_1612_HNE,1,False,False,0.0016354696261735,0.0019499835885464615,0,0
7,TK-1999-0294_1612_HNE,2,False,False,0.0037966685866449,0.005410854762004314,0,1
7,TK-1999-0294_1612_HNE,3,False,False,0.0131702082114778,0.00951431097510332,2,1
7,TK-1999-0294_1612_HNE,4,False,False,0.0201999256049817,0.014189105195682875,2,2
7,TK-1999-0294_1612_HNE,5,False,False,0.0422915622842342,0.0274579212417799,3,2
7,TK-2003-0179_1701_HNN,0,False,False,0.0006203400828349,0.0005844077995372758,0,0
7,TK-2003-0179_1701_HNN,1,False,False,0.0025373110813666,0.0018351251032874124,0,0
7,TK-2003-0179_1701_HNN,2,False,False,0.0073167619361832,0.0034557723994018117,1,0
7,TK-2003-0179_1701_HNN,3,False,False,0.0105014000115759,0.005806291687891034,1,1
7,TK-2003-0179_1701_HNN,4,False,False,0.0162351348342935,0.008492735226627099,2,2
7,TK-2003-0179_1701_HNN,5,False,False,0.0255582772439913,0.016220368471403183,2,2
7,TK-1999-0294_4101_HNE,0,False,False,0.000655441421392,0.0006156039466170149,0,0
7,TK-1999-0294_4101_HNE,1,False,False,0.0019203608001025,0.0024557433232898183,0,0
7,TK-1999-0294_4101_HNE,2,False,False,0.0046787671254665,0.0072694563333450994,0,1
7,TK-1999-0294_4101_HNE,3,False,False,0.0086294191035436,0.015882593339045552,1,2
7,TK-1999-0294_4101_HNE,4,False,False,0.0144416371768825,0.027645633660122182,2,3
7,TK-1999-0294_4101_HNE,5,False,False,0.0249753003160649,0.04491598937815147,2,3
7,TK-1999-0294_4107_HNE,0,False,False,0.0006053910891123,0.0005676492353088695,0,0
7,TK-1999-0294_4107_HNE,1,False,False,0.0020661538223922,0.0020539218892733804,0,0
7,TK-1999-0294_4107_HNE,2,False,False,0.0062764920275247,0.005726276875137096,1,1
7,TK-1999-0294_4107_HNE,3,False,False,0.0154047518766967,0.010184200501812967,2,2
7,TK-1999-0294_4107_HNE,4,False,False,0.0304818873669865,0.01598315074336854,3,2
7,TK-1999-0294_4107_HNE,5,False,False,0.0625440927521444,0.031012488574488267,4,3
7,TK-1999-0294_5401_HNE,0,False,False,0.0006021703059146,0.000879081403309952,0,0
7,TK-1999-0294_5401_HNE,1,False,False,0.0018926739590652,0.005563904747148206,0,0
7,TK-1999-0294_5401_HNE,2,False,False,0.0055917423413979,0.011813303551981196,1,1
7,TK-1999-0294_5401_HNE,3,False,False,0.0107260883198344,0.023264692219375258,1,2
7,TK-1999-0294_5401_HNE,4,False,False,0.0158973303760995,0.03388100011715687,2,2
7,TK-1999-0294_5401_HNE,5,False,False,0.0322820351206036,0.0613615603594297,3,4
7,EMSC-20200122_0000127_GOMA_HNE,0,False,False,0.0005773072476663,0.0005533619955543562,0,0
7,EMSC-20200122_0000127_GOMA_HNE,1,False,False,0.00185912342926,0.0013758022126412327,0,0
7,EMSC-20200122_0000127_GOMA_HNE,2,False,False,0.0043741614702899,0.002949157401987762,0,0
7,EMSC-20200122_0000127_GOMA_HNE,3,False,False,0.0074426436945772,0.006071564852087977,1,1
7,EMSC-20200122_0000127_GOMA_HNE,4,False,False,0.0124661189861866,0.00976982982655937,2,2
7,EMSC-20200122_0000127_GOMA_HNE,5,False,False,0.0156906578598173,0.017231718917671585,2,2
7,EMSC-20200122_0000127_SOMA_HNN,0,False,False,0.0006786020869722,0.000573302073470295,0,0
7,EMSC-20200122_0000127_SOMA_HNN,1,False,False,0.0015886072360445,0.0017425870674884776,0,0
7,EMSC-20200122_0000127_SOMA_HNN,2,False,False,0.0044157091878756,0.003981848954098193,0,0
7,EMSC-20200122_0000127_SOMA_HNN,3,False,False,0.0070226330599584,0.009338647552995188,1,1
7,EMSC-20200122_0000127_SOMA_HNN,4,False,False,0.0161783234814681,0.013141518441030777,2,2
7,EMSC-20200122_0000127_SOMA_HNN,5,False,False,0.0254375871190437,0.023617194787475062,2,2
8,TK-1999-0077_YPT_HNN,4,False,False,0.029648244853529,0.021485210412461868,2,3
8,TK-1999-0077_YPT_HNN,5,False,False,0.1,0.06087932701369405,4,4
8,TK-1999-0077_1612_HNE,0,False,False,0.0006222400138446,0.0005492992882077993,0,0
8,TK-1999-0077_1612_HNE,1,False,False,0.0032320210639128,0.0018076453082996608,0,0
8,TK-1999-0077_YPT_HNN,0,False,False,0.0005909388041546,0.0005614535489157522,0,0
8,TK-1999-0077_YPT_HNN,1,False,False,0.0028818683849851,0.0017137313720315239,0,0
8,TK-1999-0077_YPT_HNN,2,False,False,0.0062929907795824,0.005058324328600259,1,0
8,TK-1999-0077_YPT_HNN,3,False,False,0.0145148402619311,0.011689902611130489,2,1
8,TK-1999-0077_4101_HNE,0,False,False,0.0005523437176497,0.000594021985201186,0,0
8,TK-1999-0077_4101_HNE,1,False,False,0.0013567584951757,0.0020657500963145686,0,0
8,TK-1999-0077_4101_HNE,2,False,False,0.0035433325874867,0.004965529066996308,0,1
8,TK-1999-0077_4101_HNE,3,False,False,0.0091890060947132,0.009578173751360277,1,2
8,TK-1999-0077_1612_HNE,2,False,False,0.0139372468387865,0.00533897345724757,2,0
8,TK-1999-0077_1612_HNE,3,False,False,0.0306788227267797,0.010749969623451351,3,1
8,TK-1999-0077_1612_HNE,4,False,False,0.0548872394695783,0.017141246726627406,3,2
8,TK-1999-0077_1612_HNE,5,False,False,0.1,0.05593886947583239,4,3
8,TK-1999-0077_4101_HNE,4,False,False,0.0143697528221365,0.016240349429348912,2,2
8,TK-1999-0077_4101_HNE,5,False,False,0.0677169782540407,0.04990757747211771,4,3
8,TK-1999-0077_4106_HNN,0,False,False,0.0005861808931922,0.0006320340565030463,0,0
8,TK-1999-0077_4106_HNN,1,False,False,0.0014040910316364,0.002925773112337739,0,0
8,TK-1999-0077_4106_HNN,2,False,False,0.0056034640629564,0.011932421402026347,1,2
8,TK-1999-0077_4106_HNN,3,False,False,0.0139558760283157,0.025381695569577423,2,3
8,TK-1999-0077_4106_HNN,4,False,False,0.0196787262095888,0.049406706668836044,2,3
8,TK-1999-0077_4106_HNN,5,False,False,0.0668112903433257,0.09720597308634038,4,4
8,TK-1999-0077_5401_HNE,4,False,False,0.0557927848853928,0.048278919689008055,3,4
8,TK-1999-0077_5401_HNE,5,False,False,0.1,0.0731062361304046,4,4
8,TK-1999-0415_487_HNN,0,False,False,0.0006090088041096,0.0005546679834094528,0,0
8,TK-1999-0415_487_HNN,1,False,False,0.0012724686008503,0.0017549436338878655,0,0
8,TK-1999-0077_5401_HNE,0,False,False,0.0006521642071925,0.0007311327995043397,0,0
8,TK-1999-0077_5401_HNE,1,False,False,0.002939096734813,0.004074508567795648,0,0
8,TK-1999-0077_5401_HNE,2,False,False,0.0093462061613414,0.010910044904183023,1,1
8,TK-1999-0077_5401_HNE,3,False,False,0.0245375655252119,0.024818430739233947,2,2
8,TK-1999-0415_496_HNN,0,False,False,0.0008428163402249,0.0007189828648552314,0,0
8,TK-1999-0415_496_HNN,1,False,False,0.0055761106019685,0.003504511004555374,1,0
8,TK-1999-0415_496_HNN,2,False,False,0.0103322766011253,0.009663821659988296,1,1
8,TK-1999-0415_496_HNN,3,False,False,0.0145729524739081,0.020035085083460063,2,2
8,TK-1999-0415_487_HNN,2,False,False,0.0028846411870747,0.0037260016914698138,0,0
8,TK-1999-0415_487_HNN,3,False,False,0.0060540517480117,0.006469871891443577,1,1
8,TK-1999-0415_487_HNN,4,False,False,0.0127482436780968,0.008826419584107917,2,2
8,TK-1999-0415_487_HNN,5,False,False,0.022681342661441,0.021189885111145782,2,2
8,TK-1999-0415_496_HNN,4,False,False,0.0212570313527226,0.027768756225873277,2,2
8,TK-1999-0415_496_HNN,5,False,False,0.0569678944170629,0.044929651953274106,3,3
8,TK-1999-0415_498_HNN,0,False,False,0.0005566318212707,0.0006181238031919112,0,0
8,TK-1999-0415_498_HNN,1,False,False,0.0018670956421774,0.002097955049476429,0,0
8,TK-1999-0415_498_HNN,2,False,False,0.0039926461933752,0.0051934021786581965,0,1
8,TK-1999-0415_498_HNN,3,False,False,0.0118611794869813,0.011233539206206167,1,1
8,TK-1999-0415_498_HNN,4,False,False,0.0228378996556263,0.02045072746733317,2,2
8,TK-1999-0415_498_HNN,5,False,False,0.0317433724323662,0.03976233927956956,3,2
8,TK-1999-0415_C0362_HNN,0,False,False,0.0006142990081543,0.0005606176457598184,0,0
8,TK-1999-0415_C0362_HNN,1,False,False,0.0025058242064924,0.0014472543789518847,0,0
8,TK-1999-0415_C0362_HNN,2,False,False,0.0086115449722426,0.0033878572909348224,1,0
8,TK-1999-0415_C0362_HNN,3,False,False,0.0151112969224337,0.006077087078137339,2,1
8,TK-1999-0415_C0362_HNN,4,False,False,0.0307478481216331,0.010320782945447788,3,1
8,TK-1999-0415_C0362_HNN,5,False,False,0.0743270140799159,0.019440289424768536,4,2
8,TK-1999-0415_C0375_HNN,0,False,False,0.0005809859056554,0.0008144467305621984,0,0
8,TK-1999-0415_C0375_HNN,1,False,False,0.0033656978016328,0.0033063357459018204,0,0
8,TK-1999-0415_C1058_HNE,0,False,False,0.0006161145856606,0.0005704492360651136,0,0
8,TK-1999-0415_C1058_HNE,1,False,False,0.0024065963299792,0.0020626100228816604,0,0
8,TK-1999-0415_C1058_HNE,2,False,False,0.0089992640459739,0.0076955644961309595,1,0
8,TK-1999-0415_C1058_HNE,3,False,False,0.0281944827544924,0.019789790532890802,2,2
8,TK-1999-0415_C0375_HNN,2,False,False,0.0089305541053163,0.009089743857360609,1,1
8,TK-1999-0415_C0375_HNN,3,False,False,0.0163994749090549,0.01457556369114113,2,2
8,TK-1999-0415_C0375_HNN,4,False,False,0.0205275589125168,0.02317963444563611,2,2
8,TK-1999-0415_C0375_HNN,5,False,False,0.0341274378820797,0.04763340628606078,3,3
8,TK-1999-0415_C1058_HNE,4,False,False,0.0540693751941505,0.035428859806731244,3,2
8,TK-1999-0415_C1058_HNE,5,False,False,0.1,0.04556602036567213,4,2
8,TK-1999-0415_C1059_HNN,0,False,False,0.0005579659959288,0.0005997125458959937,0,0
8,TK-1999-0415_C1059_HNN,1,False,False,0.0019706071646089,0.0022132370082653887,0,0
8,TK-1999-0415_C1059_HNN,2,False,False,0.00562975726211,0.006561094739303439,1,1
8,TK-1999-0415_C1059_HNN,3,False,False,0.0124249570431425,0.01264745368027936,2,2
8,TK-1999-0415_C1059_HNN,4,False,False,0.0188163503184447,0.02300183079784373,2,2
8,TK-1999-0415_C1059_HNN,5,False,False,0.0378401447394116,0.050696487459425725,3,3
8,TK-1999-0415_C1060_HNE,0,False,False,0.0007711532659674,0.000606008297983393,0,0
8,TK-1999-0415_C1060_HNE,1,False,False,0.0027837765271757,0.0022001089181119832,0,0
8,TK-1999-0415_C1060_HNE,2,False,False,0.0054704845544123,0.005198499539012405,1,1
8,TK-1999-0415_C1060_HNE,3,False,False,0.0116598067031569,0.01075609713473654,1,1
8,TK-1999-0415_C1060_HNE,4,False,False,0.0263500295613858,0.01714309122224098,2,2
8,TK-1999-0415_C1060_HNE,5,False,False,0.0556753745405963,0.031477312202976074,3,2
8,TK-1999-0415_C1061_HNE,0,False,False,0.0007340436903711,0.0006852056152024041,0,0
8,TK-1999-0415_C1061_HNE,1,False,False,0.0026842516719886,0.002526403854094839,0,0
8,TK-1999-0415_C1061_HNE,2,False,False,0.0081242869351279,0.007189579987731112,1,1
8,TK-1999-0415_C1061_HNE,3,False,False,0.0157478658875434,0.012257113413135715,2,2
8,TK-1999-0415_C1061_HNE,4,False,False,0.0254470402620524,0.01777686932191093,2,2
8,TK-1999-0415_C1061_HNE,5,False,False,0.0602923197786568,0.03539778309506176,4,3
8,TK-1999-0415_C1062_HNE,0,False,False,0.0005873243338367,0.0005975944102804853,0,0
8,TK-1999-0415_C1062_HNE,1,False,False,0.0019110993596804,0.0019157553618594754,0,0
8,TK-1999-0415_C1062_HNE,2,False,False,0.0045940481905268,0.004408307191635399,0,1
8,TK-1999-0415_C1062_HNE,3,False,False,0.0069785767702609,0.009284411140326139,1,1
8,TK-1999-0415_C1062_HNE,4,False,False,0.0148133399767287,0.013330610362615921,2,2
8,TK-1999-0415_C1062_HNE,5,False,False,0.0271278918619451,0.031161244419044835,2,2
8,TK-1999-0415_D0531_HNN,0,False,False,0.00056147753371,0.0005504974601538906,0,0
8,TK-1999-0415_D0531_HNN,1,False,False,0.00155832949719,0.001682072155332,0,0
8,TK-1999-0415_D0531_HNN,2,False,False,0.0043298791181902,0.003435064728472963,0,0
8,TK-1999-0415_D0531_HNN,3,False,False,0.0075044754318943,0.006911027599302486,1,1
8,TK-1999-0415_D0531_HNN,4,False,False,0.0123487841934741,0.010813061171868695,2,2
8,TK-1999-0415_D0531_HNN,5,False,False,0.019817270749167,0.022676058801895008,2,2
8,TK-1999-0415_1401_HNE,0,False,False,0.0006193857178809,0.0005965523953846239,0,0
8,TK-1999-0415_1401_HNE,1,False,False,0.0023059678795932,0.0023163161253333593,0,0
8,TK-1999-0415_1401_HNE,2,False,False,0.0070973967375808,0.007320079224367657,1,0
8,TK-1999-0415_1401_HNE,3,False,False,0.0159460080731992,0.013221821198036355,2,2
8,TK-1999-0415_1401_HNE,4,False,False,0.0270549437056231,0.020871944534306495,2,2
8,TK-1999-0415_1401_HNE,5,False,False,0.0328059284046866,0.036582976048145914,3,3
8,TK-1999-0415_1406_HNN,0,False,False,0.0006126019517389,0.0006339936714965965,0,0
8,TK-1999-0415_1406_HNN,1,False,False,0.0022003569091451,0.0020524971476589067,0,0
8,TK-1999-0415_1406_HNN,2,False,False,0.0045178171303112,0.005863282139902466,0,1
8,TK-1999-0415_1406_HNN,3,False,False,0.0092389581148625,0.01085205163014136,1,1
8,TK-1999-0415_1406_HNN,4,False,False,0.0131743628983919,0.017967425201657512,2,2
8,TK-1999-0415_1406_HNN,5,False,False,0.0238924880881805,0.03745823960100678,2,3
8,TK-1999-0415_8101_HNE,0,False,False,0.0006225389544331,0.0005666392151794631,0,0
8,TK-1999-0415_8101_HNE,1,False,False,0.0029074138873831,0.002251829406307945,0,0
8,TK-1999-0415_8101_HNE,2,False,False,0.008443543279651,0.006737652614309618,1,0
8,TK-1999-0415_8101_HNE,3,False,False,0.0133628926148996,0.012820734247100203,2,1
8,TK-1999-0415_8101_HNE,4,False,False,0.0218328944453246,0.021278531672297752,2,2
8,TK-1999-0415_8101_HNE,5,False,False,0.0487835928669519,0.05119564814170773,3,4
8,INT-20250810_0000200_AKS_HNN,0,False,False,0.0005663634793085,0.0006235339784085172,0,0
8,INT-20250810_0000200_AKS_HNN,1,False,False,0.0013973824743154,0.002005883465038183,0,0
8,INT-20250810_0000200_AKS_HNN,2,False,False,0.0034776858431353,0.005419874604801818,0,1
8,INT-20250810_0000200_AKS_HNN,3,False,False,0.0086493938916371,0.010512502311002824,1,1
8,INT-20250810_0000200_AKS_HNN,4,False,False,0.013522778028019,0.017724038861776047,2,2
8,INT-20250810_0000200_AKS_HNN,5,False,False,0.0223455005480071,0.03690793249391967,2,3
8,INT-20250810_0000200_BALB_HNE,0,False,False,0.0005800310442289,0.0006298895900692526,0,0
8,INT-20250810_0000200_BALB_HNE,1,False,False,0.0025236303761337,0.0022585235089000264,0,0
8,INT-20250810_0000200_BALB_HNE,2,False,False,0.0072850724461163,0.006117314007978582,1,1
8,INT-20250810_0000200_BALB_HNE,3,False,False,0.0116965919620205,0.012595400398600217,1,1
8,INT-20250810_0000200_BALB_HNE,4,False,False,0.0170115975631138,0.019079974011178724,2,2
8,INT-20250810_0000200_BALB_HNE,5,False,False,0.029959347258877,0.03390063806375905,2,2
8,INT-20250810_0000200_GORD_HNN,0,False,False,0.0005597610511738,0.000587273376514384,0,0
8,INT-20250810_0000200_GORD_HNN,1,False,False,0.0012338243643666,0.001865528046343765,0,0
8,INT-20250810_0000200_SOMA_HNN,0,False,False,0.0006100082945459,0.000626047113529526,0,0
8,INT-20250810_0000200_SOMA_HNN,1,False,False,0.001878726597405,0.0020859458766266338,0,0
8,INT-20250810_0000200_SOMA_HNN,2,False,False,0.0046917174222931,0.005598005040081792,0,1
8,INT-20250810_0000200_SOMA_HNN,3,False,False,0.0096254898252244,0.010939072080073007,1,1
8,INT-20250810_0000200_GORD_HNN,2,False,False,0.0028632418004543,0.0036544466543045394,0,0
8,INT-20250810_0000200_GORD_HNN,3,False,False,0.0053548366315303,0.005146306379753728,1,1
8,INT-20250810_0000200_GORD_HNN,4,False,False,0.0151684833272551,0.009425552609588241,2,2
8,INT-20250810_0000200_GORD_HNN,5,False,False,0.020025441974103,0.015982089074394946,2,2
8,INT-20250810_0000200_SOMA_HNN,4,False,False,0.0162557643560028,0.01750268098225003,2,2
8,INT-20250810_0000200_SOMA_HNN,5,False,False,0.0261011097816763,0.030789447075176547,2,2
8,TK-1999-0294_1612_HNE,0,False,False,0.0005945147754581,0.0005490951742109822,0,0
8,TK-1999-0294_1612_HNE,1,False,False,0.0016685430556239,0.0018220569329970907,0,0
8,TK-1999-0294_1612_HNE,2,False,False,0.0032132547236958,0.00477742342978722,0,1
8,TK-1999-0294_1612_HNE,3,False,False,0.0105983686456339,0.008914731959586962,1,1
8,TK-1999-0294_1612_HNE,4,False,False,0.0204032959333561,0.012365603009262777,2,2
8,TK-1999-0294_1612_HNE,5,False,False,0.0358036488923928,0.027068035151152074,3,2
8,TK-2003-0179_1701_HNN,0,False,False,0.0005995201546357,0.0005628030414904358,0,0
8,TK-2003-0179_1701_HNN,1,False,False,0.0022795624947281,0.0017568493636813869,0,0
8,TK-2003-0179_1701_HNN,2,False,False,0.0069120622645749,0.0034060077826942245,1,0
8,TK-2003-0179_1701_HNN,3,False,False,0.0111411654519442,0.005699011481651996,1,1
8,TK-2003-0179_1701_HNN,4,False,False,0.0154577122529699,0.008222502514572037,2,2
8,TK-2003-0179_1701_HNN,5,False,False,0.0268222371092792,0.015988811243260806,2,2
8,TK-1999-0294_4101_HNE,0,False,False,0.0006331905873811,0.000594891692766311,0,0
8,TK-1999-0294_4101_HNE,1,False,False,0.0018941630359755,0.0022175691465934544,0,0
8,TK-1999-0294_4101_HNE,2,False,False,0.0045123195457158,0.0066235736105426015,0,1
8,TK-1999-0294_4101_HNE,3,False,False,0.0085731773468367,0.014706152506401664,1,2
8,TK-1999-0294_4101_HNE,4,False,False,0.0143578250957892,0.025635686256674145,2,2
8,TK-1999-0294_4101_HNE,5,False,False,0.0219595996778288,0.040188443014634034,2,3
8,TK-1999-0294_4107_HNE,0,False,False,0.0005780448238917,0.0005527811615208869,0,0
8,TK-1999-0294_4107_HNE,1,False,False,0.0019199091451865,0.001992719203095545,0,0
8,TK-1999-0294_4107_HNE,2,False,False,0.0056305452246383,0.005353260572741043,1,0
8,TK-1999-0294_4107_HNE,3,False,False,0.0136136643837353,0.009477199882164439,2,2
8,TK-1999-0294_4107_HNE,4,False,False,0.0277480461208593,0.014615121564888232,2,2
8,TK-1999-0294_4107_HNE,5,False,False,0.061176510345782,0.028877770437309474,4,3
8,TK-1999-0294_5401_HNE,0,False,False,0.0005994622186155,0.0007717305903058308,0,0
8,TK-1999-0294_5401_HNE,1,False,False,0.0016081326030627,0.00438838195397062,0,0
8,TK-1999-0294_5401_HNE,2,False,False,0.0055790899517984,0.010304435637260979,1,1
8,TK-1999-0294_5401_HNE,3,False,False,0.0089897901312299,0.019694373057955242,1,2
8,TK-1999-0294_5401_HNE,4,False,False,0.0133661133235402,0.03224419812372149,2,2
8,TK-1999-0294_5401_HNE,5,False,False,0.0310710410266968,0.057078395069474125,3,3
8,EMSC-20200122_0000127_GOMA_HNE,0,False,False,0.0005596454958437,0.0005745538637250719,0,0
8,EMSC-20200122_0000127_GOMA_HNE,1,False,False,0.0017575318239016,0.0013947532901506542,0,0
8,EMSC-20200122_0000127_GOMA_HNE,2,False,False,0.0044504531915584,0.003028648380343563,0,0
8,EMSC-20200122_0000127_GOMA_HNE,3,False,False,0.0070833057986275,0.006059104962305675,1,1
8,EMSC-20200122_0000127_GOMA_HNE,4,False,False,0.0129777791858466,0.00946301730914964,2,2
8,EMSC-20200122_0000127_GOMA_HNE,5,False,False,0.0170786043765487,0.017795421340991803,2,2
8,EMSC-20200122_0000127_SOMA_HNN,0,False,False,0.0006854077538962,0.0005899796997924414,0,0
8,EMSC-20200122_0000127_SOMA_HNN,1,False,False,0.0016643875576919,0.0017133221717412137,0,0
8,EMSC-20200122_0000127_SOMA_HNN,2,False,False,0.0041294610596419,0.004347139939994086,0,0
8,EMSC-20200122_0000127_SOMA_HNN,3,False,False,0.0075063454602957,0.009581413360699401,1,1
8,EMSC-20200122_0000127_SOMA_HNN,4,False,False,0.014388230135524,0.014109002710861494,2,2
8,EMSC-20200122_0000127_SOMA_HNN,5,False,False,0.0272399388831907,0.023132694480275634,2,2
9,TK-1999-0077_YPT_HNN,4,False,False,0.0465452084133738,0.021671934732375723,3,2
9,TK-1999-0077_YPT_HNN,5,False,False,0.1,0.048556217196244034,4,4
9,TK-1999-0077_1612_HNE,0,False,False,0.0008236688152666,0.0006804042375577795,0,0
9,TK-1999-0077_1612_HNE,1,False,False,0.0029521505032661,0.001674472984795686,0,0
9,TK-1999-0077_YPT_HNN,0,False,False,0.0007879274360076,0.0007673610512459344,0,0
9,TK-1999-0077_YPT_HNN,1,False,False,0.0034732888193044,0.002619265436152389,0,0
9,TK-1999-0077_YPT_HNN,2,False,False,0.0113244428574327,0.005893656069109047,1,0
9,TK-1999-0077_YPT_HNN,3,False,False,0.0220759647247893,0.013427359089020957,2,2
9,TK-1999-0077_4101_HNE,0,False,False,0.0009404049315797,0.000916415947132811,0,0
9,TK-1999-0077_4101_HNE,1,False,False,0.0025988206971667,0.0035576634783025802,0,0
9,TK-1999-0077_4101_HNE,2,False,False,0.0093384798432521,0.007605488588873472,1,1
9,TK-1999-0077_4101_HNE,3,False,False,0.0242182129826023,0.0164012793114565,2,2
9,TK-1999-0077_1612_HNE,2,False,False,0.0107270299640058,0.002856320721961059,1,0
9,TK-1999-0077_1612_HNE,3,False,False,0.0162008025762735,0.00548350515583812,2,1
9,TK-1999-0077_1612_HNE,4,False,False,0.0239593238961251,0.009148521600339854,2,1
9,TK-1999-0077_1612_HNE,5,False,False,0.0430951198907153,0.01815370914713703,3,2
9,TK-1999-0077_4101_HNE,4,False,False,0.0714591923426735,0.041798906267832725,4,3
9,TK-1999-0077_4101_HNE,5,False,False,0.1,0.09336122983706036,4,4
9,TK-1999-0077_4106_HNN,0,False,False,0.0007846328121454,0.0009596463495168586,0,0
9,TK-1999-0077_4106_HNN,1,False,False,0.0021472622446773,0.004620531390420531,0,0
9,TK-1999-0077_4106_HNN,2,False,False,0.0037907796276523,0.014277282806496068,0,1
9,TK-1999-0077_4106_HNN,3,False,False,0.0089061193351977,0.027806214253170897,1,2
9,TK-1999-0077_4106_HNN,4,False,False,0.0252187545387618,0.04293219124618876,2,3
9,TK-1999-0077_4106_HNN,5,False,False,0.1,0.08674731178647506,4,4
9,TK-1999-0077_5401_HNE,0,False,False,0.0007857367966079,0.0008050246227522572,0,0
9,TK-1999-0077_5401_HNE,1,False,False,0.002718609225216,0.003729394669300409,0,0
9,TK-1999-0077_5401_HNE,2,False,False,0.0085271691863164,0.009675069995878628,1,1
9,TK-1999-0077_5401_HNE,3,False,False,0.0199707264123634,0.02224848941759734,2,2
9,TK-1999-0077_5401_HNE,4,False,False,0.0315858540238681,0.03905683948101855,3,4
9,TK-1999-0077_5401_HNE,5,False,False,0.096673176996526,0.055887363050746125,4,4
9,TK-1999-0415_487_HNN,0,False,False,0.000882275187479,0.0008258421756889752,0,0
9,TK-1999-0415_487_HNN,1,False,False,0.0043245500632968,0.0029501160209532413,0,0
9,TK-1999-0415_487_HNN,2,False,False,0.0090108548882767,0.006660053917089736,1,1
9,TK-1999-0415_487_HNN,3,False,False,0.01743219243551,0.01301023053799072,2,2
9,TK-1999-0415_487_HNN,4,False,False,0.028692310744568,0.02333656152191587,2,2
9,TK-1999-0415_487_HNN,5,False,False,0.069321325019545,0.05035802469678995,4,3
9,TK-1999-0415_496_HNN,0,False,False,0.0016485789180111,0.0017100426971373465,0,0
9,TK-1999-0415_496_HNN,1,False,False,0.004477337650166,0.006614561962397436,0,1
9,TK-1999-0415_496_HNN,2,False,False,0.0122017532440667,0.014494110991149962,2,2
9,TK-1999-0415_496_HNN,3,False,False,0.0207196340494934,0.022694234933371242,2,2
9,TK-1999-0415_496_HNN,4,False,False,0.0356725060133459,0.03951374864095202,3,2
9,TK-1999-0415_496_HNN,5,False,False,0.0826084780705447,0.08031829519551474,4,4
9,TK-1999-0415_498_HNN,0,False,False,0.000924902214037,0.0009124355906233388,0,0
9,TK-1999-0415_498_HNN,1,False,False,0.0050985242898152,0.0032538499945782107,1,0
9,TK-1999-0415_498_HNN,2,False,False,0.009829088525042,0.00951704830335955,1,1
9,TK-1999-0415_498_HNN,3,False,False,0.0161160527230773,0.018889970900792,2,2
9,TK-1999-0415_498_HNN,4,False,False,0.0257622003768797,0.0351426141746062,2,2
9,TK-1999-0415_498_HNN,5,False,False,0.068141782001207,0.05876340925322299,4,3
9,TK-1999-0415_C0362_HNN,0,False,False,0.0007823771973033,0.0007488184483653536,0,0
9,TK-1999-0415_C0362_HNN,1,False,False,0.0025026642866089,0.0016095010528207982,0,0
9,TK-1999-0415_C0362_HNN,2,False,False,0.0059181423795261,0.002447322409291039,1,0
9,TK-1999-0415_C0362_HNN,3,False,False,0.0096011797010825,0.005106907788493112,1,0
9,TK-1999-0415_C0362_HNN,4,False,False,0.0177402666507418,0.008326378919957736,2,1
9,TK-1999-0415_C0362_HNN,5,False,False,0.0331632589742851,0.013073629970092095,3,2
9,TK-1999-0415_C0375_HNN,0,False,False,0.0014877037932503,0.0014440893296011374,0,0
9,TK-1999-0415_C0375_HNN,1,False,False,0.0091832758930081,0.004857617357166696,1,1
9,TK-1999-0415_C1058_HNE,0,False,False,0.0008182677524853,0.0007799066741216068,0,0
9,TK-1999-0415_C1058_HNE,1,False,False,0.0042326585664116,0.0026864762548170456,0,0
9,TK-1999-0415_C1058_HNE,2,False,False,0.0141685796516415,0.0077986856948554515,2,1
9,TK-1999-0415_C1058_HNE,3,False,False,0.0202669317122371,0.018431022161210692,2,2
9,TK-1999-0415_C0375_HNN,2,False,False,0.0129303190883441,0.012173671046558464,2,2
9,TK-1999-0415_C0375_HNN,3,False,False,0.0172949615207956,0.02037732253233452,2,2
9,TK-1999-0415_C0375_HNN,4,False,False,0.0280363114132099,0.040803306920781955,2,3
9,TK-1999-0415_C0375_HNN,5,False,False,0.0778304392924902,0.07484512334040386,4,4
9,TK-1999-0415_C1058_HNE,4,False,False,0.042827483272473,0.03826625883340421,3,2
9,TK-1999-0415_C1058_HNE,5,False,False,0.1,0.05212188983835947,4,3
9,TK-1999-0415_C1059_HNN,0,False,False,0.0008189347767411,0.0010133911811192162,0,0
9,TK-1999-0415_C1059_HNN,1,False,False,0.0030624621799161,0.004117316458095112,0,0
9,TK-1999-0415_C1059_HNN,2,False,False,0.0080637596052924,0.008893981112827895,1,1
9,TK-1999-0415_C1059_HNN,3,False,False,0.0148870377197697,0.015487266971897192,2,2
9,TK-1999-0415_C1059_HNN,4,False,False,0.0244204820129812,0.038385640514277376,2,2
9,TK-1999-0415_C1059_HNN,5,False,False,0.058378944159323,0.06601178002106799,3,4
9,TK-1999-0415_C1060_HNE,0,False,False,0.0007116254976278,0.0008662529369901209,0,0
9,TK-1999-0415_C1060_HNE,1,False,False,0.0021119112082142,0.0027411676052632402,0,0
9,TK-1999-0415_C1060_HNE,2,False,False,0.0093679611498274,0.006116179015545563,1,1
9,TK-1999-0415_C1060_HNE,3,False,False,0.0165925551763901,0.011008155331023867,2,1
9,TK-1999-0415_C1060_HNE,4,False,False,0.0277662901683174,0.01962359676421966,2,2
9,TK-1999-0415_C1060_HNE,5,False,False,0.0570602553728733,0.04399355988679855,3,3
9,TK-1999-0415_C1061_HNE,0,False,False,0.00080348253954,0.0008883475064736692,0,0
9,TK-1999-0415_C1061_HNE,1,False,False,0.00417421288815,0.003103113678062674,0,0
9,TK-1999-0415_C1061_HNE,2,False,False,0.0103899386553978,0.0073628245013383,1,1
9,TK-1999-0415_C1061_HNE,3,False,False,0.0155518470300574,0.011973922990597727,2,2
9,TK-1999-0415_C1061_HNE,4,False,False,0.0228349787318076,0.01873452695465998,2,2
9,TK-1999-0415_C1061_HNE,5,False,False,0.0589492551536141,0.03980937516559896,3,3
9,TK-1999-0415_C1062_HNE,0,False,False,0.0009886065477075,0.0008876187177258435,0,0
9,TK-1999-0415_C1062_HNE,1,False,False,0.0043962240791198,0.003426152804582542,0,0
9,TK-1999-0415_C1062_HNE,2,False,False,0.0116456146107284,0.00866975605897169,1,1
9,TK-1999-0415_C1062_HNE,3,False,False,0.0166208442834155,0.017218593643016887,2,2
9,TK-1999-0415_C1062_HNE,4,False,False,0.0250994729226176,0.03492432440262438,2,3
9,TK-1999-0415_C1062_HNE,5,False,False,0.054005890248275,0.06631621777766553,3,3
9,TK-1999-0415_D0531_HNN,0,False,False,0.0006840776157169,0.000767133180638195,0,0
9,TK-1999-0415_D0531_HNN,1,False,False,0.0017039949218054,0.0026918603085128493,0,0
9,TK-1999-0415_D0531_HNN,2,False,False,0.0054360747452717,0.006539253211967316,1,1
9,TK-1999-0415_D0531_HNN,3,False,False,0.0115755478929871,0.011822766086124065,1,2
9,TK-1999-0415_D0531_HNN,4,False,False,0.0150524353768121,0.021590477721533562,2,2
9,TK-1999-0415_D0531_HNN,5,False,False,0.0337922646960946,0.04559634838118225,3,3
9,TK-1999-0415_1401_HNE,0,False,False,0.0007524984217671,0.000885240065946688,0,0
9,TK-1999-0415_1401_HNE,1,False,False,0.0023018878117379,0.003442718188488301,0,0
9,TK-1999-0415_1401_HNE,2,False,False,0.0057452158432148,0.007486227971590867,1,0
9,TK-1999-0415_1401_HNE,3,False,False,0.0101556792520739,0.011132219094534065,1,1
9,TK-1999-0415_1401_HNE,4,False,False,0.0133392865948734,0.019730593413679966,2,2
9,TK-1999-0415_1401_HNE,5,False,False,0.0210807920824765,0.035990815132397616,2,3
9,TK-1999-0415_1406_HNN,0,False,False,0.0010706811242146,0.0010253634856688934,0,0
9,TK-1999-0415_1406_HNN,1,False,False,0.003570637829489,0.00412447885550066,0,0
9,TK-1999-0415_1406_HNN,2,False,False,0.0075370447237201,0.009293988143477256,1,1
9,TK-1999-0415_1406_HNN,3,False,False,0.0180342639519876,0.01561993039705761,2,2
9,TK-1999-0415_1406_HNN,4,False,False,0.0362945207699165,0.03146968383729365,3,2
9,TK-1999-0415_1406_HNN,5,False,False,0.1,0.06742410989476474,4,3
9,TK-1999-0415_8101_HNE,0,False,False,0.0007907920180879,0.0008788748759348553,0,0
9,TK-1999-0415_8101_HNE,1,False,False,0.0020641683631708,0.0036401982794256474,0,0
9,TK-1999-0415_8101_HNE,2,False,False,0.0064391975904685,0.007717971084107649,1,2
9,TK-1999-0415_8101_HNE,3,False,False,0.0095506354075124,0.011427091758030725,1,2
9,TK-1999-0415_8101_HNE,4,False,False,0.0231643055480641,0.01855239887613939,2,2
9,TK-1999-0415_8101_HNE,5,False,False,0.0375865828968107,0.04379080538569812,3,3
9,INT-20250810_0000200_AKS_HNN,0,False,False,0.0010486555751779,0.000981831718080154,0,0
9,INT-20250810_0000200_AKS_HNN,1,False,False,0.0028779372355983,0.004076251423147939,0,0
9,INT-20250810_0000200_AKS_HNN,2,False,False,0.0070932198601852,0.009492398984454828,1,1
9,INT-20250810_0000200_AKS_HNN,3,False,False,0.0128579424419706,0.02013060051318768,2,2
9,INT-20250810_0000200_AKS_HNN,4,False,False,0.0224885992728189,0.025655185404001333,2,2
9,INT-20250810_0000200_AKS_HNN,5,False,False,0.0633422732264803,0.056588117100969476,4,3
9,INT-20250810_0000200_BALB_HNE,0,False,False,0.0007503929273913,0.000829952194683682,0,0
9,INT-20250810_0000200_BALB_HNE,1,False,False,0.0023553748425962,0.0024555087561015294,0,0
9,INT-20250810_0000200_BALB_HNE,2,False,False,0.0043957179222334,0.006220467190567271,0,1
9,INT-20250810_0000200_BALB_HNE,3,False,False,0.0097128968326926,0.010468773220324227,1,1
9,INT-20250810_0000200_BALB_HNE,4,False,False,0.0125941597574957,0.01631373867268409,2,2
9,INT-20250810_0000200_BALB_HNE,5,False,False,0.0259817823147516,0.03491584150308714,2,3
9,INT-20250810_0000200_GORD_HNN,0,False,False,0.0010406468129475,0.0007583966437068796,0,0
9,INT-20250810_0000200_GORD_HNN,1,False,False,0.0034304238319415,0.0023173120092552847,0,0
9,INT-20250810_0000200_GORD_HNN,2,False,False,0.0088088453790765,0.005430760601216186,1,1
9,INT-20250810_0000200_GORD_HNN,3,False,False,0.0120161229377071,0.009768896633952983,2,1
9,INT-20250810_0000200_GORD_HNN,4,False,False,0.020793280422426,0.014597488762894692,2,2
9,INT-20250810_0000200_GORD_HNN,5,False,False,0.0336825480811589,0.03264544218574009,3,3
9,INT-20250810_0000200_SOMA_HNN,0,False,False,0.0008695447263068,0.0008550670283307651,0,0
9,INT-20250810_0000200_SOMA_HNN,1,False,False,0.0022232703610318,0.0030028331018754338,0,0
9,INT-20250810_0000200_SOMA_HNN,2,False,False,0.0070432449718715,0.006391398181880995,1,1
9,INT-20250810_0000200_SOMA_HNN,3,False,False,0.0154814908197069,0.011331301733427753,2,2
9,INT-20250810_0000200_SOMA_HNN,4,False,False,0.0201018052898854,0.018733904730774797,2,2
9,INT-20250810_0000200_SOMA_HNN,5,False,False,0.0265074322610278,0.040597510963754885,2,3
9,TK-1999-0294_1612_HNE,0,False,False,0.0008690567305121,0.000734942523134276,0,0
9,TK-1999-0294_1612_HNE,1,False,False,0.0047118534396358,0.0021246221922384956,0,0
9,TK-1999-0294_1612_HNE,2,False,False,0.0097807033485787,0.005289285584533727,1,1
9,TK-1999-0294_1612_HNE,3,False,False,0.0194519414276578,0.009368162494298586,2,2
9,TK-1999-0294_1612_HNE,4,False,False,0.0288703918111671,0.015970082210387,2,2
9,TK-1999-0294_1612_HNE,5,False,False,0.0458579766624126,0.03275093789874449,3,2
9,TK-2003-0179_1701_HNN,0,False,False,0.0007656362238562,0.0007192592125292107,0,0
9,TK-2003-0179_1701_HNN,1,False,False,0.0019761729453705,0.0021517346120383226,0,0
9,TK-2003-0179_1701_HNN,2,False,False,0.0036714534737315,0.0033607878407019317,0,0
9,TK-2003-0179_1701_HNN,3,False,False,0.0058575108192546,0.005770666003492469,1,1
9,TK-2003-0179_1701_HNN,4,False,False,0.0123085346180986,0.007817413210817449,2,1
9,TK-2003-0179_1701_HNN,5,False,False,0.0171090048051085,0.018833299982228616,2,2
9,TK-1999-0294_4101_HNE,0,False,False,0.0009583420311543,0.000944582710694078,0,0
9,TK-1999-0294_4101_HNE,1,False,False,0.0030148942964861,0.003940042859226271,0,0
9,TK-1999-0294_4101_HNE,2,False,False,0.009775629297174,0.01172897017587508,1,1
9,TK-1999-0294_4101_HNE,3,False,False,0.0142102316927278,0.019381690875648814,2,2
9,TK-1999-0294_4101_HNE,4,False,False,0.028462791787542,0.02751459693615728,2,2
9,TK-1999-0294_4101_HNE,5,False,False,0.0459541429844329,0.05025248815580615,3,3
9,TK-1999-0294_4107_HNE,0,False,False,0.0007754012925355,0.0007356658936547599,0,0
9,TK-1999-0294_4107_HNE,1,False,False,0.0031189191094941,0.0023568223658012558,0,0
9,TK-1999-0294_4107_HNE,2,False,False,0.0073059894647933,0.006303358251552628,1,1
9,TK-1999-0294_4107_HNE,3,False,False,0.0156000097227181,0.011877545445612968,2,2
9,TK-1999-0294_4107_HNE,4,False,False,0.0273026629236462,0.018823516577961077,2,2
9,TK-1999-0294_4107_HNE,5,False,False,0.0448281272217685,0.034172489937483536,3,3
9,TK-1999-0294_5401_HNE,0,False,False,0.0007754409282394,0.001367423003718818,0,0
9,TK-1999-0294_5401_HNE,1,False,False,0.0020698816832334,0.005599526474644929,0,0
9,EMSC-20200122_0000127_GOMA_HNE,0,False,False,0.0006989513879021,0.000711020268329482,0,0
9,EMSC-20200122_0000127_GOMA_HNE,1,False,False,0.0020733270956995,0.00199352342676508,0,0
9,EMSC-20200122_0000127_GOMA_HNE,2,False,False,0.0043171486058587,0.0043711688406781425,0,0
9,EMSC-20200122_0000127_GOMA_HNE,3,False,False,0.0075278140216395,0.007620471613679964,1,1
9,TK-1999-0294_5401_HNE,2,False,False,0.0056926751300591,0.014723237600428051,1,1
9,TK-1999-0294_5401_HNE,3,False,False,0.0102701133208708,0.022845417538209525,1,2
9,TK-1999-0294_5401_HNE,4,False,False,0.0192196791848733,0.03346530471502108,2,2
9,TK-1999-0294_5401_HNE,5,False,False,0.0352681846489793,0.06065806214214273,3,3
9,EMSC-20200122_0000127_GOMA_HNE,4,False,False,0.0125019119025539,0.010870464144450389,2,2
9,EMSC-20200122_0000127_GOMA_HNE,5,False,False,0.0230826026401973,0.02528139515507599,2,3
9,EMSC-20200122_0000127_SOMA_HNN,0,False,False,0.0008246048335365,0.0009115359027291901,0,0
9,EMSC-20200122_0000127_SOMA_HNN,1,False,False,0.0028019637651746,0.0031950926883140504,0,0
9,EMSC-20200122_0000127_SOMA_HNN,2,False,False,0.0071849620588668,0.008348490766922618,1,1
9,EMSC-20200122_0000127_SOMA_HNN,3,False,False,0.0153461365451372,0.013678179218884373,2,2
9,EMSC-20200122_0000127_SOMA_HNN,4,False,False,0.02309561877842,0.02244095407610599,2,2
9,EMSC-20200122_0000127_SOMA_HNN,5,False,False,0.0374268488808698,0.04580643164376253,3,3
10,TK-1999-0077_YPT_HNN,4,False,False,0.0390452603126009,0.028584658495012415,3,3
10,TK-1999-0077_YPT_HNN,5,False,False,0.1,0.06230740873456308,4,4
10,TK-1999-0077_1612_HNE,0,False,False,0.0004384055722524,0.00040906635074966047,0,0
10,TK-1999-0077_1612_HNE,1,False,False,0.0014350291319627,0.0014759379445590532,0,0
10,TK-1999-0077_YPT_HNN,0,False,False,0.0004271816936235,0.00041717513271750326,0,0
10,TK-1999-0077_YPT_HNN,1,False,False,0.0025341562979958,0.001285304203989125,0,0
10,TK-1999-0077_YPT_HNN,2,False,False,0.0104044754837321,0.0034557553251236507,1,0
10,TK-1999-0077_YPT_HNN,3,False,False,0.0189591862962985,0.007639878342963675,2,1
10,TK-1999-0077_4101_HNE,0,False,False,0.0004373773879329,0.00043068860317284417,0,0
10,TK-1999-0077_4101_HNE,1,False,False,0.0027066737404603,0.0015038610399826368,0,0
10,TK-1999-0077_4101_HNE,2,False,False,0.005132503090604,0.004382731367308674,1,0
10,TK-1999-0077_4101_HNE,3,False,False,0.0101063652041535,0.007993792600716275,1,1
10,TK-1999-0077_1612_HNE,2,False,False,0.0037632751451051,0.0032748420854369687,0,0
10,TK-1999-0077_1612_HNE,3,False,False,0.0125582146442734,0.0065147478272543635,2,1
10,TK-1999-0077_1612_HNE,4,False,False,0.0304724046595967,0.0124986100952242,3,2
10,TK-1999-0077_1612_HNE,5,False,False,0.0572198627343345,0.028908153389166993,3,3
10,TK-1999-0077_4101_HNE,4,False,False,0.0208578364583094,0.021973302870012944,2,3
10,TK-1999-0077_4101_HNE,5,False,False,0.1,0.06443578034239456,4,4
10,TK-1999-0077_4106_HNN,0,False,False,0.0004497650355051,0.0004390148201480381,0,0
10,TK-1999-0077_4106_HNN,1,False,False,0.001403969684217,0.0016043562406801068,0,0
10,TK-1999-0077_4106_HNN,2,False,False,0.0039054504486271,0.00693233338456204,0,1
10,TK-1999-0077_4106_HNN,3,False,False,0.0059181240153918,0.015931391101619004,1,2
10,TK-1999-0077_4106_HNN,4,False,False,0.014295295079375,0.037099302094616975,2,3
10,TK-1999-0077_4106_HNN,5,False,False,0.0373487009371124,0.09376284120008768,3,4
10,TK-1999-0077_5401_HNE,0,False,False,0.0004436699025301,0.0005365841762207906,0,0
10,TK-1999-0077_5401_HNE,1,False,False,0.0016223837668568,0.0025058790975106,0,0
10,TK-1999-0077_5401_HNE,2,False,False,0.0031116925893652,0.008227717816756009,0,1
10,TK-1999-0077_5401_HNE,3,False,False,0.0116685748516601,0.016571057289987014,1,2
10,TK-1999-0077_5401_HNE,4,False,False,0.0222268667597322,0.043736616190708025,2,3
10,TK-1999-0077_5401_HNE,5,False,False,0.0823214612604911,0.06478963840186433,4,4
10,TK-1999-0415_487_HNN,0,False,False,0.0004496466434043,0.0003914309680570827,0,0
10,TK-1999-0415_487_HNN,1,False,False,0.0014687881351355,0.0011859676364070586,0,0
10,TK-1999-0415_487_HNN,2,False,False,0.0043023324051505,0.0027298100670339756,0,0
10,TK-1999-0415_487_HNN,3,False,False,0.0053730275718492,0.004004678652600611,1,0
10,TK-1999-0415_487_HNN,4,False,False,0.0089483327328693,0.006261041681313113,1,1
10,TK-1999-0415_487_HNN,5,False,False,0.015421743951642,0.013526803698346426,2,2
10,TK-1999-0415_496_HNN,0,False,False,0.0004964789694444,0.0004416746778205618,0,0
10,TK-1999-0415_496_HNN,1,False,False,0.0021501336736146,0.0018230274543602845,0,0
10,TK-1999-0415_496_HNN,2,False,False,0.005013332207356,0.004926959938318863,1,1
10,TK-1999-0415_496_HNN,3,False,False,0.0157475059471225,0.008887933616666335,2,2
10,TK-1999-0415_496_HNN,4,False,False,0.019489078019557,0.015826792728521808,2,2
10,TK-1999-0415_496_HNN,5,False,False,0.022891893022627,0.027416920934397397,2,2
10,TK-1999-0415_498_HNN,0,False,False,0.0004509182820108,0.00046137333021008215,0,0
10,TK-1999-0415_498_HNN,1,False,False,0.0013968924220181,0.0015203452601888442,0,0
10,TK-1999-0415_C0362_HNN,0,False,False,0.0004381036572991,0.00040951483587230023,0,0
10,TK-1999-0415_C0362_HNN,1,False,False,0.0014843113351227,0.0012335647946419618,0,0
10,TK-1999-0415_C0362_HNN,2,False,False,0.0078170732097384,0.0030015706220775495,1,0
10,TK-1999-0415_C0362_HNN,3,False,False,0.0143303146723508,0.005248403401999897,2,1
10,TK-1999-0415_498_HNN,2,False,False,0.0034269910711458,0.004073334406556676,0,1
10,TK-1999-0415_498_HNN,3,False,False,0.0057948717800367,0.006575406280973064,1,1
10,TK-1999-0415_498_HNN,4,False,False,0.0087579983184401,0.01435205976380673,1,2
10,TK-1999-0415_498_HNN,5,False,False,0.0238879511739168,0.02818909349165245,2,2
10,TK-1999-0415_C0375_HNN,2,False,False,0.0018861523527968,0.0034389157597225616,0,0
10,TK-1999-0415_C0375_HNN,3,False,False,0.002917211946581,0.005641198524814986,0,1
10,TK-1999-0415_C0375_HNN,4,False,False,0.0079756828338261,0.010816041526924648,1,1
10,TK-1999-0415_C0375_HNN,5,False,False,0.0186153471245585,0.019728725036874197,2,2
10,TK-1999-0415_C0362_HNN,4,False,False,0.0234677265441747,0.010106111233603315,2,1
10,TK-1999-0415_C0362_HNN,5,False,False,0.0713792188679076,0.01906655565190989,4,2
10,TK-1999-0415_C0375_HNN,0,False,False,0.0004167155349234,0.00042983094814951227,0,0
10,TK-1999-0415_C0375_HNN,1,False,False,0.0009609582908156,0.0013604765877389825,0,0
10,TK-1999-0415_C1058_HNE,0,False,False,0.0004422130995804,0.00042603760736274055,0,0
10,TK-1999-0415_C1058_HNE,1,False,False,0.0012674605985814,0.001642245677758653,0,0
10,TK-1999-0415_C1058_HNE,2,False,False,0.0032396301696576,0.0052282589091338285,0,1
10,TK-1999-0415_C1058_HNE,3,False,False,0.0078819685804468,0.010687375275095126,1,2
10,TK-1999-0415_C1058_HNE,4,False,False,0.0232801008346365,0.025970636493590438,2,2
10,TK-1999-0415_C1058_HNE,5,False,False,0.0557899201663569,0.05506357393166918,3,4
10,TK-1999-0415_C1059_HNN,0,False,False,0.0004431780900275,0.0004058811800262632,0,0
10,TK-1999-0415_C1059_HNN,1,False,False,0.0013853070607442,0.0012279615293089273,0,0
10,TK-1999-0415_C1059_HNN,2,False,False,0.0034517189633375,0.003952091857036343,0,0
10,TK-1999-0415_C1059_HNN,3,False,False,0.0061234151550464,0.0063049987001372486,1,1
10,TK-1999-0415_C1059_HNN,4,False,False,0.0119749699025616,0.013145422021099216,1,2
10,TK-1999-0415_C1059_HNN,5,False,False,0.017158279381166,0.02831825842643595,2,3
10,TK-1999-0415_C1060_HNE,0,False,False,0.000452295256043,0.00046398139722484896,0,0
10,TK-1999-0415_C1060_HNE,1,False,False,0.0012224398032977,0.0017878605478689768,0,0
10,TK-1999-0415_C1060_HNE,2,False,False,0.0051852244147018,0.0038826330629125228,1,0
10,TK-1999-0415_C1060_HNE,3,False,False,0.0102533597991459,0.007686959364456756,1,1
10,TK-1999-0415_C1060_HNE,4,False,False,0.0149616249247266,0.013171387561972567,2,1
10,TK-1999-0415_C1060_HNE,5,False,False,0.0353523253412654,0.02368382025889137,3,2
10,TK-1999-0415_C1061_HNE,0,False,False,0.0004243742951007,0.00042741015002877844,0,0
10,TK-1999-0415_C1061_HNE,1,False,False,0.0011603069948915,0.0014051084531088692,0,0
10,TK-1999-0415_C1061_HNE,2,False,False,0.0020311953666681,0.00363077408966581,0,0
10,TK-1999-0415_C1061_HNE,3,False,False,0.0050404637388094,0.0060702184039572145,1,1
10,TK-1999-0415_C1061_HNE,4,False,False,0.0108261394218443,0.010164997071211148,1,1
10,TK-1999-0415_C1061_HNE,5,False,False,0.0194353704114897,0.017571459643237426,2,2
10,TK-1999-0415_C1062_HNE,0,False,False,0.0004363657132042,0.00043572656541732987,0,0
10,TK-1999-0415_C1062_HNE,1,False,False,0.0015452566616793,0.0015104711490386605,0,0
10,TK-1999-0415_C1062_HNE,2,False,False,0.0050934283460593,0.004288989418182148,1,0
10,TK-1999-0415_C1062_HNE,3,False,False,0.0099164567746934,0.007418983418093849,1,1
10,TK-1999-0415_C1062_HNE,4,False,False,0.0158152568346336,0.013056613267813303,2,2
10,TK-1999-0415_C1062_HNE,5,False,False,0.0366945447491548,0.03274601186451255,3,3
10,TK-1999-0415_D0531_HNN,0,False,False,0.000428991018677,0.0003930161703558748,0,0
10,TK-1999-0415_D0531_HNN,1,False,False,0.0017544426983104,0.001094964655376706,0,0
10,TK-1999-0415_1401_HNE,0,False,False,0.0004364300289491,0.0004401567618205441,0,0
10,TK-1999-0415_1401_HNE,1,False,False,0.0014972391694945,0.0016645771926709692,0,0
10,TK-1999-0415_1401_HNE,2,False,False,0.005192992831564,0.005283414645840557,1,0
10,TK-1999-0415_1401_HNE,3,False,False,0.0103330415876735,0.009318009701145913,1,1
10,TK-1999-0415_D0531_HNN,2,False,False,0.0035490060409545,0.002526460719390771,0,0
10,TK-1999-0415_D0531_HNN,3,False,False,0.0058323982024859,0.00413999318449305,1,0
10,TK-1999-0415_D0531_HNN,4,False,False,0.0108551000685128,0.0069541973197341615,1,1
10,TK-1999-0415_D0531_HNN,5,False,False,0.0182177398375946,0.015102850012841968,2,2
10,TK-1999-0415_1401_HNE,4,False,False,0.0221634594437061,0.020621446878638684,2,1
10,TK-1999-0415_1401_HNE,5,False,False,0.0471699959004105,0.034420898274173155,3,3
10,TK-1999-0415_1406_HNN,0,False,False,0.0004456484357301,0.000508188003082856,0,0
10,TK-1999-0415_1406_HNN,1,False,False,0.0020620810585516,0.001809543695680969,0,0
10,TK-1999-0415_1406_HNN,2,False,False,0.005562445535168,0.004943098794016264,1,1
10,TK-1999-0415_1406_HNN,3,False,False,0.0089677580867205,0.009169559251277588,1,1
10,TK-1999-0415_1406_HNN,4,False,False,0.014933950727597,0.017652181983273597,2,2
10,TK-1999-0415_1406_HNN,5,False,False,0.0229482054037061,0.04033385538886865,2,2
10,TK-1999-0415_8101_HNE,0,False,False,0.0004533894001075,0.0004467187580747179,0,0
10,TK-1999-0415_8101_HNE,1,False,False,0.0020225417913282,0.0019803022094300577,0,0
10,TK-1999-0415_8101_HNE,2,False,False,0.0101914879825305,0.006801043609305809,1,1
10,TK-1999-0415_8101_HNE,3,False,False,0.018896916094167,0.012930105486127521,2,1
10,TK-1999-0415_8101_HNE,4,False,False,0.0300258391300715,0.03600006315986831,3,3
10,TK-1999-0415_8101_HNE,5,False,False,0.0628932516864053,0.06697339934040722,4,3
10,INT-20250810_0000200_AKS_HNN,0,False,False,0.0004302881294443,0.0004155016109585651,0,0
10,INT-20250810_0000200_AKS_HNN,1,False,False,0.0012163754614919,0.0013207199775685918,0,0
10,INT-20250810_0000200_AKS_HNN,2,False,False,0.0029254740741611,0.003734793365681033,0,0
10,INT-20250810_0000200_AKS_HNN,3,False,False,0.0044554101912265,0.006252667439824008,0,1
10,INT-20250810_0000200_AKS_HNN,4,False,False,0.006961453838953,0.011325163617496564,1,1
10,INT-20250810_0000200_AKS_HNN,5,False,False,0.0128359036594174,0.024982084038547354,2,2
10,INT-20250810_0000200_BALB_HNE,0,False,False,0.0004375883156422,0.0004439461398559781,0,0
10,INT-20250810_0000200_BALB_HNE,1,False,False,0.0014467542580394,0.0014879688242443706,0,0
10,INT-20250810_0000200_BALB_HNE,2,False,False,0.0033849750469982,0.00508458411053204,0,0
10,INT-20250810_0000200_BALB_HNE,3,False,False,0.0081541341645938,0.008555065126435498,1,1
10,INT-20250810_0000200_BALB_HNE,4,False,False,0.0128657801836278,0.014782842921343893,2,2
10,INT-20250810_0000200_BALB_HNE,5,False,False,0.0227063406942053,0.02860457121053728,2,2
10,INT-20250810_0000200_GORD_HNN,0,False,False,0.0004488288456527,0.00043707849087099487,0,0
10,INT-20250810_0000200_GORD_HNN,1,False,False,0.0023028951936596,0.0012122027047932315,0,0
10,INT-20250810_0000200_SOMA_HNN,0,False,False,0.0004424687647874,0.00042990764465390045,0,0
10,INT-20250810_0000200_SOMA_HNN,1,False,False,0.0011361371888707,0.0013730730514449562,0,0
10,INT-20250810_0000200_SOMA_HNN,2,False,False,0.0026725360509065,0.004018670010592939,0,0
10,INT-20250810_0000200_SOMA_HNN,3,False,False,0.0056332181354614,0.006958264368363189,1,1
10,INT-20250810_0000200_GORD_HNN,2,False,False,0.0043667358969253,0.0028134364402088254,0,0
10,INT-20250810_0000200_GORD_HNN,3,False,False,0.0065235633782148,0.005205176164897199,1,1
10,INT-20250810_0000200_GORD_HNN,4,False,False,0.0113584966358974,0.008827781280137096,1,1
10,INT-20250810_0000200_GORD_HNN,5,False,False,0.0235337261410524,0.015066876175399693,2,2
10,INT-20250810_0000200_SOMA_HNN,4,False,False,0.0077753991820556,0.011658166250501908,1,2
10,INT-20250810_0000200_SOMA_HNN,5,False,False,0.0137551169213505,0.02127102181363067,2,2
10,TK-1999-0294_1612_HNE,0,False,False,0.0004384238649345,0.00040297646615845405,0,0
10,TK-1999-0294_1612_HNE,1,False,False,0.001473793939775,0.0013975117338873107,0,0
10,TK-1999-0294_1612_HNE,2,False,False,0.0044278093901706,0.003877901921227439,0,0
10,TK-1999-0294_1612_HNE,3,False,False,0.0074368929843118,0.007125602448110483,1,1
10,TK-1999-0294_1612_HNE,4,False,False,0.0111592032953012,0.012047831767629708,1,2
10,TK-1999-0294_1612_HNE,5,False,False,0.0311652734693566,0.02598030476643359,3,3
10,TK-2003-0179_1701_HNN,0,False,False,0.0004372588335822,0.00041997463984354164,0,0
10,TK-2003-0179_1701_HNN,1,False,False,0.0013919802624681,0.0011667908054211517,0,0
10,TK-2003-0179_1701_HNN,2,False,False,0.004071428462008,0.002472882589722253,0,0
10,TK-2003-0179_1701_HNN,3,False,False,0.0093899533154262,0.0043881506836014935,1,1
10,TK-2003-0179_1701_HNN,4,False,False,0.0152023362355421,0.00733577246500662,2,1
10,TK-2003-0179_1701_HNN,5,False,False,0.026844430500181,0.01306786081544386,2,2
10,TK-1999-0294_4101_HNE,0,False,False,0.0004320648345542,0.0004240234817856048,0,0
10,TK-1999-0294_4101_HNE,1,False,False,0.0011561416243858,0.001384309520678415,0,0
10,TK-1999-0294_4101_HNE,2,False,False,0.0026474811009493,0.0038400847632549064,0,0
10,TK-1999-0294_4101_HNE,3,False,False,0.0039275594094728,0.007181154288618698,0,1
10,TK-1999-0294_4101_HNE,4,False,False,0.0071091296558738,0.015400013446642127,1,2
10,TK-1999-0294_4101_HNE,5,False,False,0.0137213225402301,0.03740393918324149,2,3
10,TK-1999-0294_4107_HNE,0,False,False,0.0004392831542711,0.0003999388198935966,0,0
10,TK-1999-0294_4107_HNE,1,False,False,0.0015103294335012,0.0013528886832675218,0,0
10,TK-1999-0294_4107_HNE,2,False,False,0.003958202428262,0.004596718719354601,0,0
10,TK-1999-0294_4107_HNE,3,False,False,0.009862267637956,0.008619144143387159,1,2
10,TK-1999-0294_4107_HNE,4,False,False,0.0230426708630834,0.01510151934213268,2,2
10,TK-1999-0294_4107_HNE,5,False,False,0.0581306273908548,0.03170631138527775,3,3
10,TK-1999-0294_5401_HNE,0,False,False,0.0004574059057076,0.0005341116437000066,0,0
10,TK-1999-0294_5401_HNE,1,False,False,0.0013523087986792,0.0025976553961986524,0,0
10,TK-1999-0294_5401_HNE,2,False,False,0.0028834851990429,0.006997456148934841,0,1
10,TK-1999-0294_5401_HNE,3,False,False,0.0041236056718666,0.013480778278754067,0,1
10,TK-1999-0294_5401_HNE,4,False,False,0.0063355057071842,0.0271202135026294,1,2
10,TK-1999-0294_5401_HNE,5,False,False,0.0134762285474219,0.04230814216028006,2,2
10,EMSC-20200122_0000127_GOMA_HNE,0,False,False,0.0004242461448532,0.000422501046799867,0,0
10,EMSC-20200122_0000127_GOMA_HNE,1,False,False,0.001344687946552,0.0011093010624461678,0,0
10,EMSC-20200122_0000127_GOMA_HNE,2,False,False,0.0040152537922977,0.0025412250349732264,0,0
10,EMSC-20200122_0000127_GOMA_HNE,3,False,False,0.0086421224099377,0.005692895150177308,1,1
10,EMSC-20200122_0000127_GOMA_HNE,4,False,False,0.0132438635930461,0.008698579892678545,2,2
10,EMSC-20200122_0000127_GOMA_HNE,5,False,False,0.0197405311977042,0.01502122118926003,2,2
10,EMSC-20200122_0000127_SOMA_HNN,0,False,False,0.0004437883057916,0.00039871577948138743,0,0
10,EMSC-20200122_0000127_SOMA_HNN,1,False,False,0.0012657485673889,0.0011278004550213088,0,0
10,EMSC-20200122_0000127_SOMA_HNN,2,False,False,0.0038025385680292,0.0025983970524390307,0,0
10,EMSC-20200122_0000127_SOMA_HNN,3,False,False,0.0056352154171782,0.00509258756402617,1,1
10,EMSC-20200122_0000127_SOMA_HNN,4,False,False,0.0095064342162869,0.009078343691458626,1,1
10,EMSC-20200122_0000127_SOMA_HNN,5,False,False,0.017696755606301,0.016170503587731845,2,2
11,TK-1999-0077_YPT_HNN,4,False,False,0.05245946163273,0.02706339186674898,3,3
11,TK-1999-0077_YPT_HNN,5,False,False,0.1,0.0675301099076751,4,4
11,TK-1999-0077_1612_HNE,0,False,False,0.0007173374283323,0.000616886124469886,0,0
11,TK-1999-0077_1612_HNE,1,False,False,0.0043648838880743,0.0019552114131625616,0,0
11,TK-1999-0077_YPT_HNN,0,False,False,0.000795730562326,0.0006275783892690845,0,0
11,TK-1999-0077_YPT_HNN,1,False,False,0.0026047525443387,0.002248508931883177,0,0
11,TK-1999-0077_YPT_HNN,2,False,False,0.0100350248887688,0.006107726929953983,1,0
11,TK-1999-0077_YPT_HNN,3,False,False,0.0208705624259341,0.013072187442697693,2,2
11,TK-1999-0077_4101_HNE,0,False,False,0.000584893766627,0.0007261040663987095,0,0
11,TK-1999-0077_4101_HNE,1,False,False,0.002798880830597,0.0030493809529064174,0,0
11,TK-1999-0077_4101_HNE,2,False,False,0.0069985764478235,0.007587926901126979,1,1
11,TK-1999-0077_4101_HNE,3,False,False,0.0202075261407293,0.018406228914449103,2,2
11,TK-1999-0077_1612_HNE,2,False,False,0.0141176913990999,0.004888269053879587,2,0
11,TK-1999-0077_1612_HNE,3,False,False,0.020853331710489,0.008907467329355174,2,1
11,TK-1999-0077_1612_HNE,4,False,False,0.0338971615033187,0.014572843374049746,3,2
11,TK-1999-0077_1612_HNE,5,False,False,0.0738658906827803,0.04892485398090178,4,3
11,TK-1999-0077_4101_HNE,4,False,False,0.0653800005160854,0.03689268872684716,4,3
11,TK-1999-0077_4101_HNE,5,False,False,0.1,0.08958567281582078,4,4
11,TK-1999-0077_4106_HNN,0,False,False,0.0007151218848107,0.000904109647844983,0,0
11,TK-1999-0077_4106_HNN,1,False,False,0.0041519038656961,0.006785477276768255,0,1
11,TK-1999-0077_4106_HNN,2,False,False,0.0066768922540803,0.020714429366510932,1,2
11,TK-1999-0077_4106_HNN,3,False,False,0.0256438144570266,0.04830700896834831,2,3
11,TK-1999-0077_4106_HNN,4,False,False,0.1,0.08432708680409678,4,3
11,TK-1999-0077_4106_HNN,5,False,False,0.1,0.13152869817482957,4,4
11,TK-1999-0077_5401_HNE,0,False,False,0.0007167735457163,0.0007203103027348314,0,0
11,TK-1999-0077_5401_HNE,1,False,False,0.0033460368994062,0.004268405911804676,0,0
11,TK-1999-0077_5401_HNE,2,False,False,0.0129117613390958,0.011434524820366367,2,1
11,TK-1999-0077_5401_HNE,3,False,False,0.0264115668149049,0.030367622253254414,2,2
11,TK-1999-0077_5401_HNE,4,False,False,0.0563918243038786,0.05098932214972709,3,4
11,TK-1999-0077_5401_HNE,5,False,False,0.1,0.07355231411673116,4,4
11,TK-1999-0415_487_HNN,0,False,False,0.0006612085729761,0.0006797889423124735,0,0
11,TK-1999-0415_487_HNN,1,False,False,0.002605279490203,0.002488114986840568,0,0
11,TK-1999-0415_496_HNN,0,False,False,0.0016998179049509,0.001165040232862775,0,0
11,TK-1999-0415_496_HNN,1,False,False,0.0056524228915728,0.00548298439355744,1,1
11,TK-1999-0415_496_HNN,2,False,False,0.0106901363544587,0.01420263814962107,1,2
11,TK-1999-0415_496_HNN,3,False,False,0.0230675541988975,0.0233090910936141,2,2
11,TK-1999-0415_487_HNN,2,False,False,0.0079774814930221,0.006367359484064783,1,1
11,TK-1999-0415_487_HNN,3,False,False,0.0147590679683958,0.01093367162681607,2,1
11,TK-1999-0415_487_HNN,4,False,False,0.0247870366989896,0.01978628171361793,2,2
11,TK-1999-0415_487_HNN,5,False,False,0.061964832522088,0.04739413765277355,4,3
11,TK-1999-0415_496_HNN,4,False,False,0.0304224183159007,0.03519346753475277,3,2
11,TK-1999-0415_496_HNN,5,False,False,0.0717716026399436,0.07117957014877738,4,3
11,TK-1999-0415_498_HNN,0,False,False,0.000708275572955,0.0007447777296669297,0,0
11,TK-1999-0415_498_HNN,1,False,False,0.0026119132453123,0.0027135403953316207,0,0
11,TK-1999-0415_498_HNN,2,False,False,0.0086486388776524,0.0072728492873611345,1,1
11,TK-1999-0415_498_HNN,3,False,False,0.0132188562260953,0.01497547845948173,2,2
11,TK-1999-0415_498_HNN,4,False,False,0.0200643392593836,0.02997317372425866,2,3
11,TK-1999-0415_498_HNN,5,False,False,0.0551700868390774,0.047634308460734284,3,3
11,TK-1999-0415_C0362_HNN,0,False,False,0.0006150558826587,0.0006652183051852266,0,0
11,TK-1999-0415_C0362_HNN,1,False,False,0.0027890009845678,0.0017883719814703867,0,0
11,TK-1999-0415_C0362_HNN,2,False,False,0.0081945850988056,0.0038257216227036523,1,0
11,TK-1999-0415_C0362_HNN,3,False,False,0.0142251309534483,0.006732335795333683,2,1
11,TK-1999-0415_C0362_HNN,4,False,False,0.0247864718104081,0.010843348164035607,2,1
11,TK-1999-0415_C0362_HNN,5,False,False,0.0641288337366088,0.01954046616975536,4,2
11,TK-1999-0415_C0375_HNN,0,False,False,0.001322658715856,0.0012947202525454594,0,0
11,TK-1999-0415_C0375_HNN,1,False,False,0.0060704390145613,0.004838502607850271,1,1
11,TK-1999-0415_C1058_HNE,0,False,False,0.0006979356194635,0.000666325754498689,0,0
11,TK-1999-0415_C1058_HNE,1,False,False,0.0043433116219331,0.0028404444923559023,0,0
11,TK-1999-0415_C1058_HNE,2,False,False,0.0173816700423144,0.009790242891081677,2,2
11,TK-1999-0415_C1058_HNE,3,False,False,0.0309077320716247,0.023512841055101683,3,2
11,TK-1999-0415_C0375_HNN,2,False,False,0.0136635215072952,0.011809225029949178,2,1
11,TK-1999-0415_C0375_HNN,3,False,False,0.018302554270065,0.019289612377428326,2,2
11,TK-1999-0415_C0375_HNN,4,False,False,0.0263470170831819,0.03686018635720336,2,3
11,TK-1999-0415_C0375_HNN,5,False,False,0.0729009008301218,0.07111908652932492,4,4
11,TK-1999-0415_C1058_HNE,4,False,False,0.0869954622093937,0.04071238531581553,4,2
11,TK-1999-0415_C1058_HNE,5,False,False,0.1,0.06351207855629176,4,4
11,TK-1999-0415_C1059_HNN,0,False,False,0.0009470968702302,0.0008174784281392357,0,0
11,TK-1999-0415_C1059_HNN,1,False,False,0.0040572485171011,0.004105020628353416,0,0
11,TK-1999-0415_C1059_HNN,2,False,False,0.0092676784127796,0.010597105401303543,1,1
11,TK-1999-0415_C1059_HNN,3,False,False,0.0189112750303628,0.02178154248788797,2,2
11,TK-1999-0415_C1059_HNN,4,False,False,0.0345437806083895,0.04412303324626872,3,3
11,TK-1999-0415_C1059_HNN,5,False,False,0.1,0.07500648685429512,4,4
11,TK-1999-0415_C1060_HNE,0,False,False,0.0006296232164799,0.0006309361462350265,0,0
11,TK-1999-0415_C1060_HNE,1,False,False,0.0018765807874407,0.002304744237987049,0,0
11,TK-1999-0415_C1060_HNE,2,False,False,0.0052360003757769,0.005045317352953605,1,1
11,TK-1999-0415_C1060_HNE,3,False,False,0.0150225659063868,0.009018343276706099,2,1
11,TK-1999-0415_C1060_HNE,4,False,False,0.0235959312388837,0.015334497228552497,2,2
11,TK-1999-0415_C1060_HNE,5,False,False,0.0556935493620225,0.03450437002927962,3,3
11,TK-1999-0415_C1061_HNE,0,False,False,0.0007793294304563,0.0008316237463932534,0,0
11,TK-1999-0415_C1061_HNE,1,False,False,0.0038926595079252,0.003575437817318526,0,0
11,TK-1999-0415_C1062_HNE,0,False,False,0.0006511418517598,0.0006297609670174139,0,0
11,TK-1999-0415_C1062_HNE,1,False,False,0.0017202021646134,0.002137340918763212,0,0
11,TK-1999-0415_C1062_HNE,2,False,False,0.0044967751919238,0.004577964559296798,0,1
11,TK-1999-0415_C1062_HNE,3,False,False,0.0094041765209753,0.00930031703149286,1,1
11,TK-1999-0415_C1061_HNE,2,False,False,0.0095090575023903,0.008433692481156673,1,1
11,TK-1999-0415_C1061_HNE,3,False,False,0.0179162094916021,0.013988749538634396,2,2
11,TK-1999-0415_C1061_HNE,4,False,False,0.0304778544732088,0.02023179084049194,3,2
11,TK-1999-0415_C1061_HNE,5,False,False,0.0913198900747175,0.042048678904083724,4,3
11,TK-1999-0415_C1062_HNE,4,False,False,0.0144366950022967,0.013562182468406339,2,2
11,TK-1999-0415_C1062_HNE,5,False,False,0.0239889581829747,0.03154921147489181,2,3
11,TK-1999-0415_D0531_HNN,0,False,False,0.0006316739242929,0.0006033158816986555,0,0
11,TK-1999-0415_D0531_HNN,1,False,False,0.0022815577754068,0.002021371699967661,0,0
11,TK-1999-0415_D0531_HNN,2,False,False,0.0052524774972433,0.0050863010684527735,1,1
11,TK-1999-0415_D0531_HNN,3,False,False,0.0116087549972187,0.009979434461127689,1,1
11,TK-1999-0415_D0531_HNN,4,False,False,0.0175924032859561,0.0176595193513232,2,2
11,TK-1999-0415_D0531_HNN,5,False,False,0.0338043158774694,0.04042473055165717,3,3
11,TK-1999-0415_1401_HNE,0,False,False,0.0006533057599556,0.0006676989132943245,0,0
11,TK-1999-0415_1401_HNE,1,False,False,0.0024577745394422,0.0034978759797060915,0,0
11,TK-1999-0415_1401_HNE,2,False,False,0.0070470895687043,0.007533946030519458,1,0
11,TK-1999-0415_1401_HNE,3,False,False,0.0122498589458165,0.01285999059969105,2,2
11,TK-1999-0415_1401_HNE,4,False,False,0.0161044415567797,0.02196158690343174,2,2
11,TK-1999-0415_1401_HNE,5,False,False,0.0241346178716466,0.040107918035962864,2,3
11,TK-1999-0415_1406_HNN,0,False,False,0.0006354562875621,0.0006789341289661213,0,0
11,TK-1999-0415_1406_HNN,1,False,False,0.0017070278518837,0.0024445254383671415,0,0
11,TK-1999-0415_1406_HNN,2,False,False,0.0052149434847263,0.006465483325769528,1,1
11,TK-1999-0415_1406_HNN,3,False,False,0.0081506963587724,0.011180051246513304,1,1
11,TK-1999-0415_1406_HNN,4,False,False,0.0152812000819003,0.018898175509137895,2,2
11,TK-1999-0415_1406_HNN,5,False,False,0.0400782417301154,0.03857189078338589,3,3
11,TK-1999-0415_8101_HNE,0,False,False,0.0006572832083301,0.0006311273718541937,0,0
11,TK-1999-0415_8101_HNE,1,False,False,0.0025857895185535,0.0030901529970264524,0,0
11,TK-1999-0415_8101_HNE,2,False,False,0.0051044494678864,0.006858909515116066,1,1
11,TK-1999-0415_8101_HNE,3,False,False,0.0086548829032597,0.01174409215276112,1,2
11,TK-1999-0415_8101_HNE,4,False,False,0.0214463198303297,0.01923467781222063,2,2
11,TK-1999-0415_8101_HNE,5,False,False,0.0381491819957674,0.04943208698377317,3,4
11,INT-20250810_0000200_AKS_HNN,0,False,False,0.0005733785990334,0.0006718246959895546,0,0
11,INT-20250810_0000200_AKS_HNN,1,False,False,0.0020616502949798,0.003182836229612483,0,0
11,INT-20250810_0000200_AKS_HNN,2,False,False,0.0047659771076071,0.008737566907864544,0,1
11,INT-20250810_0000200_AKS_HNN,3,False,False,0.0084474556690942,0.016138723168528952,1,2
11,INT-20250810_0000200_AKS_HNN,4,False,False,0.0159864151620044,0.02590935247032807,2,3
11,INT-20250810_0000200_AKS_HNN,5,False,False,0.0413492469234571,0.04762591497386165,3,3
11,INT-20250810_0000200_BALB_HNE,0,False,False,0.000647936976428,0.0006673819204570988,0,0
11,INT-20250810_0000200_BALB_HNE,1,False,False,0.0027036509175278,0.0022475500197857044,0,0
11,INT-20250810_0000200_BALB_HNE,2,False,False,0.0059685646594576,0.006275391143747003,1,1
11,INT-20250810_0000200_BALB_HNE,3,False,False,0.0100281612922085,0.011282478715588233,1,1
11,INT-20250810_0000200_BALB_HNE,4,False,False,0.0157562781270686,0.0179130056839562,2,2
11,INT-20250810_0000200_BALB_HNE,5,False,False,0.0321600287945806,0.03440859894656787,3,2
11,INT-20250810_0000200_GORD_HNN,0,False,False,0.0006052004469341,0.0006451092290062061,0,0
11,INT-20250810_0000200_GORD_HNN,1,False,False,0.0024188181999295,0.0021226531010977846,0,0
11,INT-20250810_0000200_SOMA_HNN,0,False,False,0.0006004045345063,0.0006608500543759454,0,0
11,INT-20250810_0000200_SOMA_HNN,1,False,False,0.00208408956089,0.002541192948350828,0,0
11,INT-20250810_0000200_SOMA_HNN,2,False,False,0.0057772829060803,0.006098472922268448,1,1
11,INT-20250810_0000200_SOMA_HNN,3,False,False,0.0122841258772871,0.010768862179656091,2,1
11,INT-20250810_0000200_GORD_HNN,2,False,False,0.0063395504579199,0.004189234635559202,1,0
11,INT-20250810_0000200_GORD_HNN,3,False,False,0.0105238380172676,0.008880759079099026,1,1
11,INT-20250810_0000200_GORD_HNN,4,False,False,0.0155882406993909,0.011316322992273965,2,2
11,INT-20250810_0000200_GORD_HNN,5,False,False,0.02754321214942,0.024460806320894153,2,2
11,INT-20250810_0000200_SOMA_HNN,4,False,False,0.0188046807666081,0.017502008392791195,2,2
11,INT-20250810_0000200_SOMA_HNN,5,False,False,0.0238415376040697,0.03754327470768664,2,3
11,TK-1999-0294_1612_HNE,0,False,False,0.0005973704566473,0.0006124915149838727,0,0
11,TK-1999-0294_1612_HNE,1,False,False,0.0034052638546189,0.002034180211952147,0,0
11,TK-1999-0294_1612_HNE,2,False,False,0.0096780735870237,0.006125792812216474,1,1
11,TK-1999-0294_1612_HNE,3,False,False,0.0198598906801448,0.010787767210698351,2,2
11,TK-1999-0294_1612_HNE,4,False,False,0.0313618801103307,0.019057508956368676,3,2
11,TK-1999-0294_1612_HNE,5,False,False,0.0522058994716519,0.0338123522051498,3,2
11,TK-2003-0179_1701_HNN,0,False,False,0.0006542158476238,0.0006203804316038336,0,0
11,TK-2003-0179_1701_HNN,1,False,False,0.0026562200119406,0.001973860506920692,0,0
11,TK-2003-0179_1701_HNN,2,False,False,0.0052469523241519,0.003552306303592553,1,0
11,TK-2003-0179_1701_HNN,3,False,False,0.0080577809976834,0.005984598204416982,1,1
11,TK-2003-0179_1701_HNN,4,False,False,0.0136162865518701,0.008334011427942385,2,1
11,TK-2003-0179_1701_HNN,5,False,False,0.0195356889551727,0.01738756099662919,2,2
11,TK-1999-0294_4101_HNE,0,False,False,0.0006525412236712,0.0006507080835229813,0,0
11,TK-1999-0294_4101_HNE,1,False,False,0.0021492902348306,0.0030997782283630707,0,0
11,TK-1999-0294_4101_HNE,2,False,False,0.0051434684694868,0.009074696267661447,1,1
11,TK-1999-0294_4101_HNE,3,False,False,0.0111972359835556,0.019785787487212676,1,2
11,TK-1999-0294_4101_HNE,4,False,False,0.01910929313852,0.029017465595145474,2,3
11,TK-1999-0294_4101_HNE,5,False,False,0.0313915609374743,0.048371003181470244,3,3
11,TK-1999-0294_4107_HNE,0,False,False,0.0006278134215036,0.0006023280360611654,0,0
11,TK-1999-0294_4107_HNE,1,False,False,0.0024438933295843,0.0022480090617998105,0,0
11,TK-1999-0294_4107_HNE,2,False,False,0.0074529208468884,0.006196843447580092,1,1
11,TK-1999-0294_4107_HNE,3,False,False,0.0167792395534846,0.011063529415306085,2,2
11,TK-1999-0294_4107_HNE,4,False,False,0.0294626793276163,0.01902172012116033,2,3
11,TK-1999-0294_4107_HNE,5,False,False,0.0519174342666953,0.03336530998731595,3,3
11,TK-1999-0294_5401_HNE,0,False,False,0.0006740224759021,0.001784835189093538,0,0
11,TK-1999-0294_5401_HNE,1,False,False,0.002678246532361,0.0074154042320047735,0,1
11,TK-1999-0294_5401_HNE,2,False,False,0.0071662842954545,0.015923442970739794,1,2
11,TK-1999-0294_5401_HNE,3,False,False,0.0145027350465283,0.02607201101761142,2,2
11,TK-1999-0294_5401_HNE,4,False,False,0.0231774647022662,0.045960740097201025,2,3
11,TK-1999-0294_5401_HNE,5,False,False,0.0574274404383213,0.08158500883734587,3,4
11,EMSC-20200122_0000127_GOMA_HNE,0,False,False,0.0006206402243399,0.0005940950373549257,0,0
11,EMSC-20200122_0000127_GOMA_HNE,1,False,False,0.0018107713416391,0.0019620068942260913,0,0
11,EMSC-20200122_0000127_GOMA_HNE,2,False,False,0.0037949636587464,0.00415217493440595,0,0
11,EMSC-20200122_0000127_GOMA_HNE,3,False,False,0.0069644484726607,0.0068442815041128945,1,1
11,EMSC-20200122_0000127_GOMA_HNE,4,False,False,0.0089341561720145,0.010291746500826187,1,2
11,EMSC-20200122_0000127_GOMA_HNE,5,False,False,0.0175318071492187,0.019176677979648792,2,2
11,EMSC-20200122_0000127_SOMA_HNN,0,False,False,0.0006075378819017,0.0006653326197655059,0,0
11,EMSC-20200122_0000127_SOMA_HNN,1,False,False,0.0018416290285903,0.002158906136791711,0,0
11,EMSC-20200122_0000127_SOMA_HNN,2,False,False,0.0042402317536205,0.006027620254484751,0,1
11,EMSC-20200122_0000127_SOMA_HNN,3,False,False,0.0102210063865924,0.012036940116565626,1,1
11,EMSC-20200122_0000127_SOMA_HNN,4,False,False,0.0185240041333401,0.01754270327387468,2,2
11,EMSC-20200122_0000127_SOMA_HNN,5,False,False,0.0292330853003627,0.03554912648710436,2,3
12,TK-1999-0077_YPT_HNN,0,False,False,0.0001716981482458,0.0001608171810526075,0,0
12,TK-1999-0077_YPT_HNN,1,False,False,0.0005166370550342,0.0005460947118585716,0,0
12,TK-1999-0077_YPT_HNN,2,False,False,0.0013285419973988,0.0013067136263346418,0,0
12,TK-1999-0077_YPT_HNN,3,False,False,0.002695014341052,0.002742165498183372,0,0
12,TK-1999-0077_YPT_HNN,4,False,False,0.0047770330746861,0.006520694616592971,0,1
12,TK-1999-0077_YPT_HNN,5,False,False,0.0139563316249258,0.014052588793100052,2,1
12,TK-1999-0077_1612_HNE,0,False,False,0.0001648842451846,0.0001554439623961473,0,0
12,TK-1999-0077_1612_HNE,1,False,False,0.0004978661474863,0.0005258685164718274,0,0
12,TK-1999-0077_4101_HNE,0,False,False,0.0001716655483538,0.0001726400722899323,0,0
12,TK-1999-0077_4101_HNE,1,False,False,0.0005205925745646,0.0004658985194549352,0,0
12,TK-1999-0077_4101_HNE,2,False,False,0.0018036634161544,0.0012007537321072864,0,0
12,TK-1999-0077_4101_HNE,3,False,False,0.0027085585225311,0.002224209022566304,0,0
12,TK-1999-0077_1612_HNE,2,False,False,0.0021570145104007,0.001952682043860785,0,0
12,TK-1999-0077_1612_HNE,3,False,False,0.0060914953458951,0.004698860375585707,1,1
12,TK-1999-0077_1612_HNE,4,False,False,0.0166533853980191,0.01083588595787472,2,1
12,TK-1999-0077_1612_HNE,5,False,False,0.0737721245027496,0.03189838404430701,4,3
12,TK-1999-0077_4101_HNE,4,False,False,0.0034770278422849,0.003563615588859944,0,0
12,TK-1999-0077_4101_HNE,5,False,False,0.008415398053793,0.005607740133774385,1,1
12,TK-1999-0077_4106_HNN,0,False,False,0.0001653147680863,0.00015204896593715316,0,0
12,TK-1999-0077_4106_HNN,1,False,False,0.0005383855487915,0.0005156407946955342,0,0
12,TK-1999-0077_4106_HNN,2,False,False,0.0022410016344008,0.002288849479291738,0,0
12,TK-1999-0077_4106_HNN,3,False,False,0.0074871111579395,0.007484740378167265,1,1
12,TK-1999-0077_4106_HNN,4,False,False,0.0125679905239569,0.019912073756207717,2,2
12,TK-1999-0077_4106_HNN,5,False,False,0.0550624903037247,0.07966197652349163,3,4
12,TK-1999-0077_5401_HNE,0,False,False,0.0001815590740702,0.00015522940653491565,0,0
12,TK-1999-0077_5401_HNE,1,False,False,0.0005709037415971,0.0005396369497957324,0,0
12,TK-1999-0077_5401_HNE,2,False,False,0.0015966437820489,0.001923778781736163,0,0
12,TK-1999-0077_5401_HNE,3,False,False,0.0032207621470721,0.004503794018791968,0,1
12,TK-1999-0077_5401_HNE,4,False,False,0.006474520412234,0.013042901289693116,1,1
12,TK-1999-0077_5401_HNE,5,False,False,0.011872478784578,0.028798581050016838,1,2
12,TK-1999-0415_487_HNN,0,False,False,0.00017566204019,0.00016563485631677382,0,0
12,TK-1999-0415_487_HNN,1,False,False,0.000519699553416,0.0005201768244426323,0,0
12,TK-1999-0415_496_HNN,0,False,False,0.0001728644001246,0.000183476950956501,0,0
12,TK-1999-0415_496_HNN,1,False,False,0.0005172259517208,0.0005113478008450758,0,0
12,TK-1999-0415_496_HNN,2,False,False,0.0012293696688493,0.0014704691299053099,0,0
12,TK-1999-0415_496_HNN,3,False,False,0.0023389640159293,0.0028530296927737147,0,0
12,TK-1999-0415_487_HNN,2,False,False,0.0023363142857461,0.0013154694963438958,0,0
12,TK-1999-0415_487_HNN,3,False,False,0.0039688606095257,0.002483130269865955,0,0
12,TK-1999-0415_487_HNN,4,False,False,0.0093635720363347,0.004118792712000832,1,1
12,TK-1999-0415_487_HNN,5,False,False,0.01101440365859,0.008631948241605932,1,1
12,TK-1999-0415_496_HNN,4,False,False,0.0037225820080585,0.004207735881525347,0,1
12,TK-1999-0415_496_HNN,5,False,False,0.0057666404831574,0.006104391591819679,1,1
12,TK-1999-0415_498_HNN,0,False,False,0.0001733816224073,0.00018209159810315376,0,0
12,TK-1999-0415_498_HNN,1,False,False,0.0005235256211283,0.0005889664821822027,0,0
12,TK-1999-0415_498_HNN,2,False,False,0.0015038388703706,0.0016646740602008592,0,0
12,TK-1999-0415_498_HNN,3,False,False,0.0046086528381699,0.0032366453839704446,0,0
12,TK-1999-0415_498_HNN,4,False,False,0.0071771396382195,0.005800490091432059,1,1
12,TK-1999-0415_498_HNN,5,False,False,0.008781609894847,0.010247509486898886,1,1
12,TK-1999-0415_C0362_HNN,0,False,False,0.0001687545431206,0.00015722030918485842,0,0
12,TK-1999-0415_C0362_HNN,1,False,False,0.000523415038443,0.0005238584607913001,0,0
12,TK-1999-0415_C0362_HNN,2,False,False,0.0015346358926488,0.0019530915837593795,0,0
12,TK-1999-0415_C0362_HNN,3,False,False,0.003512991933277,0.0038760608711552917,0,1
12,TK-1999-0415_C0362_HNN,4,False,False,0.0112746214172522,0.008653835839161433,1,1
12,TK-1999-0415_C0362_HNN,5,False,False,0.04840743994202,0.01804202127422753,3,2
12,TK-1999-0415_C0375_HNN,0,False,False,0.0001718053939611,0.00018493405297138868,0,0
12,TK-1999-0415_C0375_HNN,1,False,False,0.0005156629360898,0.0005767866193165022,0,0
12,TK-1999-0415_C0375_HNN,2,False,False,0.0015978997850003,0.0013677773737055716,0,0
12,TK-1999-0415_C0375_HNN,3,False,False,0.0050146468984687,0.003226683729449276,1,0
12,TK-1999-0415_C0375_HNN,4,False,False,0.0082235351636303,0.005112010057581307,1,1
12,TK-1999-0415_C0375_HNN,5,False,False,0.010670858341628,0.009005831184666692,1,1
12,TK-1999-0415_C1058_HNE,0,False,False,0.0001830853894748,0.000162882879633997,0,0
12,TK-1999-0415_C1058_HNE,1,False,False,0.000547773966356,0.0005359612206322135,0,0
12,TK-1999-0415_C1058_HNE,2,False,False,0.0012111685154272,0.00159017042598158,0,0
12,TK-1999-0415_C1058_HNE,3,False,False,0.00251935178711,0.004389466196313149,0,0
12,TK-1999-0415_C1058_HNE,4,False,False,0.0069816491046377,0.011907417603829929,1,1
12,TK-1999-0415_C1058_HNE,5,False,False,0.0139789463957431,0.03216364253502524,2,2
12,TK-1999-0415_C1059_HNN,0,False,False,0.0001670715261202,0.0001838270016765696,0,0
12,TK-1999-0415_C1059_HNN,1,False,False,0.0004913399361035,0.0006064179727008505,0,0
12,TK-1999-0415_C1059_HNN,2,False,False,0.0010443633627746,0.0017555670820766807,0,0
12,TK-1999-0415_C1059_HNN,3,False,False,0.0018738527778342,0.003197449231299313,0,0
12,TK-1999-0415_C1059_HNN,4,False,False,0.0046673361166803,0.005678586876530828,0,1
12,TK-1999-0415_C1059_HNN,5,False,False,0.0067713084327158,0.00984540174353315,1,1
12,TK-1999-0415_C1060_HNE,0,False,False,0.000175394168852,0.0001691143296605015,0,0
12,TK-1999-0415_C1060_HNE,1,False,False,0.0005275776632316,0.0005752115710885037,0,0
12,TK-1999-0415_C1060_HNE,2,False,False,0.001395922530361,0.0016764017633369894,0,0
12,TK-1999-0415_C1060_HNE,3,False,False,0.0030740835139093,0.004290369415471596,0,0
12,TK-1999-0415_C1060_HNE,4,False,False,0.0050935518402416,0.007628554195711101,1,1
12,TK-1999-0415_C1060_HNE,5,False,False,0.0082027020024885,0.01497028354705218,1,1
12,TK-1999-0415_C1061_HNE,0,False,False,0.0001637992077552,0.00017584221591158335,0,0
12,TK-1999-0415_C1061_HNE,1,False,False,0.0004886433946477,0.0005187987971572738,0,0
12,TK-1999-0415_C1061_HNE,2,False,False,0.0017934827004852,0.0015001760084392445,0,0
12,TK-1999-0415_C1061_HNE,3,False,False,0.0052816624575444,0.0032454545372902293,1,0
12,TK-1999-0415_C1061_HNE,4,False,False,0.0072230764462273,0.007161194600530419,1,1
12,TK-1999-0415_C1061_HNE,5,False,False,0.0116142045541955,0.011964375600682808,1,1
12,TK-1999-0415_C1062_HNE,0,False,False,0.0001682482296571,0.00018390815699465658,0,0
12,TK-1999-0415_C1062_HNE,1,False,False,0.0005107769476119,0.0005530686178619484,0,0
12,TK-1999-0415_C1062_HNE,2,False,False,0.0014485315692838,0.0014139824878421547,0,0
12,TK-1999-0415_C1062_HNE,3,False,False,0.0044221684115925,0.0031234590778472333,0,0
12,TK-1999-0415_C1062_HNE,4,False,False,0.0066673756969188,0.005619352047920998,1,1
12,TK-1999-0415_C1062_HNE,5,False,False,0.0111868047915361,0.0110775684375265,1,1
12,TK-1999-0415_D0531_HNN,0,False,False,0.0001704532281203,0.00018132399393706397,0,0
12,TK-1999-0415_D0531_HNN,1,False,False,0.0005021128476637,0.0005110371390556398,0,0
12,TK-1999-0415_D0531_HNN,2,False,False,0.0011476698553101,0.0013884292858015567,0,0
12,TK-1999-0415_D0531_HNN,3,False,False,0.002269376031839,0.0027059551543846742,0,0
12,TK-1999-0415_D0531_HNN,4,False,False,0.0046445922774091,0.004218268595095996,0,1
12,TK-1999-0415_D0531_HNN,5,False,False,0.0085491584653527,0.006317801229512151,1,1
12,TK-1999-0415_1401_HNE,0,False,False,0.000164773171628,0.00017424847096059537,0,0
12,TK-1999-0415_1401_HNE,1,False,False,0.0005027003660495,0.0006131253283140174,0,0
12,TK-1999-0415_1401_HNE,2,False,False,0.001445895865182,0.0026227561586616905,0,0
12,TK-1999-0415_1401_HNE,3,False,False,0.0060170448736914,0.00705167214509937,1,1
12,TK-1999-0415_1401_HNE,4,False,False,0.0192016461979093,0.01649465404452874,2,2
12,TK-1999-0415_1401_HNE,5,False,False,0.0605665282691166,0.04749184622133203,4,3
12,TK-1999-0415_1406_HNN,0,False,False,0.0001683942246835,0.00017422551436986402,0,0
12,TK-1999-0415_1406_HNN,1,False,False,0.0005067780160756,0.000533426544192761,0,0
12,TK-1999-0415_1406_HNN,2,False,False,0.0016653096111494,0.0013506764826476828,0,0
12,TK-1999-0415_1406_HNN,3,False,False,0.0037059224981633,0.003243121366907817,0,0
12,TK-1999-0415_1406_HNN,4,False,False,0.0051204447486321,0.005997583105611204,1,1
12,TK-1999-0415_1406_HNN,5,False,False,0.007267207106207,0.011590344150361422,1,1
12,TK-1999-0415_8101_HNE,0,False,False,0.0001695581848514,0.0001665885380057376,0,0
12,TK-1999-0415_8101_HNE,1,False,False,0.0005130722492946,0.0006771102521199244,0,0
12,TK-1999-0415_8101_HNE,2,False,False,0.0016729529519792,0.0021367566676315686,0,0
12,TK-1999-0415_8101_HNE,3,False,False,0.0046420073462222,0.0051813646817803,0,1
12,TK-1999-0415_8101_HNE,4,False,False,0.0080393913077662,0.011587010493167415,1,1
12,TK-1999-0415_8101_HNE,5,False,False,0.0241514042598501,0.03301740363429509,2,4
12,INT-20250810_0000200_AKS_HNN,0,False,False,0.0001688284531922,0.00016413876183105552,0,0
12,INT-20250810_0000200_AKS_HNN,1,False,False,0.0005533991419695,0.0004999591891711147,0,0
12,INT-20250810_0000200_AKS_HNN,2,False,False,0.0023986294760162,0.001678388046667949,0,0
12,INT-20250810_0000200_AKS_HNN,3,False,False,0.0033017927052975,0.0034373831324253728,0,0
12,INT-20250810_0000200_AKS_HNN,4,False,False,0.0064254552297831,0.006935942132735261,1,1
12,INT-20250810_0000200_AKS_HNN,5,False,False,0.0126892122252898,0.014479123847222893,2,2
12,INT-20250810_0000200_BALB_HNE,0,False,False,0.0001714898340472,0.00016758331085506918,0,0
12,INT-20250810_0000200_BALB_HNE,1,False,False,0.000507825226075,0.0005982637130573538,0,0
12,INT-20250810_0000200_BALB_HNE,2,False,False,0.0012412932378049,0.0024324625979430525,0,0
12,INT-20250810_0000200_BALB_HNE,3,False,False,0.0026331629069093,0.005958912226027239,0,1
12,INT-20250810_0000200_BALB_HNE,4,False,False,0.0053596875148169,0.011739148144723776,1,1
12,INT-20250810_0000200_BALB_HNE,5,False,False,0.0122525835321084,0.02157380738310224,2,2
12,INT-20250810_0000200_GORD_HNN,0,False,False,0.000178196300975,0.0001768773892819226,0,0
12,INT-20250810_0000200_GORD_HNN,1,False,False,0.0005507904854123,0.0006356288236113406,0,0
12,INT-20250810_0000200_SOMA_HNN,0,False,False,0.0001678441600318,0.0001613476774316999,0,0
12,INT-20250810_0000200_SOMA_HNN,1,False,False,0.0005213881802215,0.0005268642865859736,0,0
12,INT-20250810_0000200_SOMA_HNN,2,False,False,0.00313883162042,0.0018851329636276801,0,0
12,INT-20250810_0000200_SOMA_HNN,3,False,False,0.004890087719812,0.0046327357228210676,0,1
12,INT-20250810_0000200_GORD_HNN,2,False,False,0.002106925861754,0.0022117454655557543,0,0
12,INT-20250810_0000200_GORD_HNN,3,False,False,0.0074921945294998,0.004762084299167116,1,1
12,INT-20250810_0000200_GORD_HNN,4,False,False,0.0151433022359258,0.008979113896611062,2,1
12,INT-20250810_0000200_GORD_HNN,5,False,False,0.0288322667513818,0.020311020646390354,2,2
12,INT-20250810_0000200_SOMA_HNN,4,False,False,0.0081456391950608,0.009300005590266738,1,1
12,INT-20250810_0000200_SOMA_HNN,5,False,False,0.0138810518873542,0.01955725625063424,2,2
12,TK-1999-0294_1612_HNE,0,False,False,0.0001657269808655,0.00016198829097631854,0,0
12,TK-1999-0294_1612_HNE,1,False,False,0.0004982725568714,0.0005381143063918913,0,0
12,TK-1999-0294_1612_HNE,2,False,False,0.0015107871149004,0.0016531073537227527,0,0
12,TK-1999-0294_1612_HNE,3,False,False,0.0040019411421519,0.003855318706524584,0,0
12,TK-1999-0294_1612_HNE,4,False,False,0.0073168356715721,0.0073058552674643675,1,1
12,TK-1999-0294_1612_HNE,5,False,False,0.0207121010985955,0.016589912783590163,2,2
12,TK-2003-0179_1701_HNN,0,False,False,0.0001646085185836,0.00017869116911681192,0,0
12,TK-2003-0179_1701_HNN,1,False,False,0.0005148853591207,0.0006247177717519945,0,0
12,TK-2003-0179_1701_HNN,2,False,False,0.001911470941741,0.0026309789793758144,0,0
12,TK-2003-0179_1701_HNN,3,False,False,0.0058501607929842,0.005392007508351826,1,1
12,TK-2003-0179_1701_HNN,4,False,False,0.0223039930597178,0.01029160242802336,2,1
12,TK-2003-0179_1701_HNN,5,False,False,0.0619059796675898,0.023761458189113918,4,2
12,TK-1999-0294_4101_HNE,0,False,False,0.0001732196430907,0.00016860799584823686,0,0
12,TK-1999-0294_4101_HNE,1,False,False,0.0005226720870785,0.0004903941948808125,0,0
12,TK-1999-0294_4101_HNE,2,False,False,0.0011928920043536,0.0012269918462500735,0,0
12,TK-1999-0294_4101_HNE,3,False,False,0.0019226022251038,0.002147717367064096,0,0
12,TK-1999-0294_4101_HNE,4,False,False,0.0026801872303685,0.0038640845730337696,0,1
12,TK-1999-0294_4101_HNE,5,False,False,0.0058001589276511,0.007183464850032394,1,1
12,TK-1999-0294_4107_HNE,0,False,False,0.000167226099289,0.00017564819376960578,0,0
12,TK-1999-0294_4107_HNE,1,False,False,0.0005203880663569,0.0005505007844913255,0,0
12,TK-1999-0294_4107_HNE,2,False,False,0.0020881865050204,0.0020941635181685875,0,0
12,TK-1999-0294_4107_HNE,3,False,False,0.0064642899199966,0.005907760258724384,1,1
12,TK-1999-0294_4107_HNE,4,False,False,0.0157757722085136,0.01435024377373214,2,1
12,TK-1999-0294_4107_HNE,5,False,False,0.072014677798264,0.02702732769208684,4,4
12,TK-1999-0294_5401_HNE,0,False,False,0.0001851378145379,0.0001560472572582985,0,0
12,TK-1999-0294_5401_HNE,1,False,False,0.0005498961720964,0.0004815229035399404,0,0
12,EMSC-20200122_0000127_GOMA_HNE,0,False,False,0.0001699179511744,0.0001673203980797926,0,0
12,EMSC-20200122_0000127_GOMA_HNE,1,False,False,0.0005163171803077,0.000533174468526644,0,0
12,EMSC-20200122_0000127_GOMA_HNE,2,False,False,0.0014572069062959,0.0014739622360499416,0,0
12,EMSC-20200122_0000127_GOMA_HNE,3,False,False,0.0036995389234364,0.004114322622360098,0,0
12,TK-1999-0294_5401_HNE,2,False,False,0.0013895491033124,0.001718763572821332,0,0
12,TK-1999-0294_5401_HNE,3,False,False,0.0021850335373253,0.004704569863588455,0,1
12,TK-1999-0294_5401_HNE,4,False,False,0.0037344376491124,0.01166188529541519,0,2
12,TK-1999-0294_5401_HNE,5,False,False,0.0064855920399687,0.03830047412744262,1,2
12,EMSC-20200122_0000127_GOMA_HNE,4,False,False,0.0064274655886831,0.006466161299578049,1,0
12,EMSC-20200122_0000127_GOMA_HNE,5,False,False,0.0121030009419876,0.013209911732181818,2,1
12,EMSC-20200122_0000127_SOMA_HNN,0,False,False,0.0001737509757927,0.00017449420010855074,0,0
12,EMSC-20200122_0000127_SOMA_HNN,1,False,False,0.0005204991945623,0.0005718068521092788,0,0
12,EMSC-20200122_0000127_SOMA_HNN,2,False,False,0.001348960915367,0.001344238659524511,0,0
12,EMSC-20200122_0000127_SOMA_HNN,3,False,False,0.0020132917930166,0.0025005553949996504,0,0
12,EMSC-20200122_0000127_SOMA_HNN,4,False,False,0.0043904850143604,0.00382643577131899,0,1
12,EMSC-20200122_0000127_SOMA_HNN,5,False,False,0.0076217504556073,0.007738437482460532,1,1
13,TK-1999-0077_YPT_HNN,4,False,False,0.0205787706067881,0.012978493022352426,2,1
13,TK-1999-0077_YPT_HNN,5,False,False,0.0657642172606427,0.04000509199804474,4,3
13,TK-1999-0077_1612_HNE,0,False,False,0.0004054746826955,0.00038601812297271146,0,0
13,TK-1999-0077_1612_HNE,1,False,False,0.0017617316045626,0.0012879465851150633,0,0
13,TK-1999-0077_YPT_HNN,0,False,False,0.0003880810642466,0.00038008498586117876,0,0
13,TK-1999-0077_YPT_HNN,1,False,False,0.0011636913980826,0.00123532067156586,0,0
13,TK-1999-0077_YPT_HNN,2,False,False,0.0027526795685767,0.0029986949426750956,0,0
13,TK-1999-0077_YPT_HNN,3,False,False,0.0076705477474959,0.005100575614287581,1,1
13,TK-1999-0077_1612_HNE,2,False,False,0.0050456454934268,0.003482195816873322,1,0
13,TK-1999-0077_1612_HNE,3,False,False,0.0125845800715541,0.006772448278977356,2,1
13,TK-1999-0077_1612_HNE,4,False,False,0.0437863357457449,0.014252544244892851,3,2
13,TK-1999-0077_1612_HNE,5,False,False,0.1,0.042073478263228124,4,3
13,TK-1999-0077_4101_HNE,0,False,False,0.0003879565264897,0.0003967807171944844,0,0
13,TK-1999-0077_4101_HNE,1,False,False,0.0012389363433752,0.0013376251593009392,0,0
13,TK-1999-0077_4101_HNE,2,False,False,0.0065221676253034,0.0032814953744446547,1,0
13,TK-1999-0077_4101_HNE,3,False,False,0.0091285272412227,0.007294970155968222,1,1
13,TK-1999-0077_4101_HNE,4,False,False,0.0198392688173057,0.016937076290886737,2,3
13,TK-1999-0077_4101_HNE,5,False,False,0.1,0.06410869731476318,4,4
13,TK-1999-0077_4106_HNN,0,False,False,0.0003885375971156,0.0004029477078509389,0,0
13,TK-1999-0077_4106_HNN,1,False,False,0.0011748074588386,0.0014591379583366042,0,0
13,TK-1999-0077_4106_HNN,2,False,False,0.0036177572414387,0.005352229143493653,0,0
13,TK-1999-0077_4106_HNN,3,False,False,0.0076493336174027,0.015390142006920762,1,2
13,TK-1999-0077_4106_HNN,4,False,False,0.0123566531379112,0.041097614955961856,2,3
13,TK-1999-0077_4106_HNN,5,False,False,0.0503828239296953,0.10122856603665625,3,4
13,TK-1999-0077_5401_HNE,0,False,False,0.0004039448531769,0.0005157209114274305,0,0
13,TK-1999-0077_5401_HNE,1,False,False,0.0015406215833429,0.0026012329860282983,0,0
13,TK-1999-0077_5401_HNE,2,False,False,0.0043013418650564,0.008404851204439746,0,1
13,TK-1999-0077_5401_HNE,3,False,False,0.0083121181578852,0.017254281235282422,1,2
13,TK-1999-0077_5401_HNE,4,False,False,0.0276687278364512,0.05008235463059927,2,4
13,TK-1999-0077_5401_HNE,5,False,False,0.1,0.08200364206438907,4,4
13,TK-1999-0415_487_HNN,0,False,False,0.0003931054446127,0.0003689380267592352,0,0
13,TK-1999-0415_487_HNN,1,False,False,0.0011828445836396,0.0011873786958424893,0,0
13,TK-1999-0415_487_HNN,2,False,False,0.0032080934892993,0.0023958618119612456,0,0
13,TK-1999-0415_487_HNN,3,False,False,0.0082155558674696,0.0039041929842718644,1,0
13,TK-1999-0415_487_HNN,4,False,False,0.0104242835176411,0.006422356882596928,1,1
13,TK-1999-0415_487_HNN,5,False,False,0.0173424349601872,0.01115571145184501,2,2
13,TK-1999-0415_496_HNN,0,False,False,0.0004113714329417,0.0003850494015935829,0,0
13,TK-1999-0415_496_HNN,1,False,False,0.0011244796540941,0.0010971621209440317,0,0
13,TK-1999-0415_496_HNN,2,False,False,0.0025254951167314,0.0027974192237447816,0,0
13,TK-1999-0415_496_HNN,3,False,False,0.0048106850713259,0.005030272261381688,0,1
13,TK-1999-0415_496_HNN,4,False,False,0.014019809862014,0.00950181494920549,2,1
13,TK-1999-0415_496_HNN,5,False,False,0.0205144885780042,0.023627154272240228,2,2
13,TK-1999-0415_498_HNN,0,False,False,0.000394847844435,0.00042690527020793035,0,0
13,TK-1999-0415_498_HNN,1,False,False,0.0010903610455841,0.0013105046152753314,0,0
13,TK-1999-0415_498_HNN,2,False,False,0.0030186111037642,0.0033712912118591554,0,0
13,TK-1999-0415_498_HNN,3,False,False,0.0055259347175035,0.006145558316589815,1,1
13,TK-1999-0415_498_HNN,4,False,False,0.0086992873250523,0.011648723545007908,1,1
13,TK-1999-0415_498_HNN,5,False,False,0.0153815765075137,0.024273401742641098,2,2
13,TK-1999-0415_C0362_HNN,0,False,False,0.0003959767710044,0.0003995925073317385,0,0
13,TK-1999-0415_C0362_HNN,1,False,False,0.0014433888161723,0.0011918849629524,0,0
13,TK-1999-0415_C0362_HNN,2,False,False,0.0041092832589828,0.0031654770341743997,0,0
13,TK-1999-0415_C0362_HNN,3,False,False,0.0181458780562896,0.005947506256015148,2,1
13,TK-1999-0415_C0362_HNN,4,False,False,0.0271543464154311,0.011167742904063667,2,1
13,TK-1999-0415_C0362_HNN,5,False,False,0.1,0.02218593215569131,4,2
13,TK-1999-0415_C0375_HNN,0,False,False,0.000387621989792,0.0004027234634768563,0,0
13,TK-1999-0415_C0375_HNN,1,False,False,0.0009627006025903,0.0012994947762208187,0,0
13,TK-1999-0415_C1058_HNE,0,False,False,0.0004065727888052,0.0004297969700728427,0,0
13,TK-1999-0415_C1058_HNE,1,False,False,0.0013023439248299,0.0018215598660672723,0,0
13,TK-1999-0415_C1058_HNE,2,False,False,0.0041613844905151,0.006981712388862119,0,1
13,TK-1999-0415_C1058_HNE,3,False,False,0.0086515436927117,0.015669435065262152,1,2
13,TK-1999-0415_C0375_HNN,2,False,False,0.0018353035377139,0.002698774816268079,0,0
13,TK-1999-0415_C0375_HNN,3,False,False,0.0025455024214778,0.004666234193016112,0,0
13,TK-1999-0415_C0375_HNN,4,False,False,0.0038979551414442,0.00738036354444276,0,1
13,TK-1999-0415_C0375_HNN,5,False,False,0.0059629130888828,0.012017864654102046,1,2
13,TK-1999-0415_C1058_HNE,4,False,False,0.0343377487959452,0.041358122646065726,3,2
13,TK-1999-0415_C1058_HNE,5,False,False,0.1,0.06364053555058206,4,4
13,TK-1999-0415_C1059_HNN,0,False,False,0.0004028655692291,0.00039051468782804496,0,0
13,TK-1999-0415_C1059_HNN,1,False,False,0.001363839509131,0.0013257184652532502,0,0
13,TK-1999-0415_C1059_HNN,2,False,False,0.0037123920610137,0.004134948439338476,0,0
13,TK-1999-0415_C1059_HNN,3,False,False,0.007545912509484,0.006871116488053479,1,1
13,TK-1999-0415_C1059_HNN,4,False,False,0.0119306313400095,0.014720105868219625,1,2
13,TK-1999-0415_C1059_HNN,5,False,False,0.0203862004316004,0.03311527399479423,2,2
13,TK-1999-0415_C1060_HNE,0,False,False,0.0004082001134314,0.0004399849915467973,0,0
13,TK-1999-0415_C1060_HNE,1,False,False,0.0013644756627141,0.0015222068064001358,0,0
13,TK-1999-0415_C1060_HNE,2,False,False,0.0028435826967803,0.004001011062022387,0,0
13,TK-1999-0415_C1060_HNE,3,False,False,0.0067131034105718,0.007980752073665184,1,1
13,TK-1999-0415_C1060_HNE,4,False,False,0.015296892060417,0.01276600182197618,2,1
13,TK-1999-0415_C1060_HNE,5,False,False,0.0264229190015269,0.022466649010668475,2,2
13,TK-1999-0415_C1061_HNE,0,False,False,0.0004084151332181,0.0004117099473040698,0,0
13,TK-1999-0415_C1061_HNE,1,False,False,0.0013411653471091,0.0012303407967023186,0,0
13,TK-1999-0415_C1061_HNE,2,False,False,0.0032127546238528,0.0030409838012877733,0,0
13,TK-1999-0415_C1061_HNE,3,False,False,0.0044435223400606,0.005696734288265392,0,1
13,TK-1999-0415_C1061_HNE,4,False,False,0.0073214051133084,0.00933920125538682,1,2
13,TK-1999-0415_C1061_HNE,5,False,False,0.0177708427557576,0.017685364944011787,2,2
13,TK-1999-0415_C1062_HNE,0,False,False,0.0003923934160544,0.0004115831695275279,0,0
13,TK-1999-0415_C1062_HNE,1,False,False,0.0011671935178161,0.0012699565217306897,0,0
13,TK-1999-0415_C1062_HNE,2,False,False,0.0025113432018856,0.003054162425863816,0,0
13,TK-1999-0415_C1062_HNE,3,False,False,0.0057491394591388,0.005889422329112161,1,1
13,TK-1999-0415_C1062_HNE,4,False,False,0.0123342693659999,0.010697726995897184,2,1
13,TK-1999-0415_C1062_HNE,5,False,False,0.0235901440824294,0.021252515437239484,2,2
13,TK-1999-0415_D0531_HNN,0,False,False,0.0003962461786251,0.00036810369968855763,0,0
13,TK-1999-0415_D0531_HNN,1,False,False,0.0015087871701522,0.001046815254789079,0,0
13,TK-1999-0415_D0531_HNN,2,False,False,0.0040780680526133,0.0021777889744087164,0,0
13,TK-1999-0415_D0531_HNN,3,False,False,0.0074629427457996,0.0038841019333567236,1,0
13,TK-1999-0415_D0531_HNN,4,False,False,0.0109655444522121,0.006515109059746887,1,1
13,TK-1999-0415_D0531_HNN,5,False,False,0.0169849353126508,0.015020474914392375,2,2
13,TK-1999-0415_1401_HNE,0,False,False,0.0003996662151068,0.00040975838298805834,0,0
13,TK-1999-0415_1401_HNE,1,False,False,0.0012986680229386,0.0015721098791006969,0,0
13,TK-1999-0415_1401_HNE,2,False,False,0.0039668473765246,0.005254171978291076,0,0
13,TK-1999-0415_1401_HNE,3,False,False,0.0112634649852105,0.010055943153352677,1,1
13,TK-1999-0415_1401_HNE,4,False,False,0.0227201412543639,0.021664732030549572,2,2
13,TK-1999-0415_1401_HNE,5,False,False,0.0838028792849142,0.04048750586603659,4,3
13,TK-1999-0415_1406_HNN,0,False,False,0.0003952106788989,0.0004274566111203968,0,0
13,TK-1999-0415_1406_HNN,1,False,False,0.0010774132683204,0.0014240730465454115,0,0
13,TK-1999-0415_1406_HNN,2,False,False,0.0022891307239955,0.004414085258169655,0,0
13,TK-1999-0415_1406_HNN,3,False,False,0.0073950717997898,0.00872394040881612,1,1
13,TK-1999-0415_1406_HNN,4,False,False,0.0117179182524013,0.015272411882659086,1,2
13,TK-1999-0415_1406_HNN,5,False,False,0.01789672545378,0.029195829958245104,2,2
13,TK-1999-0415_8101_HNE,0,False,False,0.0003890385228381,0.000411405836563892,0,0
13,TK-1999-0415_8101_HNE,1,False,False,0.0012879414328044,0.001718538075527109,0,0
13,TK-1999-0415_8101_HNE,2,False,False,0.0054688293673875,0.0067855331532729974,1,1
13,TK-1999-0415_8101_HNE,3,False,False,0.0198736785929134,0.014143574647513073,2,1
13,TK-1999-0415_8101_HNE,4,False,False,0.0349854166813355,0.04008298993953205,3,3
13,TK-1999-0415_8101_HNE,5,False,False,0.0996827735054027,0.08637461177903394,4,4
13,INT-20250810_0000200_AKS_HNN,0,False,False,0.0004036530321549,0.00039958000355584645,0,0
13,INT-20250810_0000200_AKS_HNN,1,False,False,0.0016384472142668,0.0013686945069284124,0,0
13,INT-20250810_0000200_AKS_HNN,2,False,False,0.0032359607303767,0.0037482512733654784,0,0
13,INT-20250810_0000200_AKS_HNN,3,False,False,0.006162813105831,0.007600467416512193,1,1
13,INT-20250810_0000200_AKS_HNN,4,False,False,0.0103775049282874,0.013173802875959097,1,2
13,INT-20250810_0000200_AKS_HNN,5,False,False,0.0130616378209034,0.03292283169861289,2,3
13,INT-20250810_0000200_BALB_HNE,0,False,False,0.0003963597227177,0.0004294106584446315,0,0
13,INT-20250810_0000200_BALB_HNE,1,False,False,0.0012381614417956,0.0014670285965560192,0,0
13,INT-20250810_0000200_BALB_HNE,2,False,False,0.0028490748844521,0.004785957458422159,0,1
13,INT-20250810_0000200_BALB_HNE,3,False,False,0.0070456127467132,0.009569238952575486,1,1
13,INT-20250810_0000200_BALB_HNE,4,False,False,0.0144084498444254,0.017045278413055056,2,2
13,INT-20250810_0000200_BALB_HNE,5,False,False,0.0270318394070312,0.030501703679036627,2,2
13,INT-20250810_0000200_GORD_HNN,0,False,False,0.0004073008332894,0.0004235242300175741,0,0
13,INT-20250810_0000200_GORD_HNN,1,False,False,0.0015698703390916,0.0012267338873131976,0,0
13,INT-20250810_0000200_GORD_HNN,2,False,False,0.0062572940118972,0.002799307266124629,1,0
13,INT-20250810_0000200_GORD_HNN,3,False,False,0.0105676975213704,0.005821436246533179,1,1
13,INT-20250810_0000200_GORD_HNN,4,False,False,0.015938231457098,0.009822010059771688,2,1
13,INT-20250810_0000200_GORD_HNN,5,False,False,0.0294389641103326,0.018010383745349013,2,2
13,INT-20250810_0000200_SOMA_HNN,0,False,False,0.000391842740598,0.00040108611621792595,0,0
13,INT-20250810_0000200_SOMA_HNN,1,False,False,0.0013400137852433,0.0013104456225559696,0,0
13,INT-20250810_0000200_SOMA_HNN,2,False,False,0.0030711029345141,0.003851267759328839,0,0
13,INT-20250810_0000200_SOMA_HNN,3,False,False,0.0064399516212372,0.007713942744420275,1,1
13,INT-20250810_0000200_SOMA_HNN,4,False,False,0.0126770982485589,0.01283452619952382,2,2
13,INT-20250810_0000200_SOMA_HNN,5,False,False,0.0144298543951714,0.02416736909579388,2,2
13,TK-1999-0294_1612_HNE,0,False,False,0.0003941502953377,0.00040410186095910314,0,0
13,TK-1999-0294_1612_HNE,1,False,False,0.001240224259539,0.0013449221831725426,0,0
13,TK-1999-0294_1612_HNE,2,False,False,0.0031542721326748,0.0036331946640133788,0,0
13,TK-1999-0294_1612_HNE,3,False,False,0.0073393336287019,0.007446019374421114,1,1
13,TK-1999-0294_1612_HNE,4,False,False,0.0143378099575042,0.014916738219904618,2,2
13,TK-1999-0294_1612_HNE,5,False,False,0.0341196141344532,0.02790664061917796,3,3
13,TK-2003-0179_1701_HNN,0,False,False,0.0003936870193407,0.00040356535624049467,0,0
13,TK-2003-0179_1701_HNN,1,False,False,0.0016656184918545,0.0011930135444325144,0,0
13,TK-2003-0179_1701_HNN,2,False,False,0.0046167815245308,0.002762048185119895,0,0
13,TK-2003-0179_1701_HNN,3,False,False,0.0103995211497987,0.0052046932642639335,1,1
13,TK-2003-0179_1701_HNN,4,False,False,0.0212710931138293,0.008624549472923276,2,1
13,TK-2003-0179_1701_HNN,5,False,False,0.042270163565155,0.016674115250759857,3,2
13,TK-1999-0294_4101_HNE,0,False,False,0.0004068171937032,0.00039236081411227143,0,0
13,TK-1999-0294_4101_HNE,1,False,False,0.0013254777237256,0.001307139806723421,0,0
13,TK-1999-0294_4101_HNE,2,False,False,0.0029394824884798,0.0028838338541080834,0,0
13,TK-1999-0294_4101_HNE,3,False,False,0.0054845463688058,0.006902882870049666,1,1
13,TK-1999-0294_4101_HNE,4,False,False,0.0083326828348207,0.014116804633161818,1,2
13,TK-1999-0294_4101_HNE,5,False,False,0.014511571778624,0.04902676796141022,2,4
13,TK-1999-0294_4107_HNE,0,False,False,0.0003994349906433,0.0003765706202139624,0,0
13,TK-1999-0294_4107_HNE,1,False,False,0.0014060849710685,0.0012554018889690095,0,0
13,TK-1999-0294_4107_HNE,2,False,False,0.0044324959189118,0.004750410165615079,0,0
13,TK-1999-0294_4107_HNE,3,False,False,0.0107573330695463,0.010303403301175835,1,2
13,TK-1999-0294_4107_HNE,4,False,False,0.0281949471168844,0.01949323736860265,2,2
13,TK-1999-0294_4107_HNE,5,False,False,0.1,0.0378667504498337,4,4
13,TK-1999-0294_5401_HNE,0,False,False,0.0004417453451483,0.0005144275451395794,0,0
13,TK-1999-0294_5401_HNE,1,False,False,0.0017567203227965,0.002678910781186138,0,0
13,TK-1999-0294_5401_HNE,2,False,False,0.0048997577605188,0.0076683970217004006,0,0
13,TK-1999-0294_5401_HNE,3,False,False,0.0072204375677389,0.015380513313230535,1,1
13,TK-1999-0294_5401_HNE,4,False,False,0.0098051975011925,0.03582275031295559,1,2
13,TK-1999-0294_5401_HNE,5,False,False,0.0170315026784733,0.0526960177530466,2,4
13,EMSC-20200122_0000127_GOMA_HNE,0,False,False,0.0004003013557648,0.0004001459167262507,0,0
13,EMSC-20200122_0000127_GOMA_HNE,1,False,False,0.0015972224249624,0.0010987232368265157,0,0
13,EMSC-20200122_0000127_GOMA_HNE,2,False,False,0.0038865926123471,0.0031536440666056747,0,0
13,EMSC-20200122_0000127_GOMA_HNE,3,False,False,0.0085905830487517,0.00662571568055898,1,1
13,EMSC-20200122_0000127_GOMA_HNE,4,False,False,0.0153707363849679,0.011455956801158105,2,2
13,EMSC-20200122_0000127_GOMA_HNE,5,False,False,0.028272681001976,0.01957428642037683,2,2
13,EMSC-20200122_0000127_SOMA_HNN,0,False,False,0.0004033373558316,0.0003733229296541096,0,0
13,EMSC-20200122_0000127_SOMA_HNN,1,False,False,0.0015620453816449,0.0010829528690367715,0,0
13,EMSC-20200122_0000127_SOMA_HNN,2,False,False,0.0029345204356977,0.0026342423492670673,0,0
13,EMSC-20200122_0000127_SOMA_HNN,3,False,False,0.0074408472876556,0.005475073690922264,1,1
13,EMSC-20200122_0000127_SOMA_HNN,4,False,False,0.0113850196255952,0.010331536744557147,1,1
13,EMSC-20200122_0000127_SOMA_HNN,5,False,False,0.0224537913393582,0.019532770842741593,2,2
14,TK-1999-0077_YPT_HNN,4,False,False,0.0930076438347674,0.0414093876461287,4,3
14,TK-1999-0077_YPT_HNN,5,False,False,0.1,0.07799766801869171,4,4
14,TK-1999-0077_1612_HNE,0,False,False,0.0010496802881861,0.000734364983914854,0,0
14,TK-1999-0077_1612_HNE,1,False,False,0.0063397164782053,0.0018535179150311002,1,0
14,TK-1999-0077_YPT_HNN,0,False,False,0.0010969224944399,0.0009036665272889447,0,0
14,TK-1999-0077_YPT_HNN,1,False,False,0.0065710692818752,0.0031482522670390582,1,0
14,TK-1999-0077_YPT_HNN,2,False,False,0.0131339021681398,0.007412990580199394,2,1
14,TK-1999-0077_YPT_HNN,3,False,False,0.0324068201932246,0.020495296715667268,3,2
14,TK-1999-0077_4101_HNE,0,False,False,0.0008886759228026,0.0010986550800461945,0,0
14,TK-1999-0077_4101_HNE,1,False,False,0.0031078471747302,0.004218694712989517,0,1
14,TK-1999-0077_4101_HNE,2,False,False,0.0091817940060438,0.00859057881393326,1,2
14,TK-1999-0077_4101_HNE,3,False,False,0.0306320319636913,0.01873669204344158,3,3
14,TK-1999-0077_1612_HNE,2,False,False,0.0115908693300507,0.0034567609542004427,1,0
14,TK-1999-0077_1612_HNE,3,False,False,0.0179726326330519,0.007514288597695897,2,1
14,TK-1999-0077_1612_HNE,4,False,False,0.0308956781926981,0.012518579200800599,3,2
14,TK-1999-0077_1612_HNE,5,False,False,0.0705798635312759,0.03198113693755078,4,4
14,TK-1999-0077_4101_HNE,4,False,False,0.0769311826999671,0.050501626272013975,4,3
14,TK-1999-0077_4101_HNE,5,False,False,0.1,0.1005874795959755,4,4
14,TK-1999-0077_4106_HNN,0,False,False,0.0009037914140599,0.0012319223216463496,0,0
14,TK-1999-0077_4106_HNN,1,False,False,0.0018059209438171,0.00619540799630865,0,1
14,TK-1999-0077_4106_HNN,2,False,False,0.0059569484102192,0.01661817467891002,1,2
14,TK-1999-0077_4106_HNN,3,False,False,0.0181142735736906,0.03446318592163925,2,3
14,TK-1999-0077_4106_HNN,4,False,False,0.0617988921855407,0.06595051006018607,4,4
14,TK-1999-0077_4106_HNN,5,False,False,0.1,0.09528988911871879,4,4
14,TK-1999-0077_5401_HNE,0,False,False,0.0008828817972527,0.0009890082599854498,0,0
14,TK-1999-0077_5401_HNE,1,False,False,0.003807969644754,0.005040610934326813,0,1
14,TK-1999-0077_5401_HNE,2,False,False,0.0109180433158751,0.013053621051160355,1,1
14,TK-1999-0077_5401_HNE,3,False,False,0.0195267226266707,0.03362650886589891,2,2
14,TK-1999-0077_5401_HNE,4,False,False,0.0571590749688136,0.057659982973850624,3,4
14,TK-1999-0077_5401_HNE,5,False,False,0.1,0.07429996469654541,4,4
14,TK-1999-0415_487_HNN,0,False,False,0.0009571365857681,0.0009497116227320881,0,0
14,TK-1999-0415_487_HNN,1,False,False,0.004431186536606,0.0031966102923506926,0,0
14,TK-1999-0415_496_HNN,0,False,False,0.0013287694640295,0.0017150593588373321,0,0
14,TK-1999-0415_496_HNN,1,False,False,0.0043206942607211,0.007069933067740781,0,1
14,TK-1999-0415_496_HNN,2,False,False,0.0129975599653464,0.01662542450719941,2,2
14,TK-1999-0415_496_HNN,3,False,False,0.0212387487437846,0.027581509964714084,2,2
14,TK-1999-0415_487_HNN,2,False,False,0.0091429708614881,0.007183669918694317,1,1
14,TK-1999-0415_487_HNN,3,False,False,0.0169694092391851,0.013102380900096893,2,2
14,TK-1999-0415_487_HNN,4,False,False,0.0252630485766742,0.026136864974366483,2,2
14,TK-1999-0415_487_HNN,5,False,False,0.0950590108908102,0.06368504378645592,4,4
14,TK-1999-0415_496_HNN,4,False,False,0.0400494430219397,0.04952193833971309,3,3
14,TK-1999-0415_496_HNN,5,False,False,0.1,0.09774223465058324,4,4
14,TK-1999-0415_498_HNN,0,False,False,0.0011955122862143,0.0010632751411404654,0,0
14,TK-1999-0415_498_HNN,1,False,False,0.0043163951700945,0.003706563079557105,0,0
14,TK-1999-0415_498_HNN,2,False,False,0.009708769341865,0.010136908094039457,1,1
14,TK-1999-0415_498_HNN,3,False,False,0.0154784930456418,0.02013946006170892,2,2
14,TK-1999-0415_498_HNN,4,False,False,0.0252530253462556,0.03918784042842721,2,3
14,TK-1999-0415_498_HNN,5,False,False,0.1,0.07231463971475632,4,4
14,TK-1999-0415_C0362_HNN,0,False,False,0.0009010255152629,0.0008349045346088226,0,0
14,TK-1999-0415_C0362_HNN,1,False,False,0.0025556368355494,0.001746215563401753,0,0
14,TK-1999-0415_C0362_HNN,2,False,False,0.0065188939255861,0.0026091920825950794,1,0
14,TK-1999-0415_C0362_HNN,3,False,False,0.0103477131806801,0.004802913072028168,1,1
14,TK-1999-0415_C0362_HNN,4,False,False,0.0186924920265449,0.008094819666052029,2,1
14,TK-1999-0415_C0362_HNN,5,False,False,0.0447479497476946,0.01348463087532431,3,2
14,TK-1999-0415_C0375_HNN,0,False,False,0.0049502330654097,0.001984689341166109,0,0
14,TK-1999-0415_C0375_HNN,1,False,False,0.0082577284529534,0.0070968618459851425,1,1
14,TK-1999-0415_C0375_HNN,2,False,False,0.0152139022511481,0.015032349616694416,2,2
14,TK-1999-0415_C0375_HNN,3,False,False,0.0284394417884619,0.03890261669480562,2,2
14,TK-1999-0415_C0375_HNN,4,False,False,0.0665281653782736,0.05720660435334462,4,4
14,TK-1999-0415_C0375_HNN,5,False,False,0.1,0.10083958631491295,4,4
14,TK-1999-0415_C1058_HNE,0,False,False,0.001029532517089,0.0008678246428111214,0,0
14,TK-1999-0415_C1058_HNE,1,False,False,0.0063043880172158,0.003007830539556396,1,0
14,TK-1999-0415_C1058_HNE,2,False,False,0.0122344201683218,0.008792358480075696,2,1
14,TK-1999-0415_C1058_HNE,3,False,False,0.0238456876242835,0.022049715067047393,2,2
14,TK-1999-0415_C1058_HNE,4,False,False,0.0526115975618397,0.050086863876526784,3,4
14,TK-1999-0415_C1058_HNE,5,False,False,0.1,0.06455898143859137,4,4
14,TK-1999-0415_C1059_HNN,0,False,False,0.000874836179777,0.0011831154723524649,0,0
14,TK-1999-0415_C1059_HNN,1,False,False,0.0035166335839561,0.004705011527792151,0,1
14,TK-1999-0415_C1059_HNN,2,False,False,0.0073979445609426,0.009574388583327126,1,1
14,TK-1999-0415_C1059_HNN,3,False,False,0.0145900665658714,0.017079275321530075,2,2
14,TK-1999-0415_C1059_HNN,4,False,False,0.0253137254154164,0.04433596567230604,2,3
14,TK-1999-0415_C1059_HNN,5,False,False,0.1,0.0805103071219999,4,4
14,TK-1999-0415_C1060_HNE,0,False,False,0.000862718557953,0.0009849002078027233,0,0
14,TK-1999-0415_C1060_HNE,1,False,False,0.0051354060229882,0.003228008995133511,1,0
14,TK-1999-0415_C1060_HNE,2,False,False,0.0120818007078133,0.007362323305869199,2,1
14,TK-1999-0415_C1060_HNE,3,False,False,0.0227615248684234,0.013886949444000716,2,2
14,TK-1999-0415_C1060_HNE,4,False,False,0.0389959957754779,0.02530182629112071,3,2
14,TK-1999-0415_C1060_HNE,5,False,False,0.1,0.07231303191408321,4,4
14,TK-1999-0415_C1061_HNE,0,False,False,0.0013714497765821,0.0010544708356313435,0,0
14,TK-1999-0415_C1061_HNE,1,False,False,0.0053289524257257,0.0038078275428639645,1,0
14,TK-1999-0415_C1061_HNE,2,False,False,0.011540443791635,0.008282308033397532,1,1
14,TK-1999-0415_C1061_HNE,3,False,False,0.0160480477950869,0.013079617082992358,2,2
14,TK-1999-0415_C1061_HNE,4,False,False,0.034988966910013,0.021997091680850928,3,2
14,TK-1999-0415_C1061_HNE,5,False,False,0.0914944707965588,0.04884820557833997,4,4
14,TK-1999-0415_C1062_HNE,0,False,False,0.0012378871762951,0.0010231255771099928,0,0
14,TK-1999-0415_C1062_HNE,1,False,False,0.0059665074591654,0.003971801901071056,1,0
14,TK-1999-0415_C1062_HNE,2,False,False,0.0101252510467169,0.009704449435119942,1,1
14,TK-1999-0415_C1062_HNE,3,False,False,0.0162034508680649,0.018987739201911845,2,2
14,TK-1999-0415_C1062_HNE,4,False,False,0.0324196557205947,0.042503285150830065,3,3
14,TK-1999-0415_C1062_HNE,5,False,False,0.0706445509349397,0.08484882826495449,4,4
14,TK-1999-0415_D0531_HNN,0,False,False,0.0008677715161032,0.0010699574159813972,0,0
14,TK-1999-0415_D0531_HNN,1,False,False,0.0035351586301193,0.0038621483100127877,0,0
14,TK-1999-0415_D0531_HNN,2,False,False,0.0079709920679962,0.008520460660769513,1,1
14,TK-1999-0415_D0531_HNN,3,False,False,0.0182713454048723,0.01574524402784357,2,2
14,TK-1999-0415_D0531_HNN,4,False,False,0.0322424847865448,0.03205117806760024,3,3
14,TK-1999-0415_D0531_HNN,5,False,False,0.0735752163244041,0.0703768190177497,4,4
14,TK-1999-0415_1401_HNE,0,False,False,0.0008532197487369,0.001089243237204551,0,0
14,TK-1999-0415_1401_HNE,1,False,False,0.0027241982042809,0.004276929838346889,0,0
14,TK-1999-0415_1401_HNE,2,False,False,0.0056209090681773,0.008643480600024553,1,1
14,TK-1999-0415_1401_HNE,3,False,False,0.0081101959385963,0.013166229385011621,1,2
14,TK-1999-0415_1401_HNE,4,False,False,0.013423402427583,0.02100531330038142,2,2
14,TK-1999-0415_1401_HNE,5,False,False,0.0207683956371901,0.04041071852372721,2,3
14,TK-1999-0415_1406_HNN,0,False,False,0.0012923245327538,0.0011725416408942923,0,0
14,TK-1999-0415_1406_HNN,1,False,False,0.0032637463134421,0.004555163913060126,0,1
14,TK-1999-0415_1406_HNN,2,False,False,0.0116426237957445,0.010127196345931254,1,1
14,TK-1999-0415_1406_HNN,3,False,False,0.0237607313401381,0.016655726380366057,2,2
14,TK-1999-0415_1406_HNN,4,False,False,0.0625009244293541,0.03803114479898323,4,3
14,TK-1999-0415_1406_HNN,5,False,False,0.1,0.0854571705481323,4,4
14,TK-1999-0415_8101_HNE,0,False,False,0.0008972510273981,0.0010905224513452969,0,0
14,TK-1999-0415_8101_HNE,1,False,False,0.0033071736751399,0.00471545564902542,0,0
14,TK-1999-0415_8101_HNE,2,False,False,0.0070418025155205,0.010261073503424398,1,1
14,TK-1999-0415_8101_HNE,3,False,False,0.0168583613133409,0.01674557098339561,2,2
14,TK-1999-0415_8101_HNE,4,False,False,0.0308878214973444,0.030916521558526266,3,3
14,TK-1999-0415_8101_HNE,5,False,False,0.063068817685194,0.052598357234327084,4,3
14,INT-20250810_0000200_AKS_HNN,0,False,False,0.0010443782146663,0.00114380375174147,0,0
14,INT-20250810_0000200_AKS_HNN,1,False,False,0.0031397422933899,0.004758754865035394,0,1
14,INT-20250810_0000200_AKS_HNN,2,False,False,0.0093418676822215,0.010936703237233782,1,2
14,INT-20250810_0000200_AKS_HNN,3,False,False,0.0158593426369968,0.02328932294908216,2,2
14,INT-20250810_0000200_AKS_HNN,4,False,False,0.031502851478327,0.030872644805631722,3,2
14,INT-20250810_0000200_AKS_HNN,5,False,False,0.0695194642967597,0.06805633789587894,4,4
14,INT-20250810_0000200_BALB_HNE,0,False,False,0.000882430630854,0.001002531797177726,0,0
14,INT-20250810_0000200_BALB_HNE,1,False,False,0.0020147958355606,0.0034951502720791147,0,0
14,INT-20250810_0000200_BALB_HNE,2,False,False,0.0058126427450598,0.007759882521070943,1,1
14,INT-20250810_0000200_BALB_HNE,3,False,False,0.0087411078578754,0.012957772497914657,1,2
14,INT-20250810_0000200_BALB_HNE,4,False,False,0.0166452705022715,0.019863532407599187,2,2
14,INT-20250810_0000200_BALB_HNE,5,False,False,0.0300675748652148,0.046844999383644045,3,3
14,INT-20250810_0000200_GORD_HNN,0,False,False,0.0009625689841642,0.0008948584256192415,0,0
14,INT-20250810_0000200_GORD_HNN,1,False,False,0.0035915194014935,0.0027708765547010015,0,0
14,INT-20250810_0000200_GORD_HNN,2,False,False,0.0067019470745368,0.005476390346181391,1,1
14,INT-20250810_0000200_GORD_HNN,3,False,False,0.0128460495830595,0.009717948144888357,2,1
14,INT-20250810_0000200_GORD_HNN,4,False,False,0.019264136450771,0.013624699573916287,2,2
14,INT-20250810_0000200_GORD_HNN,5,False,False,0.0419072202729568,0.030212195762139314,3,3
14,INT-20250810_0000200_SOMA_HNN,0,False,False,0.00080363259367,0.0009691294009661509,0,0
14,INT-20250810_0000200_SOMA_HNN,1,False,False,0.0036302178218391,0.0034125247469611346,0,0
14,INT-20250810_0000200_SOMA_HNN,2,False,False,0.0103761529320945,0.007514074091026539,1,1
14,INT-20250810_0000200_SOMA_HNN,3,False,False,0.0120369424053395,0.013736072143741354,2,2
14,INT-20250810_0000200_SOMA_HNN,4,False,False,0.0169512448185415,0.0218006232297358,2,2
14,INT-20250810_0000200_SOMA_HNN,5,False,False,0.0263984975699734,0.058517395649559,2,3
14,TK-1999-0294_1612_HNE,0,False,False,0.0012150002457207,0.0007840772867975365,0,0
14,TK-1999-0294_1612_HNE,1,False,False,0.0049281602104619,0.0021573635652040613,0,0
14,TK-1999-0294_1612_HNE,2,False,False,0.0105840676690326,0.005271313204136038,1,1
14,TK-1999-0294_1612_HNE,3,False,False,0.0186744642451503,0.00965977461273499,2,2
14,TK-1999-0294_1612_HNE,4,False,False,0.0270144399129638,0.018623952878052928,2,2
14,TK-1999-0294_1612_HNE,5,False,False,0.0422371991072274,0.03403710540402306,3,2
14,TK-2003-0179_1701_HNN,0,False,False,0.0008233845835497,0.0008633929270107516,0,0
14,TK-2003-0179_1701_HNN,1,False,False,0.00185611986964,0.002575769700144262,0,0
14,TK-2003-0179_1701_HNN,2,False,False,0.0038250734253704,0.0037540028698698,0,0
14,TK-2003-0179_1701_HNN,3,False,False,0.0076943674269699,0.006354212341007636,1,1
14,TK-2003-0179_1701_HNN,4,False,False,0.0137371492424202,0.008899632086427375,2,2
14,TK-2003-0179_1701_HNN,5,False,False,0.0194743841833545,0.02109898995373721,2,2
14,TK-1999-0294_4101_HNE,0,False,False,0.0011838057243915,0.001252894368912429,0,0
14,TK-1999-0294_4101_HNE,1,False,False,0.005704798465351,0.005217618421923198,1,0
14,TK-1999-0294_4101_HNE,2,False,False,0.011969123077689,0.016459096356796377,1,1
14,TK-1999-0294_4101_HNE,3,False,False,0.0228345862304352,0.024328979678611598,2,2
14,TK-1999-0294_4101_HNE,4,False,False,0.0334143266816892,0.04068875678870633,3,2
14,TK-1999-0294_4101_HNE,5,False,False,0.0854986462632689,0.07857015179727796,4,4
14,TK-1999-0294_4107_HNE,0,False,False,0.0010501125609622,0.0008518042708224617,0,0
14,TK-1999-0294_4107_HNE,1,False,False,0.0034679626379068,0.002813518300838331,0,0
14,TK-1999-0294_4107_HNE,2,False,False,0.0081473427326993,0.006876573108881732,1,1
14,TK-1999-0294_4107_HNE,3,False,False,0.0177103135048666,0.013491335759035834,2,2
14,TK-1999-0294_4107_HNE,4,False,False,0.0277027692674307,0.024979060143195144,2,3
14,TK-1999-0294_4107_HNE,5,False,False,0.0435563901491423,0.040437770648784906,3,4
14,TK-1999-0294_5401_HNE,0,False,False,0.0008019533714682,0.001741050418790784,0,0
14,TK-1999-0294_5401_HNE,1,False,False,0.0027229427531494,0.007486145776393288,0,1
14,EMSC-20200122_0000127_GOMA_HNE,0,False,False,0.0009046576804082,0.0008118834429624421,0,0
14,EMSC-20200122_0000127_GOMA_HNE,1,False,False,0.0022616573467987,0.0025052436161749837,0,0
14,EMSC-20200122_0000127_GOMA_HNE,2,False,False,0.0047461998184711,0.005362522945869442,0,1
14,EMSC-20200122_0000127_GOMA_HNE,3,False,False,0.0092061147269298,0.009544810765628863,1,2
14,TK-1999-0294_5401_HNE,2,False,False,0.007369923533204,0.018202673271461602,1,1
14,TK-1999-0294_5401_HNE,3,False,False,0.014575487336505,0.027627488076295722,2,2
14,TK-1999-0294_5401_HNE,4,False,False,0.0209913521444593,0.04407703425928181,2,3
14,TK-1999-0294_5401_HNE,5,False,False,0.0612498922451016,0.07920538620353612,4,4
14,EMSC-20200122_0000127_GOMA_HNE,4,False,False,0.0167073640089028,0.014577432203024385,2,2
14,EMSC-20200122_0000127_GOMA_HNE,5,False,False,0.0276088941846818,0.04043938014380805,2,3
14,EMSC-20200122_0000127_SOMA_HNN,0,False,False,0.0010123008720181,0.0010500528241281903,0,0
14,EMSC-20200122_0000127_SOMA_HNN,1,False,False,0.0035558331188477,0.003987418278395647,0,0
14,EMSC-20200122_0000127_SOMA_HNN,2,False,False,0.0102949043970385,0.009656656943694348,1,1
14,EMSC-20200122_0000127_SOMA_HNN,3,False,False,0.0166972025431889,0.015815549359982882,2,2
14,EMSC-20200122_0000127_SOMA_HNN,4,False,False,0.0280513699326027,0.029534858023171986,2,2
14,EMSC-20200122_0000127_SOMA_HNN,5,False,False,0.0589496930109946,0.06888796390922429,3,4
15,TK-1999-0077_YPT_HNN,4,False,True,0.1,0.04251452167459874,4,3
15,TK-1999-0077_YPT_HNN,5,False,True,0.1,0.06826075016713438,4,4
15,TK-1999-0077_1612_HNE,0,False,True,0.0005564059422506,0.0005341518158179203,0,0
15,TK-1999-0077_1612_HNE,1,False,True,0.0022529457874392,0.001863272215938042,0,0
15,TK-1999-0077_YPT_HNN,0,False,True,0.0006165598171183,0.0005472237044417554,0,0
15,TK-1999-0077_YPT_HNN,1,False,True,0.0028339298152076,0.001721023008188419,0,0
15,TK-1999-0077_YPT_HNN,2,False,True,0.0081562017839898,0.004659813958303505,1,0
15,TK-1999-0077_YPT_HNN,3,False,True,0.0248063492788586,0.010472900478299631,2,2
15,TK-1999-0077_1612_HNE,2,False,True,0.0126508619401551,0.004834103225003551,2,0
15,TK-1999-0077_1612_HNE,3,False,True,0.0214226753985581,0.008627272353498328,2,1
15,TK-1999-0077_1612_HNE,4,False,True,0.0453706010862129,0.024095394810516636,3,2
15,TK-1999-0077_1612_HNE,5,False,True,0.1,0.06844044794068394,4,3
15,TK-1999-0077_4101_HNE,0,False,True,0.0006719619910998,0.0005975294565800994,0,0
15,TK-1999-0077_4101_HNE,1,False,True,0.0020828461510079,0.0021994060828017014,0,0
15,TK-1999-0077_4101_HNE,2,False,True,0.0056863047861968,0.006381423597162774,1,1
15,TK-1999-0077_4101_HNE,3,False,True,0.0155991844162721,0.01645075851890043,2,2
15,TK-1999-0077_4101_HNE,4,False,True,0.0919109271259979,0.04560392102077235,4,3
15,TK-1999-0077_4101_HNE,5,False,True,0.1,0.09950222107497361,4,4
15,TK-1999-0077_4106_HNN,0,False,True,0.0005144241909275,0.0006104709962525164,0,0
15,TK-1999-0077_4106_HNN,1,False,True,0.0019596994706854,0.00281679777259274,0,0
15,TK-1999-0077_4106_HNN,2,False,True,0.0037194440590939,0.009362039272511115,0,2
15,TK-1999-0077_4106_HNN,3,False,True,0.0130106038242791,0.023278470715502486,2,2
15,TK-1999-0077_4106_HNN,4,False,True,0.0314395970865808,0.06942639277747302,3,4
15,TK-1999-0077_4106_HNN,5,False,True,0.1,0.12001492435148073,4,4
15,TK-1999-0077_5401_HNE,0,False,True,0.0005336887858979,0.0006542147322184819,0,0
15,TK-1999-0077_5401_HNE,1,False,True,0.0012581494518152,0.0031500640723519163,0,0
15,TK-1999-0077_5401_HNE,2,False,True,0.0065238211124774,0.009301470986611625,1,1
15,TK-1999-0077_5401_HNE,3,False,True,0.0199144008325389,0.0295980304481545,2,2
15,TK-1999-0077_5401_HNE,4,False,True,0.0540154253898793,0.05644015858556087,3,4
15,TK-1999-0077_5401_HNE,5,False,True,0.1,0.0685445273278315,4,4
15,TK-1999-0415_487_HNN,0,False,True,0.0005748314252309,0.0005119266906244221,0,0
15,TK-1999-0415_487_HNN,1,False,True,0.0018506042098572,0.0016021875201188364,0,0
15,TK-1999-0415_487_HNN,2,False,True,0.002651894944904,0.003291931650390583,0,0
15,TK-1999-0415_487_HNN,3,False,True,0.0058031541263624,0.00515235872009008,1,0
15,TK-1999-0415_487_HNN,4,False,True,0.0099129930304438,0.00815111860832446,1,1
15,TK-1999-0415_487_HNN,5,False,True,0.0220353612102728,0.018170444798145943,2,2
15,TK-1999-0415_496_HNN,0,False,True,0.0007279965748226,0.0005776310925831147,0,0
15,TK-1999-0415_496_HNN,1,False,True,0.0023323895294409,0.002194175697052385,0,0
15,TK-1999-0415_496_HNN,2,False,True,0.0091487127842834,0.0063509515898078,1,1
15,TK-1999-0415_496_HNN,3,False,True,0.0108772550335984,0.01252240085950082,1,2
15,TK-1999-0415_496_HNN,4,False,True,0.0179707120336882,0.022283931980584187,2,2
15,TK-1999-0415_496_HNN,5,False,True,0.0479528415619357,0.044177082769999695,3,3
15,TK-1999-0415_498_HNN,0,False,True,0.0005467214340138,0.0005894665629633219,0,0
15,TK-1999-0415_498_HNN,1,False,True,0.001673261244024,0.0018907172517375725,0,0
15,TK-1999-0415_498_HNN,2,False,True,0.0038302991386181,0.004674661987174261,0,1
15,TK-1999-0415_498_HNN,3,False,True,0.0077004259351015,0.009228366744857247,1,1
15,TK-1999-0415_498_HNN,4,False,True,0.0137782036423699,0.017473595904874375,2,2
15,TK-1999-0415_498_HNN,5,False,True,0.0254885988544428,0.03756373617486496,2,2
15,TK-1999-0415_C0362_HNN,0,False,True,0.0005630216869244,0.0005431008060886235,0,0
15,TK-1999-0415_C0362_HNN,1,False,True,0.0035915023460531,0.00151944995763097,0,0
15,TK-1999-0415_C0362_HNN,2,False,True,0.0080984685173499,0.003677138894679386,1,0
15,TK-1999-0415_C0362_HNN,3,False,True,0.0208331963432057,0.006579009808914132,2,1
15,TK-1999-0415_C0362_HNN,4,False,True,0.0510365534992439,0.012140754625683453,3,1
15,TK-1999-0415_C0362_HNN,5,False,True,0.1,0.02336303182394696,4,2
15,TK-1999-0415_C0375_HNN,0,False,True,0.0005385333944364,0.0005640668979788444,0,0
15,TK-1999-0415_C0375_HNN,1,False,True,0.0013502605549079,0.0021494878532834025,0,0
15,TK-1999-0415_C1058_HNE,0,False,True,0.0005620127611295,0.0005707715735655503,0,0
15,TK-1999-0415_C1058_HNE,1,False,True,0.0017369928854963,0.0024063662228539567,0,0
15,TK-1999-0415_C1058_HNE,2,False,True,0.0076206887317162,0.007026905089465571,1,1
15,TK-1999-0415_C1058_HNE,3,False,True,0.023727555257841,0.017785620534486773,2,2
15,TK-1999-0415_C0375_HNN,2,False,True,0.0066121930089277,0.005426147394919115,1,1
15,TK-1999-0415_C0375_HNN,3,False,True,0.0114710617193699,0.011542156882490318,1,1
15,TK-1999-0415_C0375_HNN,4,False,True,0.0140129823806187,0.02097269304331429,2,2
15,TK-1999-0415_C0375_HNN,5,False,True,0.0271864002181858,0.03860282950684289,2,2
15,TK-1999-0415_C1058_HNE,4,False,True,0.1,0.04631422307536068,4,3
15,TK-1999-0415_C1058_HNE,5,False,True,0.1,0.06939556569176107,4,4
15,TK-1999-0415_C1059_HNN,0,False,True,0.0005516938610795,0.0005294712491474783,0,0
15,TK-1999-0415_C1059_HNN,1,False,True,0.0016095077426199,0.0017431429661975918,0,0
15,TK-1999-0415_C1059_HNN,2,False,True,0.0039791824519044,0.004540640603268705,0,1
15,TK-1999-0415_C1059_HNN,3,False,True,0.0073285345461889,0.008714596779254688,1,1
15,TK-1999-0415_C1059_HNN,4,False,True,0.0113392910381638,0.01663034012865024,1,2
15,TK-1999-0415_C1059_HNN,5,False,True,0.0290881112816103,0.03608941495746732,2,3
15,TK-1999-0415_C1060_HNE,0,False,True,0.0006750953076961,0.0006371740911290182,0,0
15,TK-1999-0415_C1060_HNE,1,False,True,0.0039878520344087,0.0022228345516646644,0,0
15,TK-1999-0415_C1060_HNE,2,False,True,0.0076711663545806,0.004945188752187306,1,1
15,TK-1999-0415_C1060_HNE,3,False,True,0.0188443901225095,0.010603503771280371,2,1
15,TK-1999-0415_C1060_HNE,4,False,True,0.0510299995641209,0.019796674188303925,3,2
15,TK-1999-0415_C1060_HNE,5,False,True,0.1,0.04690385092563521,4,4
15,TK-1999-0415_C1061_HNE,0,False,True,0.0005654238622057,0.0006075559293548926,0,0
15,TK-1999-0415_C1061_HNE,1,False,True,0.0021702201690144,0.0019487849968754516,0,0
15,TK-1999-0415_C1062_HNE,0,False,True,0.0005791796267964,0.000558128119858217,0,0
15,TK-1999-0415_C1062_HNE,1,False,True,0.0023545581564499,0.0018787522532770515,0,0
15,TK-1999-0415_C1062_HNE,2,False,True,0.005069381571999,0.004775800250920163,1,1
15,TK-1999-0415_C1062_HNE,3,False,True,0.0104504264811684,0.009140584714830667,1,1
15,TK-1999-0415_C1061_HNE,2,False,True,0.0064020168297906,0.0054513710921781245,1,1
15,TK-1999-0415_C1061_HNE,3,False,True,0.0130805466751915,0.010448307579734775,2,1
15,TK-1999-0415_C1061_HNE,4,False,True,0.0265790616204927,0.017464907135486166,2,2
15,TK-1999-0415_C1061_HNE,5,False,True,0.1,0.031844362943943806,4,2
15,TK-1999-0415_C1062_HNE,4,False,True,0.0153362284007239,0.015870987951340648,2,2
15,TK-1999-0415_C1062_HNE,5,False,True,0.0290352765116077,0.04410888950265218,2,3
15,TK-1999-0415_D0531_HNN,0,False,True,0.0005635957087751,0.0005112537685471969,0,0
15,TK-1999-0415_D0531_HNN,1,False,True,0.001449920788132,0.0015249887494741203,0,0
15,TK-1999-0415_D0531_HNN,2,False,True,0.0030648699590547,0.002778145014420069,0,0
15,TK-1999-0415_D0531_HNN,3,False,True,0.0057217005624366,0.004574349482951791,1,0
15,TK-1999-0415_D0531_HNN,4,False,True,0.0092621041810449,0.007912935079094992,1,1
15,TK-1999-0415_D0531_HNN,5,False,True,0.0155548686720285,0.017320495775583523,2,2
15,TK-1999-0415_1401_HNE,0,False,True,0.0005732942662981,0.00056881529509687,0,0
15,TK-1999-0415_1401_HNE,1,False,True,0.002426209741309,0.0023201557487259614,0,0
15,TK-1999-0415_1401_HNE,2,False,True,0.0060207937607724,0.006803086211900048,1,0
15,TK-1999-0415_1401_HNE,3,False,True,0.0167200321299712,0.012359125124228617,2,2
15,TK-1999-0415_1401_HNE,4,False,True,0.0177532169068141,0.024070585498415748,2,2
15,TK-1999-0415_1401_HNE,5,False,True,0.0292435329473325,0.04169895529610191,2,3
15,TK-1999-0415_1406_HNN,0,False,True,0.0005862271695566,0.0005963765566094829,0,0
15,TK-1999-0415_1406_HNN,1,False,True,0.0022670982692519,0.0019128002360376023,0,0
15,TK-1999-0415_8101_HNE,0,False,True,0.0005563994054113,0.0005838216207709533,0,0
15,TK-1999-0415_8101_HNE,1,False,True,0.0029534663584759,0.0024678565839702654,0,0
15,TK-1999-0415_8101_HNE,2,False,True,0.0079319794090798,0.007277518183857864,1,0
15,TK-1999-0415_8101_HNE,3,False,True,0.0136346595810451,0.015459986259262015,2,1
15,TK-1999-0415_1406_HNN,2,False,True,0.0040018527657469,0.0053202831187482685,0,1
15,TK-1999-0415_1406_HNN,3,False,True,0.0078481324939395,0.009958490248290798,1,1
15,TK-1999-0415_1406_HNN,4,False,True,0.0152835155957551,0.01797702518469624,2,2
15,TK-1999-0415_1406_HNN,5,False,True,0.0779630372455206,0.03802753302418964,4,2
15,TK-1999-0415_8101_HNE,4,False,True,0.026866046748709,0.03288708278352119,2,3
15,TK-1999-0415_8101_HNE,5,False,True,0.1,0.06348931461535444,4,4
15,INT-20250810_0000200_AKS_HNN,0,False,True,0.0005574512508983,0.0005726657264112794,0,0
15,INT-20250810_0000200_AKS_HNN,1,False,True,0.0018397335602969,0.0018971167270507281,0,0
15,INT-20250810_0000200_AKS_HNN,2,False,True,0.0032736369040866,0.005131126333084233,0,1
15,INT-20250810_0000200_AKS_HNN,3,False,True,0.0064332176427528,0.009704476072854441,1,1
15,INT-20250810_0000200_AKS_HNN,4,False,True,0.009543185945707,0.019464471903410597,1,2
15,INT-20250810_0000200_AKS_HNN,5,False,True,0.0165959491016308,0.042386475553104604,2,3
15,INT-20250810_0000200_BALB_HNE,0,False,True,0.0006229378503385,0.0005904754543169024,0,0
15,INT-20250810_0000200_BALB_HNE,1,False,True,0.0021836634143175,0.002167040001715403,0,0
15,INT-20250810_0000200_BALB_HNE,2,False,True,0.0050635761763612,0.005926519672001954,1,1
15,INT-20250810_0000200_BALB_HNE,3,False,True,0.0095747492798729,0.010743238110978062,1,1
15,INT-20250810_0000200_BALB_HNE,4,False,True,0.0151529987453386,0.01834493040257516,2,2
15,INT-20250810_0000200_BALB_HNE,5,False,True,0.031421612162451,0.037093253665874036,3,2
15,INT-20250810_0000200_GORD_HNN,0,False,True,0.0005883339260918,0.0005462671209435593,0,0
15,INT-20250810_0000200_GORD_HNN,1,False,True,0.0017460335555774,0.0015548416060462943,0,0
15,INT-20250810_0000200_GORD_HNN,2,False,True,0.0027159177038364,0.003039480010989369,0,0
15,INT-20250810_0000200_GORD_HNN,3,False,True,0.0052666129939956,0.004726288783157432,1,0
15,INT-20250810_0000200_GORD_HNN,4,False,True,0.0098392429073869,0.00790834910680785,1,1
15,INT-20250810_0000200_GORD_HNN,5,False,True,0.0149240541877087,0.013880516578423015,2,2
15,INT-20250810_0000200_SOMA_HNN,0,False,True,0.0005807799771884,0.0005695364657050968,0,0
15,INT-20250810_0000200_SOMA_HNN,1,False,True,0.0015507076946257,0.001927106303947232,0,0
15,INT-20250810_0000200_SOMA_HNN,2,False,True,0.0036005503331999,0.0051455097309401066,0,1
15,INT-20250810_0000200_SOMA_HNN,3,False,True,0.0058973447303082,0.008944591215392546,1,1
15,INT-20250810_0000200_SOMA_HNN,4,False,True,0.0136039755997637,0.015044270872160617,2,2
15,INT-20250810_0000200_SOMA_HNN,5,False,True,0.0191884763800313,0.027449172281114112,2,3
15,TK-1999-0294_1612_HNE,0,False,True,0.0005599859889188,0.000530563835611183,0,0
15,TK-1999-0294_1612_HNE,1,False,True,0.0018735065072628,0.0017797961543860048,0,0
15,TK-1999-0294_1612_HNE,2,False,True,0.0039004809361084,0.004281379158805475,0,0
15,TK-1999-0294_1612_HNE,3,False,True,0.0084320090505043,0.006974410866133977,1,1
15,TK-1999-0294_1612_HNE,4,False,True,0.0157156812047653,0.012753687230650691,2,2
15,TK-1999-0294_1612_HNE,5,False,True,0.0327464017915145,0.024308019634756064,3,2
15,TK-2003-0179_1701_HNN,0,False,True,0.0005634700574855,0.0005273816970685991,0,0
15,TK-2003-0179_1701_HNN,1,False,True,0.0020024399649913,0.001634876692992206,0,0
15,TK-2003-0179_1701_HNN,2,False,True,0.0056932060243426,0.003028307553287688,1,0
15,TK-2003-0179_1701_HNN,3,False,True,0.009037739980013,0.005207545598675077,1,1
15,TK-2003-0179_1701_HNN,4,False,True,0.0151091680938754,0.008107187553212972,2,1
15,TK-2003-0179_1701_HNN,5,False,True,0.0213396129363101,0.015982681319050618,2,2
15,TK-1999-0294_4101_HNE,0,False,True,0.0005392165745724,0.0005991603529466559,0,0
15,TK-1999-0294_4101_HNE,1,False,True,0.0014082978556141,0.002018547292705557,0,0
15,TK-1999-0294_4101_HNE,2,False,True,0.0031040191782825,0.005485886843581454,0,1
15,TK-1999-0294_4101_HNE,3,False,True,0.0064522375413008,0.012524270872887548,1,2
15,TK-1999-0294_4101_HNE,4,False,True,0.0101996354010075,0.027467464630432998,1,3
15,TK-1999-0294_4101_HNE,5,False,True,0.0204876625378808,0.04943290110590567,2,4
15,TK-1999-0294_4107_HNE,0,False,True,0.0005515338010682,0.0005284400902454523,0,0
15,TK-1999-0294_4107_HNE,1,False,True,0.0018351562734746,0.0021019496037617443,0,0
15,TK-1999-0294_4107_HNE,2,False,True,0.0064102106025134,0.005387853130243356,1,1
15,TK-1999-0294_4107_HNE,3,False,True,0.0178066466791328,0.010228576934380564,2,2
15,TK-1999-0294_4107_HNE,4,False,True,0.0380792841246299,0.020040607263181034,3,2
15,TK-1999-0294_4107_HNE,5,False,True,0.0626133448785741,0.036838844116652336,4,4
15,TK-1999-0294_5401_HNE,0,False,True,0.0005365431541764,0.0007135615878562771,0,0
15,TK-1999-0294_5401_HNE,1,False,True,0.0014176049179475,0.0031249992703161443,0,0
15,EMSC-20200122_0000127_GOMA_HNE,0,False,True,0.0005484466513296,0.0005385901323597303,0,0
15,EMSC-20200122_0000127_GOMA_HNE,1,False,True,0.0018807462732877,0.0013604736002495962,0,0
15,EMSC-20200122_0000127_GOMA_HNE,2,False,True,0.0041049166195288,0.002935200531090785,0,0
15,EMSC-20200122_0000127_GOMA_HNE,3,False,True,0.007849760425508,0.00589759174307607,1,1
15,TK-1999-0294_5401_HNE,2,False,True,0.0024545457113645,0.007914677229166688,0,2
15,TK-1999-0294_5401_HNE,3,False,True,0.0051583604884861,0.015346919276216795,1,2
15,TK-1999-0294_5401_HNE,4,False,True,0.0077543668016113,0.026394449211906482,1,3
15,TK-1999-0294_5401_HNE,5,False,True,0.0181307018345463,0.04697894423680583,2,4
15,EMSC-20200122_0000127_GOMA_HNE,4,False,True,0.009875361530615,0.00954592168934995,1,2
15,EMSC-20200122_0000127_GOMA_HNE,5,False,True,0.0182818066844826,0.016016049126638524,2,2
15,EMSC-20200122_0000127_SOMA_HNN,0,False,True,0.0005516980991523,0.000516898333863935,0,0
15,EMSC-20200122_0000127_SOMA_HNN,1,False,True,0.0021604997334865,0.0013897989055185421,0,0
15,EMSC-20200122_0000127_SOMA_HNN,2,False,True,0.0039678069354477,0.0031091995883356627,0,0
15,EMSC-20200122_0000127_SOMA_HNN,3,False,True,0.0079484001714827,0.006748398879309497,1,1
15,EMSC-20200122_0000127_SOMA_HNN,4,False,True,0.0126305886745533,0.012259889398143563,2,1
15,EMSC-20200122_0000127_SOMA_HNN,5,False,True,0.0216374001755246,0.020145409144582353,2,2
16,TK-1999-0077_YPT_HNN,4,False,True,0.0360996155409214,0.020466333364765898,3,1
16,TK-1999-0077_YPT_HNN,5,False,True,0.1,0.05243785328735298,4,3
16,TK-1999-0077_1612_HNE,0,False,True,0.0002655142616837,0.0002580409108390492,0,0
16,TK-1999-0077_1612_HNE,1,False,True,0.0008263906846789,0.0008610602874390777,0,0
16,TK-1999-0077_YPT_HNN,0,False,True,0.0002683231592534,0.00026937333006954564,0,0
16,TK-1999-0077_YPT_HNN,1,False,True,0.0009564458335905,0.0009150495595585668,0,0
16,TK-1999-0077_YPT_HNN,2,False,True,0.0035949569180656,0.003019051752738903,0,0
16,TK-1999-0077_YPT_HNN,3,False,True,0.0140792689178173,0.005971064461818169,2,1
16,TK-1999-0077_4101_HNE,0,False,True,0.0002661785978256,0.00026976357287209477,0,0
16,TK-1999-0077_4101_HNE,1,False,True,0.0007137058484004,0.0007898890258516474,0,0
16,TK-1999-0077_4101_HNE,2,False,True,0.00162374310165,0.001729582431052632,0,0
16,TK-1999-0077_4101_HNE,3,False,True,0.0034359140053302,0.0029841857971459706,0,0
16,TK-1999-0077_1612_HNE,2,False,True,0.0049081397817049,0.0026249268926820343,0,0
16,TK-1999-0077_1612_HNE,3,False,True,0.0199019345148848,0.006482760074078357,2,1
16,TK-1999-0077_1612_HNE,4,False,True,0.0480682041520475,0.014388542399127761,3,2
16,TK-1999-0077_1612_HNE,5,False,True,0.1,0.04236164286553928,4,2
16,TK-1999-0077_4106_HNN,2,False,True,0.0033120148015448,0.005488411176025923,0,0
16,TK-1999-0077_4106_HNN,3,False,True,0.0126292198209608,0.01978842712517753,2,2
16,TK-1999-0077_4106_HNN,4,False,True,0.0295204996560071,0.0672544460189212,2,3
16,TK-1999-0077_4106_HNN,5,False,True,0.1,0.14955721514643866,4,4
16,TK-1999-0077_4101_HNE,4,False,True,0.0080518361690896,0.007350433970713303,1,2
16,TK-1999-0077_4101_HNE,5,False,True,0.029023440516936,0.025855152965597115,2,1
16,TK-1999-0077_4106_HNN,0,False,True,0.0002760303208936,0.00028285576013828477,0,0
16,TK-1999-0077_4106_HNN,1,False,True,0.0011161842823693,0.001024816489820136,0,0
16,TK-1999-0077_5401_HNE,0,False,True,0.0002734781581334,0.00028737619765129496,0,0
16,TK-1999-0077_5401_HNE,1,False,True,0.0008574415983974,0.0010533963987500255,0,0
16,TK-1999-0077_5401_HNE,2,False,True,0.002332244066434,0.004280542502603218,0,0
16,TK-1999-0077_5401_HNE,3,False,True,0.0050709484576527,0.015421049380437295,1,1
16,TK-1999-0077_5401_HNE,4,False,True,0.011407404974287,0.0472287807122755,1,2
16,TK-1999-0077_5401_HNE,5,False,True,0.0581076419305719,0.07020298159071266,3,4
16,TK-1999-0415_487_HNN,0,False,True,0.0002630096967949,0.00027088534552673543,0,0
16,TK-1999-0415_487_HNN,1,False,True,0.0008136555573575,0.0008611912364234255,0,0
16,TK-1999-0415_496_HNN,0,False,True,0.0002701030660688,0.000277279843742396,0,0
16,TK-1999-0415_496_HNN,1,False,True,0.0007997673101753,0.000977822720452109,0,0
16,TK-1999-0415_496_HNN,2,False,True,0.0016510488868322,0.0019807806107681827,0,0
16,TK-1999-0415_496_HNN,3,False,True,0.0029165586069416,0.0029305345119088866,0,0
16,TK-1999-0415_487_HNN,2,False,True,0.0025160171348196,0.0018782582797078418,0,0
16,TK-1999-0415_487_HNN,3,False,True,0.0039844105364217,0.002958535105511091,0,0
16,TK-1999-0415_487_HNN,4,False,True,0.0076270932303944,0.005226330487312551,1,0
16,TK-1999-0415_487_HNN,5,False,True,0.0133472718775277,0.009554556714424822,2,1
16,TK-1999-0415_496_HNN,4,False,True,0.0038500774594828,0.005200614684956896,0,0
16,TK-1999-0415_496_HNN,5,False,True,0.0105733575915905,0.008296692989258078,1,1
16,TK-1999-0415_498_HNN,0,False,True,0.0002826008388879,0.0002819819439112264,0,0
16,TK-1999-0415_498_HNN,1,False,True,0.0009972819598781,0.0008813230253016351,0,0
16,TK-1999-0415_498_HNN,2,False,True,0.0020621710227442,0.0021531655901918154,0,0
16,TK-1999-0415_498_HNN,3,False,True,0.0030502823337645,0.004181849588625264,0,0
16,TK-1999-0415_498_HNN,4,False,True,0.004989553212107,0.007084879996050944,0,1
16,TK-1999-0415_498_HNN,5,False,True,0.0091762352827963,0.013931940682371654,1,2
16,TK-1999-0415_C0362_HNN,0,False,True,0.0002720751168464,0.00030881162569387793,0,0
16,TK-1999-0415_C0362_HNN,1,False,True,0.0010151991051428,0.0010654657451447207,0,0
16,TK-1999-0415_C0362_HNN,2,False,True,0.0126213851566065,0.0035744369087797904,2,0
16,TK-1999-0415_C0362_HNN,3,False,True,0.0326975160836869,0.008022112881404479,3,1
16,TK-1999-0415_C0362_HNN,4,False,True,0.0302654532059996,0.01765412507122504,3,2
16,TK-1999-0415_C0362_HNN,5,False,True,0.1,0.04293860245864336,4,2
16,TK-1999-0415_C0375_HNN,0,False,True,0.0002806284849579,0.00027885399642995756,0,0
16,TK-1999-0415_C0375_HNN,1,False,True,0.0011918485340055,0.0008887279815921905,0,0
16,TK-1999-0415_C0375_HNN,2,False,True,0.0023975654505902,0.0019679226150034735,0,0
16,TK-1999-0415_C0375_HNN,3,False,True,0.003333734053593,0.00404959751599229,0,0
16,TK-1999-0415_C0375_HNN,4,False,True,0.0049734120758019,0.006509471110163647,0,1
16,TK-1999-0415_C0375_HNN,5,False,True,0.0090277755381563,0.012267874278538423,1,1
16,TK-1999-0415_C1058_HNE,0,False,True,0.0003102525149108,0.00028594617043884167,0,0
16,TK-1999-0415_C1058_HNE,1,False,True,0.0011160574600757,0.0012369900849379955,0,0
16,TK-1999-0415_C1058_HNE,2,False,True,0.0041851518458625,0.006857403521377808,0,0
16,TK-1999-0415_C1058_HNE,3,False,True,0.0152322018047463,0.01853536230887208,2,3
16,TK-1999-0415_C1058_HNE,4,False,True,0.0517619569558527,0.04307256074701888,3,3
16,TK-1999-0415_C1058_HNE,5,False,True,0.1,0.0632330788450707,4,4
16,TK-1999-0415_C1059_HNN,0,False,True,0.0002690453619547,0.0002834686997874435,0,0
16,TK-1999-0415_C1059_HNN,1,False,True,0.0010853021711401,0.0009356038186429739,0,0
16,TK-1999-0415_C1059_HNN,2,False,True,0.002003038252863,0.002451120822722019,0,0
16,TK-1999-0415_C1059_HNN,3,False,True,0.0037522948045414,0.005535679995448772,0,0
16,TK-1999-0415_C1059_HNN,4,False,True,0.0057474816852449,0.009611896080764369,1,1
16,TK-1999-0415_C1059_HNN,5,False,True,0.0124765459172289,0.016654588035451542,2,2
16,TK-1999-0415_C1060_HNE,0,False,True,0.0002711817131522,0.00026787313659498664,0,0
16,TK-1999-0415_C1060_HNE,1,False,True,0.0008200689635016,0.0009644879336255344,0,0
16,TK-1999-0415_C1060_HNE,2,False,True,0.0017505588263346,0.0030232694546899,0,0
16,TK-1999-0415_C1060_HNE,3,False,True,0.0048862735818538,0.005962898023851602,0,1
16,TK-1999-0415_C1060_HNE,4,False,True,0.009275309977304,0.009950659114184824,1,1
16,TK-1999-0415_C1060_HNE,5,False,True,0.0223611811428691,0.01722513138958224,2,2
16,TK-1999-0415_C1061_HNE,0,False,True,0.0002679117711847,0.0002813061147438344,0,0
16,TK-1999-0415_C1061_HNE,1,False,True,0.0008390993000376,0.0007120311738940767,0,0
16,TK-1999-0415_C1061_HNE,2,False,True,0.0018733394829362,0.0016116867512205645,0,0
16,TK-1999-0415_C1061_HNE,3,False,True,0.0026463538875625,0.002738597033546533,0,0
16,TK-1999-0415_C1061_HNE,4,False,True,0.0049052658757495,0.0041884044892571025,0,0
16,TK-1999-0415_C1061_HNE,5,False,True,0.006515671478747,0.008855492020874484,1,2
16,TK-1999-0415_C1062_HNE,0,False,True,0.0002638552192491,0.0002884063422085329,0,0
16,TK-1999-0415_C1062_HNE,1,False,True,0.000862386200087,0.0008388385833558579,0,0
16,TK-1999-0415_C1062_HNE,2,False,True,0.0023874017839928,0.0016935876878415466,0,0
16,TK-1999-0415_C1062_HNE,3,False,True,0.0035077973879901,0.0031050546219505834,0,0
16,TK-1999-0415_C1062_HNE,4,False,True,0.0060247209637535,0.0058441485778815555,1,1
16,TK-1999-0415_C1062_HNE,5,False,True,0.0126879976754169,0.012309292380744274,2,1
16,TK-1999-0415_D0531_HNN,0,False,True,0.0002583653814497,0.00027308173177836154,0,0
16,TK-1999-0415_D0531_HNN,1,False,True,0.0008520650957894,0.0009386906611515773,0,0
16,TK-1999-0415_1401_HNE,0,False,True,0.0002712084362174,0.00028346014090564216,0,0
16,TK-1999-0415_1401_HNE,1,False,True,0.0009026653910372,0.0011967302087955976,0,0
16,TK-1999-0415_1401_HNE,2,False,True,0.0045869968157134,0.004960164528986628,0,0
16,TK-1999-0415_1401_HNE,3,False,True,0.0163575507609726,0.010015207291927397,2,2
16,TK-1999-0415_D0531_HNN,2,False,True,0.0021584404053472,0.0019211234324580568,0,0
16,TK-1999-0415_D0531_HNN,3,False,True,0.0064547475644621,0.0033884711012345126,1,0
16,TK-1999-0415_D0531_HNN,4,False,True,0.0083487829525026,0.005620246742063985,1,0
16,TK-1999-0415_D0531_HNN,5,False,True,0.0145473281009661,0.009842024248336422,2,1
16,TK-1999-0415_1401_HNE,4,False,True,0.0374043704999005,0.02203706309640081,3,3
16,TK-1999-0415_1401_HNE,5,False,True,0.0523487713770712,0.04194513705039402,3,3
16,TK-1999-0415_1406_HNN,0,False,True,0.0002603967523044,0.00027112160058265976,0,0
16,TK-1999-0415_1406_HNN,1,False,True,0.0007568096838235,0.0008120381180284157,0,0
16,TK-1999-0415_1406_HNN,2,False,True,0.0016369215714188,0.001669125986060264,0,0
16,TK-1999-0415_1406_HNN,3,False,True,0.0022641292992557,0.0038532070287669584,0,0
16,TK-1999-0415_1406_HNN,4,False,True,0.0030902972764649,0.006738407217932497,0,1
16,TK-1999-0415_1406_HNN,5,False,True,0.0073601037728753,0.013750709119841623,1,2
16,TK-1999-0415_8101_HNE,0,False,True,0.0002680638892224,0.0002681629950924967,0,0
16,TK-1999-0415_8101_HNE,1,False,True,0.0009296085472753,0.0011442609720026299,0,0
16,TK-1999-0415_8101_HNE,2,False,True,0.0024920658436301,0.003889207857997186,0,0
16,TK-1999-0415_8101_HNE,3,False,True,0.0108618183318125,0.009787770869561275,1,1
16,TK-1999-0415_8101_HNE,4,False,True,0.0236307762916081,0.02075044097050436,2,3
16,TK-1999-0415_8101_HNE,5,False,True,0.0537301987151827,0.053503827645288986,3,4
16,INT-20250810_0000200_AKS_HNN,0,False,True,0.0002748968303144,0.000257050918074194,0,0
16,INT-20250810_0000200_AKS_HNN,1,False,True,0.0007214820505677,0.0009030139033512981,0,0
16,INT-20250810_0000200_AKS_HNN,2,False,True,0.0021259936611262,0.0026120297603921985,0,0
16,INT-20250810_0000200_AKS_HNN,3,False,True,0.0040548154106898,0.005713063848145165,0,1
16,INT-20250810_0000200_AKS_HNN,4,False,True,0.0068156994867089,0.010928054864009346,1,1
16,INT-20250810_0000200_AKS_HNN,5,False,True,0.0131662649883789,0.023018580990005085,2,2
16,INT-20250810_0000200_BALB_HNE,0,False,True,0.0002703541557664,0.0002852827653216494,0,0
16,INT-20250810_0000200_BALB_HNE,1,False,True,0.0008129371184633,0.0010932972374605265,0,0
16,INT-20250810_0000200_BALB_HNE,2,False,True,0.0033293997646758,0.00432347335241343,0,1
16,INT-20250810_0000200_BALB_HNE,3,False,True,0.0074589404119573,0.009781180073412577,1,1
16,INT-20250810_0000200_BALB_HNE,4,False,True,0.0143682911469513,0.017002750247184364,2,2
16,INT-20250810_0000200_BALB_HNE,5,False,True,0.0274279280556852,0.0320931177875066,2,2
16,INT-20250810_0000200_GORD_HNN,0,False,True,0.0002708758770081,0.00027450121645852024,0,0
16,INT-20250810_0000200_GORD_HNN,1,False,True,0.0009948397944453,0.0009292432101247516,0,0
16,INT-20250810_0000200_SOMA_HNN,0,False,True,0.0002602181835553,0.0002777399319365964,0,0
16,INT-20250810_0000200_SOMA_HNN,1,False,True,0.0007542687986804,0.0008467674930252013,0,0
16,INT-20250810_0000200_SOMA_HNN,2,False,True,0.0018673329345183,0.002069803773697741,0,0
16,INT-20250810_0000200_SOMA_HNN,3,False,True,0.0037525490882196,0.005113405021969717,0,0
16,INT-20250810_0000200_GORD_HNN,2,False,True,0.0057109015960468,0.0028245355570369847,1,0
16,INT-20250810_0000200_GORD_HNN,3,False,True,0.0119231576796817,0.005989054891369791,1,1
16,INT-20250810_0000200_GORD_HNN,4,False,True,0.0186825001176394,0.010624699183980202,2,1
16,INT-20250810_0000200_GORD_HNN,5,False,True,0.0290925128277334,0.018962733179162597,2,2
16,INT-20250810_0000200_SOMA_HNN,4,False,True,0.0075878912971307,0.008918858557419593,1,2
16,INT-20250810_0000200_SOMA_HNN,5,False,True,0.0116830013559914,0.015552880901223708,1,2
16,TK-1999-0294_1612_HNE,0,False,True,0.0002693977884998,0.0002705110029641522,0,0
16,TK-1999-0294_1612_HNE,1,False,True,0.0008922035653166,0.0009191306260313444,0,0
16,TK-1999-0294_1612_HNE,2,False,True,0.0030485213950617,0.00330774638651811,0,0
16,TK-1999-0294_1612_HNE,3,False,True,0.0112773664303518,0.008022703035364115,1,1
16,TK-1999-0294_1612_HNE,4,False,True,0.0154553063904657,0.017571334240959333,2,2
16,TK-1999-0294_1612_HNE,5,False,True,0.0313531817627507,0.036162249148355245,3,3
16,TK-2003-0179_1701_HNN,0,False,True,0.0002731835914955,0.00027992135252678064,0,0
16,TK-2003-0179_1701_HNN,1,False,True,0.0009455009577105,0.0009860417238584875,0,0
16,TK-2003-0179_1701_HNN,2,False,True,0.0054758511964047,0.0028150339248792003,1,0
16,TK-2003-0179_1701_HNN,3,False,True,0.0153703058886505,0.005869829652317788,2,1
16,TK-2003-0179_1701_HNN,4,False,True,0.0304509396865119,0.010110420207741028,3,1
16,TK-2003-0179_1701_HNN,5,False,True,0.0547427662960371,0.021638409912765826,3,2
16,TK-1999-0294_4101_HNE,0,False,True,0.0002736985913497,0.000280413223912481,0,0
16,TK-1999-0294_4101_HNE,1,False,True,0.0008639878638765,0.000996186942913828,0,0
16,TK-1999-0294_4101_HNE,2,False,True,0.0035960761639071,0.0033465819128023146,0,0
16,TK-1999-0294_4101_HNE,3,False,True,0.0051479160224351,0.008675483646120839,1,2
16,TK-1999-0294_4101_HNE,4,False,True,0.009149936138022,0.02119143814730095,1,3
16,TK-1999-0294_4101_HNE,5,False,True,0.0210916537562993,0.06388370853160912,2,4
16,TK-1999-0294_4107_HNE,0,False,True,0.0002761464711262,0.00026850947045633193,0,0
16,TK-1999-0294_4107_HNE,1,False,True,0.0009473405913523,0.001043127151447936,0,0
16,TK-1999-0294_4107_HNE,2,False,True,0.0048247802404996,0.0052067852044798,0,0
16,TK-1999-0294_4107_HNE,3,False,True,0.0197305156944495,0.01143207692966922,2,2
16,TK-1999-0294_4107_HNE,4,False,True,0.0494797962593736,0.02797988267575369,3,3
16,TK-1999-0294_4107_HNE,5,False,True,0.1,0.04369346663479736,4,4
16,TK-1999-0294_5401_HNE,0,False,True,0.0003326910718347,0.0003655941589950195,0,0
16,TK-1999-0294_5401_HNE,1,False,True,0.0009781190092763,0.0018697512349202246,0,0
16,EMSC-20200122_0000127_GOMA_HNE,0,False,True,0.0002631191963408,0.0002726871379906974,0,0
16,EMSC-20200122_0000127_GOMA_HNE,1,False,True,0.0008374261352293,0.0007494349193766861,0,0
16,EMSC-20200122_0000127_GOMA_HNE,2,False,True,0.001800182364847,0.002030012412750432,0,0
16,EMSC-20200122_0000127_GOMA_HNE,3,False,True,0.0039520053075905,0.005365980213529642,0,0
16,TK-1999-0294_5401_HNE,2,False,True,0.0033214942325323,0.0077093366652625115,0,0
16,TK-1999-0294_5401_HNE,3,False,True,0.0056397117156132,0.01578685835943196,1,2
16,TK-1999-0294_5401_HNE,4,False,True,0.0101655039743042,0.03929533898944875,1,3
16,TK-1999-0294_5401_HNE,5,False,True,0.0183154339159961,0.0621112590559604,2,4
16,EMSC-20200122_0000127_GOMA_HNE,4,False,True,0.0086405786326888,0.00830530586006929,1,0
16,EMSC-20200122_0000127_GOMA_HNE,5,False,True,0.0204702096863752,0.015051367017420327,2,2
16,EMSC-20200122_0000127_SOMA_HNN,0,False,True,0.0002694163074166,0.00026388045408840195,0,0
16,EMSC-20200122_0000127_SOMA_HNN,1,False,True,0.0010183617729567,0.0009093611991466061,0,0
16,EMSC-20200122_0000127_SOMA_HNN,2,False,True,0.0025448846848053,0.0023957671138182327,0,0
16,EMSC-20200122_0000127_SOMA_HNN,3,False,True,0.0045230405762161,0.00461699929215381,0,0
16,EMSC-20200122_0000127_SOMA_HNN,4,False,True,0.0089975698707855,0.00847411565664141,1,1
16,EMSC-20200122_0000127_SOMA_HNN,5,False,True,0.0207642396162071,0.017618055372708427,2,2
17,TK-1999-0077_YPT_HNN,4,False,True,0.1,0.08474522726226967,4,4
17,TK-1999-0077_YPT_HNN,5,False,True,0.1,0.0925726887173912,4,4
17,TK-1999-0077_1612_HNE,0,False,True,0.0015230934900192,0.0008333380074560176,0,0
17,TK-1999-0077_1612_HNE,1,False,True,0.0051424321025674,0.001984639222365488,1,0
17,TK-1999-0077_YPT_HNN,0,False,True,0.0015726701624422,0.001110306949261567,0,0
17,TK-1999-0077_YPT_HNN,1,False,True,0.0058225160182183,0.003514633783585481,1,0
17,TK-1999-0077_YPT_HNN,2,False,True,0.0190747088603611,0.009323351701364604,2,2
17,TK-1999-0077_YPT_HNN,3,False,True,0.0363034507344274,0.04950619985333347,3,3
17,TK-1999-0077_1612_HNE,2,False,True,0.0089670525854056,0.004131290817777095,1,0
17,TK-1999-0077_1612_HNE,3,False,True,0.0212558910845851,0.009075343927148738,2,1
17,TK-1999-0077_1612_HNE,4,False,True,0.1,0.020763636588227552,4,2
17,TK-1999-0077_1612_HNE,5,False,True,0.1,0.04374861107333421,4,4
17,TK-1999-0077_4101_HNE,0,False,True,0.0008793080561443,0.0014556424248821755,0,0
17,TK-1999-0077_4101_HNE,1,False,True,0.0041120366865662,0.004918871125467646,0,1
17,TK-1999-0077_4101_HNE,2,False,True,0.0191937243672536,0.010636791492050934,2,2
17,TK-1999-0077_4101_HNE,3,False,True,0.1,0.041622338060954646,4,3
17,TK-1999-0077_4101_HNE,4,False,True,0.1,0.10703457474064709,4,4
17,TK-1999-0077_4101_HNE,5,False,True,0.1,0.1220491777065775,4,4
17,TK-1999-0077_4106_HNN,0,False,True,0.0009059653118709,0.0016315870316381314,0,0
17,TK-1999-0077_4106_HNN,1,False,True,0.0034906392624412,0.008581552327718973,0,1
17,TK-1999-0077_4106_HNN,2,False,True,0.017047436698958,0.021826849099650523,2,2
17,TK-1999-0077_4106_HNN,3,False,True,0.1,0.0695419350202646,4,3
17,TK-1999-0077_4106_HNN,4,False,True,0.1,0.12409433810674844,4,4
17,TK-1999-0077_4106_HNN,5,False,True,0.1,0.14843147897898643,4,4
17,TK-1999-0077_5401_HNE,0,False,True,0.0010788439942005,0.0012770077780229897,0,0
17,TK-1999-0077_5401_HNE,1,False,True,0.005490097055334,0.0052927915203753485,1,0
17,TK-1999-0077_5401_HNE,2,False,True,0.0109798194389089,0.01681615123344313,1,2
17,TK-1999-0077_5401_HNE,3,False,True,0.0457842548954621,0.06471735091483256,3,4
17,TK-1999-0077_5401_HNE,4,False,True,0.1,0.0700969611973868,4,4
17,TK-1999-0077_5401_HNE,5,False,True,0.1,0.08587231072375143,4,4
17,TK-1999-0415_487_HNN,0,False,True,0.0014868446046745,0.0011903594117871538,0,0
17,TK-1999-0415_487_HNN,1,False,True,0.0037937926869368,0.0035608699312238167,0,0
17,TK-1999-0415_487_HNN,2,False,True,0.0091803896296194,0.007844062134726734,1,1
17,TK-1999-0415_487_HNN,3,False,True,0.0206935595344758,0.016594239417225976,2,2
17,TK-1999-0415_487_HNN,4,False,True,0.1,0.04665148173502629,4,4
17,TK-1999-0415_487_HNN,5,False,True,0.1,0.07555701609579162,4,4
17,TK-1999-0415_496_HNN,0,False,True,0.0014196606547935,0.0019192133449806377,0,0
17,TK-1999-0415_496_HNN,1,False,True,0.0069851796586943,0.007578069138333479,1,1
17,TK-1999-0415_496_HNN,2,False,True,0.0148903293409686,0.020546904652600322,2,2
17,TK-1999-0415_496_HNN,3,False,True,0.0262982399252098,0.04083702188483595,2,4
17,TK-1999-0415_496_HNN,4,False,True,0.1,0.08899666286475069,4,4
17,TK-1999-0415_496_HNN,5,False,True,0.1,0.0973039721558452,4,4
17,TK-1999-0415_498_HNN,0,False,True,0.0016222141409182,0.001303793658080731,0,0
17,TK-1999-0415_498_HNN,1,False,True,0.0041984033299073,0.004386199825060634,0,0
17,TK-1999-0415_498_HNN,2,False,True,0.009087750075409,0.013063664709789688,1,1
17,TK-1999-0415_498_HNN,3,False,True,0.0220167359519877,0.03359379476720284,2,2
17,TK-1999-0415_498_HNN,4,False,True,0.1,0.06895184929154909,4,4
17,TK-1999-0415_498_HNN,5,False,True,0.1,0.0988262535072184,4,4
17,TK-1999-0415_C0362_HNN,0,False,True,0.0009473860305973,0.0009774615179524455,0,0
17,TK-1999-0415_C0362_HNN,1,False,True,0.0031347808146677,0.001936548207983413,0,0
17,TK-1999-0415_C0362_HNN,2,False,True,0.005971102745308,0.0031282725547812982,1,0
17,TK-1999-0415_C0362_HNN,3,False,True,0.013646341233159,0.006470912659644652,2,1
17,TK-1999-0415_C0362_HNN,4,False,True,0.0274841156028944,0.010623923458221069,2,1
17,TK-1999-0415_C0362_HNN,5,False,True,0.1,0.017830366249663887,4,2
17,TK-1999-0415_C0375_HNN,0,False,True,0.0029065130579417,0.002247445144310207,0,0
17,TK-1999-0415_C0375_HNN,1,False,True,0.0061917268607785,0.009000107837261361,1,1
17,TK-1999-0415_C0375_HNN,2,False,True,0.017613646574095,0.020819491616645952,2,2
17,TK-1999-0415_C0375_HNN,3,False,True,0.093917406605753,0.064027520233015,4,4
17,TK-1999-0415_C0375_HNN,4,False,True,0.1,0.1039642366903973,4,4
17,TK-1999-0415_C0375_HNN,5,False,True,0.1,0.11640758217476464,4,4
17,TK-1999-0415_C1058_HNE,4,False,True,0.1,0.07285646969939226,4,4
17,TK-1999-0415_C1058_HNE,5,False,True,0.1,0.09310229881400073,4,4
17,TK-1999-0415_C1059_HNN,0,False,True,0.0011708727836807,0.0016527570876019282,0,0
17,TK-1999-0415_C1059_HNN,1,False,True,0.0032973111845596,0.004855020656209735,0,1
17,TK-1999-0415_C1058_HNE,0,False,True,0.0015772759893909,0.001068552728411595,0,0
17,TK-1999-0415_C1058_HNE,1,False,True,0.0055676655110349,0.0032701549311846515,1,0
17,TK-1999-0415_C1058_HNE,2,False,True,0.0131463344620419,0.009671352722547438,2,2
17,TK-1999-0415_C1058_HNE,3,False,True,0.0338378536330684,0.028167861748940357,3,2
17,TK-1999-0415_C1059_HNN,2,False,True,0.0086678853961299,0.010654651602264916,1,1
17,TK-1999-0415_C1059_HNN,3,False,True,0.0199130993303975,0.025097029498301553,2,2
17,TK-1999-0415_C1059_HNN,4,False,True,0.1,0.08146175460989591,4,4
17,TK-1999-0415_C1059_HNN,5,False,True,0.1,0.09469812207928294,4,4
17,TK-1999-0415_C1060_HNE,0,False,True,0.0013114140658165,0.0012513291976666463,0,0
17,TK-1999-0415_C1060_HNE,1,False,True,0.0054459349019963,0.0036035199645965145,1,0
17,TK-1999-0415_C1060_HNE,2,False,True,0.0119849865624057,0.008528336622920091,1,1
17,TK-1999-0415_C1060_HNE,3,False,True,0.1,0.01949154662400925,4,2
17,TK-1999-0415_C1060_HNE,4,False,True,0.1,0.059775305164184105,4,4
17,TK-1999-0415_C1060_HNE,5,False,True,0.1,0.09373126731840717,4,4
17,TK-1999-0415_C1061_HNE,0,False,True,0.002200536859718,0.0012874475005049746,0,0
17,TK-1999-0415_C1061_HNE,1,False,True,0.005117003052077,0.0043879676032031086,1,0
17,TK-1999-0415_C1061_HNE,2,False,True,0.0098032452874281,0.009588569625530109,1,1
17,TK-1999-0415_C1061_HNE,3,False,True,0.0267892013157528,0.01946512907814228,2,2
17,TK-1999-0415_C1061_HNE,4,False,True,0.1,0.04671830942032224,4,3
17,TK-1999-0415_C1061_HNE,5,False,True,0.1,0.07760917773295231,4,4
17,TK-1999-0415_C1062_HNE,0,False,True,0.0015026489391063,0.0012274230214078612,0,0
17,TK-1999-0415_C1062_HNE,1,False,True,0.0039228622871482,0.0043203865361114875,0,1
17,TK-1999-0415_C1062_HNE,2,False,True,0.0075220700001468,0.011270735108362816,1,1
17,TK-1999-0415_C1062_HNE,3,False,True,0.0191620648400647,0.02946587509565178,2,2
17,TK-1999-0415_C1062_HNE,4,False,True,0.0344855871314751,0.074841137871146,3,4
17,TK-1999-0415_C1062_HNE,5,False,True,0.1,0.0930489284549367,4,4
17,TK-1999-0415_D0531_HNN,0,False,True,0.0011923567994898,0.0014980757415620058,0,0
17,TK-1999-0415_D0531_HNN,1,False,True,0.0044682685765345,0.004256338781262142,0,0
17,TK-1999-0415_D0531_HNN,2,False,True,0.0113381883077968,0.01068693524825655,1,1
17,TK-1999-0415_D0531_HNN,3,False,True,0.0233678332423314,0.028240200259680773,2,2
17,TK-1999-0415_D0531_HNN,4,False,True,0.1,0.06777982822510357,4,4
17,TK-1999-0415_D0531_HNN,5,False,True,0.1,0.09154841894866414,4,4
17,TK-1999-0415_1401_HNE,0,False,True,0.0010523441828739,0.0014006761945256246,0,0
17,TK-1999-0415_1401_HNE,1,False,True,0.0031017981654115,0.004593908397168571,0,0
17,TK-1999-0415_1401_HNE,2,False,True,0.0051383569944159,0.008564773706823217,1,1
17,TK-1999-0415_1401_HNE,3,False,True,0.0075950185555808,0.016579073829525382,1,2
17,TK-1999-0415_1401_HNE,4,False,True,0.0176417824047491,0.029120220249354997,2,2
17,TK-1999-0415_1401_HNE,5,False,True,0.0244270587325406,0.0556888881419992,2,4
17,TK-1999-0415_1406_HNN,0,False,True,0.001270575341546,0.001441659935036606,0,0
17,TK-1999-0415_1406_HNN,1,False,True,0.004992593571189,0.004862467892864932,0,1
17,TK-1999-0415_1406_HNN,2,False,True,0.0164404685592634,0.011462628312855595,2,1
17,TK-1999-0415_1406_HNN,3,False,True,0.0741643424209406,0.024852652556895873,4,2
17,TK-1999-0415_1406_HNN,4,False,True,0.1,0.0745018182494806,4,4
17,TK-1999-0415_1406_HNN,5,False,True,0.1,0.10939501468992743,4,4
17,TK-1999-0415_8101_HNE,4,False,True,0.1,0.04789635904252472,4,4
17,TK-1999-0415_8101_HNE,5,False,True,0.1,0.07306087895340793,4,4
17,INT-20250810_0000200_AKS_HNN,0,False,True,0.0011439163014324,0.001691282562679148,0,0
17,INT-20250810_0000200_AKS_HNN,1,False,True,0.0043681253986439,0.0059591772086823175,0,1
17,TK-1999-0415_8101_HNE,0,False,True,0.001135906249795,0.0014782376289109007,0,0
17,TK-1999-0415_8101_HNE,1,False,True,0.0039242704473814,0.0057190009097774965,0,0
17,TK-1999-0415_8101_HNE,2,False,True,0.010104668825299,0.013526707161574097,1,1
17,TK-1999-0415_8101_HNE,3,False,True,0.0212923286236747,0.026552083849848633,2,2
17,INT-20250810_0000200_BALB_HNE,0,False,True,0.0012341332026944,0.001190317589648374,0,0
17,INT-20250810_0000200_BALB_HNE,1,False,True,0.0031114130239645,0.0036223784072130427,0,0
17,INT-20250810_0000200_BALB_HNE,2,False,True,0.0064212281552706,0.007829950422706485,1,1
17,INT-20250810_0000200_BALB_HNE,3,False,True,0.0139011742282837,0.016856102704445416,2,2
17,INT-20250810_0000200_AKS_HNN,2,False,True,0.011404541925552,0.017682947594348648,1,2
17,INT-20250810_0000200_AKS_HNN,3,False,True,0.0232001232485207,0.04770907831162942,2,4
17,INT-20250810_0000200_AKS_HNN,4,False,True,0.042865267932967,0.056627926248107044,3,4
17,INT-20250810_0000200_AKS_HNN,5,False,True,0.1,0.10344265002214562,4,4
17,INT-20250810_0000200_BALB_HNE,4,False,True,0.0240235881444792,0.03258959234311735,2,2
17,INT-20250810_0000200_BALB_HNE,5,False,True,0.1,0.07440147653284067,4,4
17,INT-20250810_0000200_GORD_HNN,0,False,True,0.0011102893057214,0.0010997104761230646,0,0
17,INT-20250810_0000200_GORD_HNN,1,False,True,0.0032278019629379,0.002843781889492908,0,0
17,INT-20250810_0000200_GORD_HNN,2,False,True,0.0071531034348077,0.00531428149773969,1,1
17,INT-20250810_0000200_GORD_HNN,3,False,True,0.0123740035340315,0.011148530016684172,2,1
17,INT-20250810_0000200_GORD_HNN,4,False,True,0.0264322583755214,0.01863134129900491,2,2
17,INT-20250810_0000200_GORD_HNN,5,False,True,0.1,0.03772863765314509,4,3
17,INT-20250810_0000200_SOMA_HNN,0,False,True,0.0014693397820371,0.0014311398900500154,0,0
17,INT-20250810_0000200_SOMA_HNN,1,False,True,0.0049558334893915,0.004551272002866875,0,1
17,INT-20250810_0000200_SOMA_HNN,2,False,True,0.0097686285805089,0.01053493267209363,1,1
17,INT-20250810_0000200_SOMA_HNN,3,False,True,0.0161647161951875,0.021797547648658197,2,2
17,INT-20250810_0000200_SOMA_HNN,4,False,True,0.0284760234817545,0.06124634391682094,2,3
17,INT-20250810_0000200_SOMA_HNN,5,False,True,0.1,0.0759557048265186,4,4
17,TK-1999-0294_1612_HNE,0,False,True,0.0014590976513871,0.0009886195878789643,0,0
17,TK-1999-0294_1612_HNE,1,False,True,0.0040855230569158,0.0022555076511694755,0,0
17,TK-1999-0294_1612_HNE,2,False,True,0.008395188878481,0.005165488519007595,1,1
17,TK-1999-0294_1612_HNE,3,False,True,0.0141383314739274,0.010415801270416445,2,2
17,TK-1999-0294_1612_HNE,4,False,True,0.0202412805806645,0.018728639795715932,2,2
17,TK-1999-0294_1612_HNE,5,False,True,0.1,0.03440416017677565,4,2
17,TK-2003-0179_1701_HNN,0,False,True,0.0008244457770098,0.0010805412188623301,0,0
17,TK-2003-0179_1701_HNN,1,False,True,0.0019385784543304,0.002850865951238464,0,0
17,TK-2003-0179_1701_HNN,2,False,True,0.0046256914587874,0.003787604384988255,0,0
17,TK-2003-0179_1701_HNN,3,False,True,0.0082557426017555,0.00756104809781545,1,1
17,TK-1999-0294_4101_HNE,2,False,True,0.0135001044376248,0.022139868030684157,2,2
17,TK-1999-0294_4101_HNE,3,False,True,0.0250499737718764,0.03422773579264076,2,2
17,TK-1999-0294_4101_HNE,4,False,True,0.0542773108799354,0.08846014779585214,3,4
17,TK-1999-0294_4101_HNE,5,False,True,0.1,0.11413344399837361,4,4
17,TK-2003-0179_1701_HNN,4,False,True,0.0146273190357383,0.010915358783475233,2,2
17,TK-2003-0179_1701_HNN,5,False,True,0.0330301525439993,0.027026474552917935,3,2
17,TK-1999-0294_4101_HNE,0,False,True,0.0016301115901934,0.0017445406717965476,0,0
17,TK-1999-0294_4101_HNE,1,False,True,0.0072337344784373,0.007495665866478527,1,0
17,TK-1999-0294_4107_HNE,0,False,True,0.0012770804226596,0.001089666085275625,0,0
17,TK-1999-0294_4107_HNE,1,False,True,0.0039254047749002,0.0031281265829146963,0,0
17,TK-1999-0294_4107_HNE,2,False,True,0.0100104681601729,0.007935939715018138,1,1
17,TK-1999-0294_4107_HNE,3,False,True,0.018785785882278,0.017463167024063402,2,2
17,TK-1999-0294_4107_HNE,4,False,True,0.0257873880372357,0.03746450179827038,2,2
17,TK-1999-0294_4107_HNE,5,False,True,0.1,0.05225768164944084,4,4
17,TK-1999-0294_5401_HNE,0,False,True,0.0011137692898041,0.0023792903281842125,0,0
17,TK-1999-0294_5401_HNE,1,False,True,0.004081843208082,0.009713761111324833,0,1
17,TK-1999-0294_5401_HNE,2,False,True,0.0094817148516555,0.020054826726409323,1,2
17,TK-1999-0294_5401_HNE,3,False,True,0.0188597626442074,0.03253474001094199,2,2
17,TK-1999-0294_5401_HNE,4,False,True,0.1,0.06701427832519918,4,3
17,TK-1999-0294_5401_HNE,5,False,True,0.1,0.0966947604229076,4,4
17,EMSC-20200122_0000127_GOMA_HNE,0,False,True,0.0010103723318093,0.0010421020304407303,0,0
17,EMSC-20200122_0000127_GOMA_HNE,1,False,True,0.0023765800917407,0.0028607099555307543,0,0
17,EMSC-20200122_0000127_GOMA_HNE,2,False,True,0.0059200415291019,0.006340671141426467,1,1
17,EMSC-20200122_0000127_GOMA_HNE,3,False,True,0.0133750592103444,0.013043706846042587,2,2
17,EMSC-20200122_0000127_GOMA_HNE,4,False,True,0.0209374460229557,0.02444821365798721,2,2
17,EMSC-20200122_0000127_GOMA_HNE,5,False,True,0.0300435043479037,0.07567679923342847,3,4
17,EMSC-20200122_0000127_SOMA_HNN,0,False,True,0.0015163937938704,0.0012975422544677538,0,0
17,EMSC-20200122_0000127_SOMA_HNN,1,False,True,0.0054852998933092,0.004898528310284085,1,1
17,EMSC-20200122_0000127_SOMA_HNN,2,False,True,0.0139945191006148,0.011637534640213713,2,2
17,EMSC-20200122_0000127_SOMA_HNN,3,False,True,0.0218362831375706,0.02689156600165774,2,2
17,EMSC-20200122_0000127_SOMA_HNN,4,False,True,0.0697139553467427,0.0656549413797701,4,4
17,EMSC-20200122_0000127_SOMA_HNN,5,False,True,0.1,0.10706725014312056,4,4
18,TK-1999-0077_YPT_HNN,4,False,True,0.1,0.04763475301685769,4,3
18,TK-1999-0077_YPT_HNN,5,False,True,0.1,0.07052622593751458,4,4
18,TK-1999-0077_1612_HNE,0,False,True,0.0009807221779609,0.0007978675623840829,0,0
18,TK-1999-0077_1612_HNE,1,False,True,0.0037939454468889,0.001977669809575372,0,0
18,TK-1999-0077_YPT_HNN,0,False,True,0.0007354374501771,0.0009184391023606223,0,0
18,TK-1999-0077_YPT_HNN,1,False,True,0.0028240462342933,0.002773937283039624,0,0
18,TK-1999-0077_YPT_HNN,2,False,True,0.007999421954869,0.006736642909318845,1,0
18,TK-1999-0077_YPT_HNN,3,False,True,0.0243624123790717,0.01566787384522624,2,2
18,TK-1999-0077_1612_HNE,2,False,True,0.0097154528279749,0.003704813542624379,1,0
18,TK-1999-0077_1612_HNE,3,False,True,0.0157122513593783,0.008096095161968244,2,1
18,TK-1999-0077_1612_HNE,4,False,True,0.0375452774379008,0.014075365233574303,3,2
18,TK-1999-0077_1612_HNE,5,False,True,0.1,0.030293733888551964,4,4
18,TK-1999-0077_4101_HNE,0,False,True,0.0011089944362204,0.0011160697707036035,0,0
18,TK-1999-0077_4101_HNE,1,False,True,0.0032880133754322,0.004374906740007547,0,0
18,TK-1999-0077_4101_HNE,2,False,True,0.0143753822016507,0.009783000558598726,2,2
18,TK-1999-0077_4101_HNE,3,False,True,0.0758362920503485,0.03761941475829405,4,3
18,TK-1999-0077_4101_HNE,4,False,True,0.1,0.10829201710154045,4,4
18,TK-1999-0077_4101_HNE,5,False,True,0.1,0.1155603401903729,4,4
18,TK-1999-0077_4106_HNN,0,False,True,0.0010193180837591,0.001198482341447137,0,0
18,TK-1999-0077_4106_HNN,1,False,True,0.002982743093723,0.005669407251701885,0,1
18,TK-1999-0077_4106_HNN,2,False,True,0.0057621889052927,0.01913263905763468,1,2
18,TK-1999-0077_4106_HNN,3,False,True,0.0291946180035003,0.06376622423808996,2,4
18,TK-1999-0077_4106_HNN,4,False,True,0.1,0.08570683658976888,4,4
18,TK-1999-0077_4106_HNN,5,False,True,0.1,0.13591511604917064,4,4
18,TK-1999-0077_5401_HNE,0,False,True,0.0011159519381533,0.0009863216240864206,0,0
18,TK-1999-0077_5401_HNE,1,False,True,0.0037685609965942,0.004692487988646455,0,0
18,TK-1999-0077_5401_HNE,2,False,True,0.0139618925831003,0.0145532880516341,2,1
18,TK-1999-0077_5401_HNE,3,False,True,0.0337807205022268,0.051393144900948866,3,4
18,TK-1999-0077_5401_HNE,4,False,True,0.1,0.06457881401992775,4,4
18,TK-1999-0077_5401_HNE,5,False,True,0.1,0.08860573724707028,4,4
18,TK-1999-0415_487_HNN,0,False,True,0.0012094556816965,0.001003632037674034,0,0
18,TK-1999-0415_487_HNN,1,False,True,0.0045111548685197,0.0035171835251635677,0,0
18,TK-1999-0415_487_HNN,2,False,True,0.0108466158113958,0.007682217570309923,1,1
18,TK-1999-0415_487_HNN,3,False,True,0.0223968088872098,0.01536455900603228,2,2
18,TK-1999-0415_487_HNN,4,False,True,0.1,0.05363267807544048,4,3
18,TK-1999-0415_487_HNN,5,False,True,0.1,0.09881445406577821,4,4
18,TK-1999-0415_496_HNN,0,False,True,0.0016408641056099,0.0013382105469397737,0,0
18,TK-1999-0415_496_HNN,1,False,True,0.0042075149503366,0.005294462522352191,0,1
18,TK-1999-0415_496_HNN,2,False,True,0.0127287692092086,0.013705513096305667,2,2
18,TK-1999-0415_496_HNN,3,False,True,0.0181085479710042,0.02542321106108514,2,2
18,TK-1999-0415_496_HNN,4,False,True,0.059761910583448,0.06896030998331795,3,3
18,TK-1999-0415_496_HNN,5,False,True,0.1,0.0919199504256057,4,4
18,TK-1999-0415_498_HNN,0,False,True,0.0007775513142177,0.00105561185087449,0,0
18,TK-1999-0415_498_HNN,1,False,True,0.0043949963518894,0.0037115925077630158,0,0
18,TK-1999-0415_C0362_HNN,0,False,True,0.0009092216312906,0.0008591489059405428,0,0
18,TK-1999-0415_C0362_HNN,1,False,True,0.0030820515969127,0.0019053287936896379,0,0
18,TK-1999-0415_C0362_HNN,2,False,True,0.0063683234185523,0.0032815332055803133,1,0
18,TK-1999-0415_C0362_HNN,3,False,True,0.0134770804331002,0.0063392197740433955,2,1
18,TK-1999-0415_498_HNN,2,False,True,0.0071595707613293,0.008444802342002736,1,1
18,TK-1999-0415_498_HNN,3,False,True,0.0119751075946866,0.019790800927490946,1,2
18,TK-1999-0415_498_HNN,4,False,True,0.0377491826430263,0.0500659845317515,3,4
18,TK-1999-0415_498_HNN,5,False,True,0.1,0.07561573199474456,4,4
18,TK-1999-0415_C0362_HNN,4,False,True,0.0274295985679149,0.010592714031716759,2,1
18,TK-1999-0415_C0362_HNN,5,False,True,0.1,0.016717693556214656,4,2
18,TK-1999-0415_C0375_HNN,0,False,True,0.0015187912068097,0.0014072645563894897,0,0
18,TK-1999-0415_C0375_HNN,1,False,True,0.0059221056304727,0.0046136446534474984,1,0
18,TK-1999-0415_C0375_HNN,2,False,True,0.0100211448352555,0.010841738058992169,1,1
18,TK-1999-0415_C0375_HNN,3,False,True,0.0143335779432988,0.02325041131355235,2,2
18,TK-1999-0415_C0375_HNN,4,False,True,0.0462468308245358,0.06139677255043098,3,3
18,TK-1999-0415_C0375_HNN,5,False,True,0.1,0.11143663902767512,4,4
18,TK-1999-0415_C1058_HNE,0,False,True,0.0009601845543982,0.0009357553508515094,0,0
18,TK-1999-0415_C1058_HNE,1,False,True,0.0054249248181011,0.0032205959261677394,1,0
18,TK-1999-0415_C1058_HNE,2,False,True,0.0128163519242698,0.009804366869770998,2,2
18,TK-1999-0415_C1058_HNE,3,False,True,0.0514923601909968,0.02770327472798085,3,2
18,TK-1999-0415_C1058_HNE,4,False,True,0.1,0.0656857475093157,4,4
18,TK-1999-0415_C1058_HNE,5,False,True,0.1,0.09231206775755808,4,4
18,TK-1999-0415_C1059_HNN,0,False,True,0.0010712070552701,0.0012059037797510705,0,0
18,TK-1999-0415_C1059_HNN,1,False,True,0.0044610198983824,0.004506484889960469,0,0
18,TK-1999-0415_C1059_HNN,2,False,True,0.0085958327417325,0.010591117885553676,1,1
18,TK-1999-0415_C1059_HNN,3,False,True,0.0191490564858024,0.02462405472323366,2,2
18,TK-1999-0415_C1059_HNN,4,False,True,0.1,0.07186799913955161,4,4
18,TK-1999-0415_C1059_HNN,5,False,True,0.1,0.10391405205689615,4,4
18,TK-1999-0415_C1060_HNE,0,False,True,0.000773281204432,0.0009559987092460199,0,0
18,TK-1999-0415_C1060_HNE,1,False,True,0.0022655307629588,0.002974416522585719,0,0
18,TK-1999-0415_C1060_HNE,2,False,True,0.0085771294488466,0.00595339606717281,1,1
18,TK-1999-0415_C1060_HNE,3,False,True,0.0145546972505902,0.012338597510436306,2,1
18,TK-1999-0415_C1060_HNE,4,False,True,0.0579997926390013,0.023911268927217472,3,2
18,TK-1999-0415_C1060_HNE,5,False,True,0.1,0.07013318189239638,4,4
18,TK-1999-0415_C1061_HNE,0,False,True,0.0011430298468903,0.0011465202333701893,0,0
18,TK-1999-0415_C1061_HNE,1,False,True,0.0049028421711148,0.004412275468699978,0,1
18,TK-1999-0415_C1061_HNE,2,False,True,0.0104534814142318,0.008573603686917928,1,1
18,TK-1999-0415_C1061_HNE,3,False,True,0.02134201582603,0.014798713122681564,2,2
18,TK-1999-0415_C1061_HNE,4,False,True,0.1,0.03368875899463137,4,3
18,TK-1999-0415_C1061_HNE,5,False,True,0.1,0.07161809882598225,4,4
18,TK-1999-0415_C1062_HNE,0,False,True,0.0008273985616154,0.0009862284956563432,0,0
18,TK-1999-0415_C1062_HNE,1,False,True,0.0037278035791156,0.003374820622425731,0,0
18,TK-1999-0415_C1062_HNE,2,False,True,0.0079347444214563,0.00835948380077407,1,1
18,TK-1999-0415_C1062_HNE,3,False,True,0.0146131691093987,0.016437844570229128,2,2
18,TK-1999-0415_C1062_HNE,4,False,True,0.0228025713684101,0.04419619771161159,2,3
18,TK-1999-0415_C1062_HNE,5,False,True,0.1,0.10035173041097785,4,4
18,TK-1999-0415_D0531_HNN,0,False,True,0.0008723448942352,0.0008608617746151856,0,0
18,TK-1999-0415_D0531_HNN,1,False,True,0.0021074807035398,0.0028423366072337307,0,0
18,TK-1999-0415_1401_HNE,0,False,True,0.0008808393660503,0.0010606889282211481,0,0
18,TK-1999-0415_1401_HNE,1,False,True,0.0027257624048253,0.003933321665226293,0,0
18,TK-1999-0415_1401_HNE,2,False,True,0.0069554679680198,0.00803662386581326,1,1
18,TK-1999-0415_1401_HNE,3,False,True,0.0088154711770656,0.014299037861486211,1,2
18,TK-1999-0415_D0531_HNN,2,False,True,0.0060817006171694,0.006197306128328736,1,1
18,TK-1999-0415_D0531_HNN,3,False,True,0.0116343592917876,0.012965759913911667,1,1
18,TK-1999-0415_D0531_HNN,4,False,True,0.02077797780918,0.029199684922545377,2,2
18,TK-1999-0415_D0531_HNN,5,False,True,0.1,0.06482856165078935,4,4
18,TK-1999-0415_1401_HNE,4,False,True,0.0127706479551441,0.02673861601990958,2,2
18,TK-1999-0415_1401_HNE,5,False,True,0.0211249783198123,0.04927417070363632,2,4
18,TK-1999-0415_1406_HNN,0,False,True,0.0011158399860163,0.0011363863753852473,0,0
18,TK-1999-0415_1406_HNN,1,False,True,0.0040786771300401,0.004279118682950722,0,1
18,TK-1999-0415_1406_HNN,2,False,True,0.0072872984746595,0.008969354171000482,1,1
18,TK-1999-0415_1406_HNN,3,False,True,0.0218912906117605,0.016162587003204554,2,2
18,TK-1999-0415_1406_HNN,4,False,True,0.1,0.0421227855614623,4,3
18,TK-1999-0415_1406_HNN,5,False,True,0.1,0.0943478831650491,4,4
18,TK-1999-0415_8101_HNE,0,False,True,0.0008893008262838,0.0010557665910666814,0,0
18,TK-1999-0415_8101_HNE,1,False,True,0.0025532053823853,0.0042631695846643515,0,0
18,TK-1999-0415_8101_HNE,2,False,True,0.0050620114706937,0.008464807244388833,1,1
18,TK-1999-0415_8101_HNE,3,False,True,0.0125703919191602,0.01387196563648815,2,2
18,TK-1999-0415_8101_HNE,4,False,True,0.0195481843704848,0.02769371782330783,2,2
18,TK-1999-0415_8101_HNE,5,False,True,0.1,0.053776081260312844,4,4
18,INT-20250810_0000200_AKS_HNN,0,False,True,0.0010969485373702,0.001302573866038784,0,0
18,INT-20250810_0000200_AKS_HNN,1,False,True,0.0035505496920515,0.005002823413725726,0,0
18,INT-20250810_0000200_AKS_HNN,2,False,True,0.0060299912968196,0.011090246185877084,1,2
18,INT-20250810_0000200_AKS_HNN,3,False,True,0.0158573236079803,0.02832831855975616,2,2
18,INT-20250810_0000200_AKS_HNN,4,False,True,0.0444320992659058,0.04352749418322237,3,4
18,INT-20250810_0000200_AKS_HNN,5,False,True,0.1,0.08990927443784012,4,4
18,INT-20250810_0000200_BALB_HNE,0,False,True,0.0010943947625803,0.001086523475110791,0,0
18,INT-20250810_0000200_BALB_HNE,1,False,True,0.0031547701255495,0.0034608737942229835,0,0
18,INT-20250810_0000200_BALB_HNE,2,False,True,0.0065486890902174,0.007927992783433917,1,1
18,INT-20250810_0000200_BALB_HNE,3,False,True,0.0114887520985655,0.0139861387418746,1,2
18,INT-20250810_0000200_BALB_HNE,4,False,True,0.0204467425787196,0.022643037842615274,2,2
18,INT-20250810_0000200_BALB_HNE,5,False,True,0.0482455632392985,0.0734257753577567,3,4
18,INT-20250810_0000200_GORD_HNN,0,False,True,0.0011335594482728,0.000904141413988316,0,0
18,INT-20250810_0000200_GORD_HNN,1,False,True,0.0043325133585615,0.0027286174352047277,0,0
18,INT-20250810_0000200_GORD_HNN,2,False,True,0.0084661915477379,0.00585691877117116,1,1
18,INT-20250810_0000200_GORD_HNN,3,False,True,0.0143038653851247,0.01087537066569061,2,1
18,INT-20250810_0000200_GORD_HNN,4,False,True,0.0234840585453399,0.017470051784470284,2,2
18,INT-20250810_0000200_GORD_HNN,5,False,True,0.0811002813203408,0.04664845977185659,4,3
18,INT-20250810_0000200_SOMA_HNN,0,False,True,0.0012698226816108,0.00105526072694621,0,0
18,INT-20250810_0000200_SOMA_HNN,1,False,True,0.0037571669599304,0.003813804552015866,0,0
18,INT-20250810_0000200_SOMA_HNN,2,False,True,0.0081247069473248,0.008052279415894488,1,1
18,INT-20250810_0000200_SOMA_HNN,3,False,True,0.0128497151785754,0.015157100853565706,2,2
18,INT-20250810_0000200_SOMA_HNN,4,False,True,0.0179168104557065,0.033039388559863166,2,3
18,INT-20250810_0000200_SOMA_HNN,5,False,True,0.0393258937541246,0.07755029754200068,3,4
18,TK-1999-0294_1612_HNE,0,False,True,0.0012186841702756,0.000912208707494593,0,0
18,TK-1999-0294_1612_HNE,1,False,True,0.0058081640025345,0.0031523337564690404,1,0
18,TK-1999-0294_1612_HNE,2,False,True,0.0130147100265792,0.006580765348085234,2,1
18,TK-1999-0294_1612_HNE,3,False,True,0.0227117186071856,0.012489185982902488,2,2
18,TK-1999-0294_1612_HNE,4,False,True,0.0350533406378632,0.02053345786862006,3,2
18,TK-1999-0294_1612_HNE,5,False,True,0.1,0.03848265616084437,4,4
18,TK-2003-0179_1701_HNN,0,False,True,0.0008760141219873,0.0008394757033571266,0,0
18,TK-2003-0179_1701_HNN,1,False,True,0.0024223222909362,0.0023784858569775645,0,0
18,TK-2003-0179_1701_HNN,2,False,True,0.0041603686443269,0.003558018957125829,0,0
18,TK-2003-0179_1701_HNN,3,False,True,0.0079411647584205,0.0055175639989664595,1,1
18,TK-2003-0179_1701_HNN,4,False,True,0.0116794425139861,0.008804428982984051,1,1
18,TK-2003-0179_1701_HNN,5,False,True,0.0193686713389968,0.021143016109206367,2,2
18,TK-1999-0294_4101_HNE,0,False,True,0.0009887422038241,0.0011982895800275143,0,0
18,TK-1999-0294_4101_HNE,1,False,True,0.0030401991906639,0.0044587299384210065,0,0
18,TK-1999-0294_4101_HNE,2,False,True,0.0071794892035508,0.01568716560424568,1,2
18,TK-1999-0294_4101_HNE,3,False,True,0.0171400062698889,0.0237313965049091,2,2
18,TK-1999-0294_4101_HNE,4,False,True,0.0205832447020953,0.039460140177179186,2,2
18,TK-1999-0294_4101_HNE,5,False,True,0.0732986184058285,0.09026595218602686,4,4
18,TK-1999-0294_4107_HNE,0,False,True,0.0009096913945986,0.0008299576622182606,0,0
18,TK-1999-0294_4107_HNE,1,False,True,0.0036874615387645,0.002694258326987441,0,0
18,TK-1999-0294_4107_HNE,2,False,True,0.0099053205308708,0.006813394459491262,1,1
18,TK-1999-0294_4107_HNE,3,False,True,0.0189741625822164,0.013744188458743162,2,2
18,TK-1999-0294_4107_HNE,4,False,True,0.0297423009624608,0.025519674664377896,2,2
18,TK-1999-0294_4107_HNE,5,False,True,0.0538348153626579,0.04425938674458675,3,4
18,TK-1999-0294_5401_HNE,0,False,True,0.001074041788789,0.001787427759635907,0,0
18,TK-1999-0294_5401_HNE,1,False,True,0.0026873392035575,0.007068947300176131,0,0
18,TK-1999-0294_5401_HNE,2,False,True,0.0066140679902698,0.016847979959675158,1,2
18,TK-1999-0294_5401_HNE,3,False,True,0.0120400961495026,0.02719175727717703,2,2
18,TK-1999-0294_5401_HNE,4,False,True,0.032096366426085,0.04871322313596878,3,3
18,TK-1999-0294_5401_HNE,5,False,True,0.1,0.09687288638487311,4,4
18,EMSC-20200122_0000127_GOMA_HNE,0,False,True,0.0008105607984165,0.0008154752950613482,0,0
18,EMSC-20200122_0000127_GOMA_HNE,1,False,True,0.0022732533074797,0.0022140889017447356,0,0
18,EMSC-20200122_0000127_GOMA_HNE,2,False,True,0.0045780432069809,0.004426317731327918,0,0
18,EMSC-20200122_0000127_GOMA_HNE,3,False,True,0.0075133886886072,0.00726475272685263,1,1
18,EMSC-20200122_0000127_GOMA_HNE,4,False,True,0.0130495825526416,0.01252973813807247,2,2
18,EMSC-20200122_0000127_GOMA_HNE,5,False,True,0.0212128636563065,0.029526865593526526,2,2
18,EMSC-20200122_0000127_SOMA_HNN,0,False,True,0.000950841814789,0.000992554058396004,0,0
18,EMSC-20200122_0000127_SOMA_HNN,1,False,True,0.0029691435093452,0.003043368691220274,0,0
18,EMSC-20200122_0000127_SOMA_HNN,2,False,True,0.0082805914816196,0.007563568087934751,1,1
18,EMSC-20200122_0000127_SOMA_HNN,3,False,True,0.0163405198021048,0.01441344975878473,2,2
18,EMSC-20200122_0000127_SOMA_HNN,4,False,True,0.024499877882943,0.030719768339959066,2,2
18,EMSC-20200122_0000127_SOMA_HNN,5,False,True,0.1,0.08230487108585717,4,4
19,TK-1999-0077_YPT_HNN,4,False,True,0.1,0.049546208242825275,4,3
19,TK-1999-0077_YPT_HNN,5,False,True,0.1,0.07258248896216712,4,4
19,TK-1999-0077_1612_HNE,0,False,True,0.0010048242545689,0.0007786527684007438,0,0
19,TK-1999-0077_1612_HNE,1,False,True,0.0040240889117703,0.0019324085797851034,0,0
19,TK-1999-0077_YPT_HNN,0,False,True,0.0007238521981161,0.0009410610360241137,0,0
19,TK-1999-0077_YPT_HNN,1,False,True,0.0033201772494973,0.002803631975537368,0,0
19,TK-1999-0077_YPT_HNN,2,False,True,0.009194533488733,0.006837153735115383,1,0
19,TK-1999-0077_YPT_HNN,3,False,True,0.026830313455823,0.016158763226247066,2,2
19,TK-1999-0077_1612_HNE,2,False,True,0.0096016337433787,0.003708030479159411,1,0
19,TK-1999-0077_1612_HNE,3,False,True,0.0164388567842237,0.007995394536257552,2,1
19,TK-1999-0077_1612_HNE,4,False,True,0.0292747498692984,0.014213909213790767,2,2
19,TK-1999-0077_1612_HNE,5,False,True,0.1,0.03218760340190709,4,4
19,TK-1999-0077_4101_HNE,0,False,True,0.0011726964991878,0.0011436292021016578,0,0
19,TK-1999-0077_4101_HNE,1,False,True,0.0037123963221119,0.004397985602070687,0,0
19,TK-1999-0077_4101_HNE,2,False,True,0.0173661937521991,0.010148297593604323,2,2
19,TK-1999-0077_4101_HNE,3,False,True,0.1,0.03965668713714836,4,3
19,TK-1999-0077_4101_HNE,4,False,True,0.1,0.11673028723267136,4,4
19,TK-1999-0077_4101_HNE,5,False,True,0.1,0.1282201704412862,4,4
19,TK-1999-0077_4106_HNN,0,False,True,0.0010386177014288,0.0012132259698361188,0,0
19,TK-1999-0077_4106_HNN,1,False,True,0.0028395572281786,0.005682681531532403,0,1
19,TK-1999-0077_4106_HNN,2,False,True,0.0063941423183089,0.019580380279011503,1,2
19,TK-1999-0077_4106_HNN,3,False,True,0.0398631693174215,0.06358146650074817,3,4
19,TK-1999-0077_4106_HNN,4,False,True,0.1,0.09078049650802741,4,4
19,TK-1999-0077_4106_HNN,5,False,True,0.1,0.1457565170987967,4,4
19,TK-1999-0077_5401_HNE,0,False,True,0.0011227456985695,0.0010159501892048276,0,0
19,TK-1999-0077_5401_HNE,1,False,True,0.0045435698809344,0.004774269356751219,0,0
19,TK-1999-0077_5401_HNE,2,False,True,0.0135730041091425,0.015364415614740062,2,1
19,TK-1999-0077_5401_HNE,3,False,True,0.0379134437931106,0.054851114018549384,3,4
19,TK-1999-0077_5401_HNE,4,False,True,0.1,0.06531367341649393,4,4
19,TK-1999-0077_5401_HNE,5,False,True,0.1,0.08923883542028874,4,4
19,TK-1999-0415_487_HNN,0,False,True,0.0012571649460632,0.0010122902450969459,0,0
19,TK-1999-0415_487_HNN,1,False,True,0.0047014988254537,0.003560844518354856,0,0
19,TK-1999-0415_487_HNN,2,False,True,0.01063657570087,0.00796772844592157,1,1
19,TK-1999-0415_487_HNN,3,False,True,0.0251213295240666,0.016624393187056264,2,2
19,TK-1999-0415_487_HNN,4,False,True,0.1,0.057519009850974155,4,4
19,TK-1999-0415_487_HNN,5,False,True,0.1,0.09910937349870881,4,4
19,TK-1999-0415_496_HNN,0,False,True,0.0016978082168978,0.0013663634449505668,0,0
19,TK-1999-0415_496_HNN,1,False,True,0.0047113087221684,0.0052914202398606815,0,1
19,TK-1999-0415_496_HNN,2,False,True,0.0137434917228903,0.014383187867878776,2,2
19,TK-1999-0415_496_HNN,3,False,True,0.018718774596487,0.02764018569917176,2,2
19,TK-1999-0415_496_HNN,4,False,True,0.1,0.06591122075257802,4,3
19,TK-1999-0415_496_HNN,5,False,True,0.1,0.09193001817155651,4,4
19,TK-1999-0415_498_HNN,0,False,True,0.0007970484640783,0.0010797193639806829,0,0
19,TK-1999-0415_498_HNN,1,False,True,0.0038722310874815,0.003679511599779121,0,0
19,TK-1999-0415_C0362_HNN,0,False,True,0.0009236410390784,0.000889225771868696,0,0
19,TK-1999-0415_C0362_HNN,1,False,True,0.0030607837257203,0.0019575473875412734,0,0
19,TK-1999-0415_C0362_HNN,2,False,True,0.0067235960553069,0.0034669304197141168,1,0
19,TK-1999-0415_C0362_HNN,3,False,True,0.0135262550727201,0.0068614779971695634,2,1
19,TK-1999-0415_498_HNN,2,False,True,0.0071345856580653,0.008945617546476764,1,1
19,TK-1999-0415_498_HNN,3,False,True,0.0137367066500228,0.022305938514809144,2,2
19,TK-1999-0415_498_HNN,4,False,True,0.0526999126440689,0.05338731656488613,3,4
19,TK-1999-0415_498_HNN,5,False,True,0.1,0.0759727404071718,4,4
19,TK-1999-0415_C0362_HNN,4,False,True,0.0295481248388604,0.011395671628105513,2,1
19,TK-1999-0415_C0362_HNN,5,False,True,0.1,0.01873393044209625,4,2
19,TK-1999-0415_C0375_HNN,0,False,True,0.0015474104305721,0.0014676528895434852,0,0
19,TK-1999-0415_C0375_HNN,1,False,True,0.0055436367141438,0.004954979875062657,1,0
19,TK-1999-0415_C1058_HNE,0,False,True,0.0009834530172849,0.0009420074479647053,0,0
19,TK-1999-0415_C1058_HNE,1,False,True,0.0064375817257694,0.0032887579281068815,1,0
19,TK-1999-0415_C1058_HNE,2,False,True,0.0126051180017577,0.010113537242810217,2,2
19,TK-1999-0415_C1058_HNE,3,False,True,0.052253768481437,0.029034866349802294,3,2
19,TK-1999-0415_C0375_HNN,2,False,True,0.009811715384232,0.012225571980007541,1,2
19,TK-1999-0415_C0375_HNN,3,False,True,0.016648279486266,0.026143918258726567,2,2
19,TK-1999-0415_C0375_HNN,4,False,True,0.0303626540945721,0.0710639988365444,3,4
19,TK-1999-0415_C0375_HNN,5,False,True,0.1,0.11490233152617152,4,4
19,TK-1999-0415_C1058_HNE,4,False,True,0.1,0.06904450021959141,4,4
19,TK-1999-0415_C1058_HNE,5,False,True,0.1,0.09799080095362793,4,4
19,TK-1999-0415_C1059_HNN,0,False,True,0.0010939717202587,0.0012121441445037933,0,0
19,TK-1999-0415_C1059_HNN,1,False,True,0.0042260009932641,0.004537919372450199,0,0
19,TK-1999-0415_C1059_HNN,2,False,True,0.0090859449285745,0.010992146335787592,1,1
19,TK-1999-0415_C1059_HNN,3,False,True,0.0205251719091772,0.026640118707258513,2,2
19,TK-1999-0415_C1059_HNN,4,False,True,0.1,0.0752936062616931,4,4
19,TK-1999-0415_C1059_HNN,5,False,True,0.1,0.10698351002089537,4,4
19,TK-1999-0415_C1060_HNE,0,False,True,0.0007497328969467,0.0009494890230648635,0,0
19,TK-1999-0415_C1060_HNE,1,False,True,0.0021497059186562,0.0029987048200158586,0,0
19,TK-1999-0415_C1060_HNE,2,False,True,0.0086638131830226,0.006104981428556713,1,0
19,TK-1999-0415_C1060_HNE,3,False,True,0.0171682232675286,0.012742577179734598,2,1
19,TK-1999-0415_C1060_HNE,4,False,True,0.1,0.025008979202221088,4,2
19,TK-1999-0415_C1060_HNE,5,False,True,0.1,0.07078982155386836,4,4
19,TK-1999-0415_C1061_HNE,0,False,True,0.0011798689492432,0.0011845615053421039,0,0
19,TK-1999-0415_C1061_HNE,1,False,True,0.0048565403285763,0.004533843072742281,0,0
19,TK-1999-0415_C1061_HNE,2,False,True,0.010320633918825,0.008955169542542704,1,1
19,TK-1999-0415_C1061_HNE,3,False,True,0.0244569492875508,0.015939172568561245,2,2
19,TK-1999-0415_C1061_HNE,4,False,True,0.1,0.03704068206056672,4,3
19,TK-1999-0415_C1061_HNE,5,False,True,0.1,0.07685961404026145,4,4
19,TK-1999-0415_C1062_HNE,0,False,True,0.0008328210387587,0.0010026710501974017,0,0
19,TK-1999-0415_C1062_HNE,1,False,True,0.0038467243659744,0.0033681611658256355,0,0
19,TK-1999-0415_C1062_HNE,2,False,True,0.0079763872512606,0.008721210957310321,1,1
19,TK-1999-0415_C1062_HNE,3,False,True,0.0136205298771074,0.0182802178937148,2,2
19,TK-1999-0415_C1062_HNE,4,False,True,0.0265760052683705,0.0485386538409241,2,4
19,TK-1999-0415_C1062_HNE,5,False,True,0.1,0.10677873259494895,4,4
19,TK-1999-0415_D0531_HNN,0,False,True,0.0008807384477773,0.000872483125678014,0,0
19,TK-1999-0415_D0531_HNN,1,False,True,0.0022054139326207,0.0028642504132259943,0,0
19,TK-1999-0415_D0531_HNN,2,False,True,0.0069510043173442,0.006313526212552825,1,1
19,TK-1999-0415_D0531_HNN,3,False,True,0.0119221563391094,0.01372672848159033,1,2
19,TK-1999-0415_D0531_HNN,4,False,True,0.0224080731803427,0.030876831353090144,2,2
19,TK-1999-0415_D0531_HNN,5,False,True,0.1,0.06585590073583032,4,4
19,TK-1999-0415_1401_HNE,0,False,True,0.0008942929624367,0.001063937280934507,0,0
19,TK-1999-0415_1401_HNE,1,False,True,0.0028924840812712,0.0038877946827757413,0,0
19,TK-1999-0415_1401_HNE,2,False,True,0.006173826204,0.008023487038360798,1,1
19,TK-1999-0415_1401_HNE,3,False,True,0.008672948711774,0.014439941997572401,1,2
19,TK-1999-0415_1401_HNE,4,False,True,0.0123296924976655,0.026951511065442982,2,2
19,TK-1999-0415_1401_HNE,5,False,True,0.0221112432034479,0.0484288605458889,2,4
19,TK-1999-0415_1406_HNN,0,False,True,0.0011109165457268,0.0011664071828072313,0,0
19,TK-1999-0415_1406_HNN,1,False,True,0.0037489033269571,0.004357827821628137,0,0
19,TK-1999-0415_1406_HNN,2,False,True,0.0088637921866031,0.009236369711462404,1,1
19,TK-1999-0415_1406_HNN,3,False,True,0.0280120423868079,0.017136688097974074,2,2
19,TK-1999-0415_1406_HNN,4,False,True,0.1,0.0452098581876564,4,3
19,TK-1999-0415_1406_HNN,5,False,True,0.1,0.0993694353271388,4,4
19,TK-1999-0415_8101_HNE,0,False,True,0.0009059171782802,0.001070503822781084,0,0
19,TK-1999-0415_8101_HNE,1,False,True,0.002570332558312,0.004280798652443573,0,0
19,TK-1999-0415_8101_HNE,2,False,True,0.0050187079457641,0.008653508041914375,1,1
19,TK-1999-0415_8101_HNE,3,False,True,0.0126704042181889,0.014577540239943813,2,2
19,TK-1999-0415_8101_HNE,4,False,True,0.0217224886445881,0.02892539331636494,2,2
19,TK-1999-0415_8101_HNE,5,False,True,0.1,0.05672179508920294,4,4
19,INT-20250810_0000200_AKS_HNN,0,False,True,0.0011374695235231,0.0013636095882245418,0,0
19,INT-20250810_0000200_AKS_HNN,1,False,True,0.0036753897946881,0.005136258438112486,0,1
19,INT-20250810_0000200_AKS_HNN,2,False,True,0.0063055432436579,0.011996803937837966,1,2
19,INT-20250810_0000200_AKS_HNN,3,False,True,0.0193768614381063,0.0330592011204211,2,2
19,INT-20250810_0000200_AKS_HNN,4,False,True,0.0407869387278437,0.04752530841803698,3,4
19,INT-20250810_0000200_AKS_HNN,5,False,True,0.1,0.10024136124081957,4,4
19,INT-20250810_0000200_BALB_HNE,0,False,True,0.0011301338120444,0.0011096080323741717,0,0
19,INT-20250810_0000200_BALB_HNE,1,False,True,0.0034041906129641,0.003512704852732946,0,0
19,INT-20250810_0000200_BALB_HNE,2,False,True,0.0069126233556248,0.008162698642177444,1,1
19,INT-20250810_0000200_BALB_HNE,3,False,True,0.0127665442821543,0.014862519510667676,2,2
19,INT-20250810_0000200_BALB_HNE,4,False,True,0.0212769454274307,0.023932326995927934,2,2
19,INT-20250810_0000200_BALB_HNE,5,False,True,0.0650227131890466,0.0782162225360298,4,4
19,INT-20250810_0000200_GORD_HNN,0,False,True,0.0012578854587683,0.0009360281706765196,0,0
19,INT-20250810_0000200_GORD_HNN,1,False,True,0.0039599190167209,0.0027544483169924068,0,0
19,INT-20250810_0000200_GORD_HNN,2,False,True,0.0082297305780902,0.006067066750411012,1,1
19,INT-20250810_0000200_GORD_HNN,3,False,True,0.0144980082481752,0.011534454388261374,2,1
19,INT-20250810_0000200_GORD_HNN,4,False,True,0.0286284980892364,0.01899631998631572,2,2
19,INT-20250810_0000200_GORD_HNN,5,False,True,0.1,0.049140385112543504,4,4
19,INT-20250810_0000200_SOMA_HNN,0,False,True,0.0012644633487469,0.001061705521625757,0,0
19,INT-20250810_0000200_SOMA_HNN,1,False,True,0.0040170147435747,0.0038276690416704814,0,0
19,INT-20250810_0000200_SOMA_HNN,2,False,True,0.0079195665960938,0.008389643105935145,1,1
19,INT-20250810_0000200_SOMA_HNN,3,False,True,0.0126877561439877,0.016481361812948646,2,2
19,INT-20250810_0000200_SOMA_HNN,4,False,True,0.0180285295177353,0.03612345868685525,2,3
19,INT-20250810_0000200_SOMA_HNN,5,False,True,0.0756111886547126,0.0782817320341791,4,4
19,TK-1999-0294_1612_HNE,0,False,True,0.001281295744279,0.0008999080194809032,0,0
19,TK-1999-0294_1612_HNE,1,False,True,0.0052302411831239,0.0031242342245838862,1,0
19,TK-1999-0294_1612_HNE,2,False,True,0.0127894151804585,0.006928559152094415,2,1
19,TK-1999-0294_1612_HNE,3,False,True,0.0215856658567473,0.013886697866009828,2,2
19,TK-1999-0294_1612_HNE,4,False,True,0.0400735179548703,0.02169924464914464,3,2
19,TK-1999-0294_1612_HNE,5,False,True,0.0792576022907267,0.041946956223013074,4,4
19,TK-2003-0179_1701_HNN,0,False,True,0.0008887346926474,0.0008477651999509433,0,0
19,TK-2003-0179_1701_HNN,1,False,True,0.0024219877918965,0.00237383805617795,0,0
19,TK-2003-0179_1701_HNN,2,False,True,0.0042567611711686,0.0035439422569397095,0,0
19,TK-2003-0179_1701_HNN,3,False,True,0.007920266866582,0.005610874955173721,1,1
19,TK-2003-0179_1701_HNN,4,False,True,0.0109777183056247,0.008756722075075201,1,1
19,TK-2003-0179_1701_HNN,5,False,True,0.021196490057882,0.021577467356229077,2,2
19,TK-1999-0294_4101_HNE,0,False,True,0.0009932092524573,0.0012270800900848842,0,0
19,TK-1999-0294_4101_HNE,1,False,True,0.0031603942297194,0.004598679898927854,0,0
19,TK-1999-0294_4101_HNE,2,False,True,0.0086745813178415,0.016861304056687947,1,2
19,TK-1999-0294_4101_HNE,3,False,True,0.0177248039940065,0.02770340400068452,2,2
19,TK-1999-0294_4101_HNE,4,False,True,0.0223384925077059,0.0441855961452704,2,4
19,TK-1999-0294_4101_HNE,5,False,True,0.1,0.10154181095932877,4,4
19,TK-1999-0294_4107_HNE,0,False,True,0.0009279495441187,0.0008418390602223461,0,0
19,TK-1999-0294_4107_HNE,1,False,True,0.0036994593608991,0.002779315045763985,0,0
19,TK-1999-0294_4107_HNE,2,False,True,0.0101431882537739,0.007123834530890679,1,1
19,TK-1999-0294_4107_HNE,3,False,True,0.0196898593778276,0.014089431681290166,2,2
19,TK-1999-0294_4107_HNE,4,False,True,0.0311308912819448,0.02707901132695894,3,2
19,TK-1999-0294_4107_HNE,5,False,True,0.0747695563019003,0.048310655542268974,4,4
19,TK-1999-0294_5401_HNE,0,False,True,0.0010783078171856,0.001857593577096309,0,0
19,TK-1999-0294_5401_HNE,1,False,True,0.0029506727753094,0.0073099754810118005,0,0
19,EMSC-20200122_0000127_GOMA_HNE,0,False,True,0.0008139524137681,0.0008154197847713806,0,0
19,EMSC-20200122_0000127_GOMA_HNE,1,False,True,0.0022973405703891,0.002202959996456969,0,0
19,EMSC-20200122_0000127_GOMA_HNE,2,False,True,0.0040618393162731,0.004467342084144344,0,0
19,EMSC-20200122_0000127_GOMA_HNE,3,False,True,0.0077125670591775,0.007857314962358208,1,1
19,TK-1999-0294_5401_HNE,2,False,True,0.0070753455971054,0.01736250805132855,1,2
19,TK-1999-0294_5401_HNE,3,False,True,0.0138644939398123,0.02770442299487794,2,2
19,TK-1999-0294_5401_HNE,4,False,True,0.058311068484574,0.04872612812047214,3,3
19,TK-1999-0294_5401_HNE,5,False,True,0.1,0.10080802288751771,4,4
19,EMSC-20200122_0000127_GOMA_HNE,4,False,True,0.012810467287953,0.012870160825602047,2,2
19,EMSC-20200122_0000127_GOMA_HNE,5,False,True,0.0217290551894799,0.030103034558583385,2,2
19,EMSC-20200122_0000127_SOMA_HNN,0,False,True,0.0009667923980565,0.001010319338402226,0,0
19,EMSC-20200122_0000127_SOMA_HNN,1,False,True,0.0036320142486381,0.003122684123430496,0,0
19,EMSC-20200122_0000127_SOMA_HNN,2,False,True,0.0093974668744062,0.007947436559766834,1,1
19,EMSC-20200122_0000127_SOMA_HNN,3,False,True,0.0161692195964474,0.015432783254345463,2,2
19,EMSC-20200122_0000127_SOMA_HNN,4,False,True,0.0244332805746576,0.032406004024923794,2,2
19,EMSC-20200122_0000127_SOMA_HNN,5,False,True,0.1,0.093784797361871,4,4
20,TK-1999-0077_YPT_HNN,4,False,True,0.0206934338677957,0.014976793913122137,2,1
20,TK-1999-0077_YPT_HNN,5,False,True,0.1,0.03661076178214608,4,4
20,TK-1999-0077_1612_HNE,0,False,True,0.0002522823858543,0.0002471899911022416,0,0
20,TK-1999-0077_1612_HNE,1,False,True,0.0007816241453971,0.0007732912495251096,0,0
20,TK-1999-0077_YPT_HNN,0,False,True,0.0002496909866435,0.0002485641164909896,0,0
20,TK-1999-0077_YPT_HNN,1,False,True,0.0008109028539437,0.0008442850803236301,0,0
20,TK-1999-0077_YPT_HNN,2,False,True,0.0022971652585426,0.0024308046323958553,0,0
20,TK-1999-0077_YPT_HNN,3,False,True,0.0081055725393476,0.004553878739920302,1,0
20,TK-1999-0077_4101_HNE,0,False,True,0.0002478594611489,0.0002452200242772994,0,0
20,TK-1999-0077_4101_HNE,1,False,True,0.00070111815789,0.0006805674887367288,0,0
20,TK-1999-0077_4101_HNE,2,False,True,0.0012487646404183,0.0014213893607522123,0,0
20,TK-1999-0077_4101_HNE,3,False,True,0.0026759439987748,0.0023701620073968872,0,0
20,TK-1999-0077_1612_HNE,2,False,True,0.0028267273784255,0.0022622884458463654,0,0
20,TK-1999-0077_1612_HNE,3,False,True,0.0115846324668714,0.005100052020736452,1,0
20,TK-1999-0077_1612_HNE,4,False,True,0.0340352366132287,0.011279171687315705,3,2
20,TK-1999-0077_1612_HNE,5,False,True,0.1,0.028283681638196695,4,3
20,TK-1999-0077_4106_HNN,2,False,True,0.003960457987197,0.004759802575530479,0,0
20,TK-1999-0077_4106_HNN,3,False,True,0.0091275309361873,0.015909654640989094,1,2
20,TK-1999-0077_4106_HNN,4,False,True,0.0311586634415655,0.05423377779557084,3,3
20,TK-1999-0077_4106_HNN,5,False,True,0.0216687925084491,0.14484319278020727,2,4
20,TK-1999-0077_4101_HNE,4,False,True,0.0050125130351401,0.004820659118077772,1,0
20,TK-1999-0077_4101_HNE,5,False,True,0.0127524076745208,0.01393477468194745,2,1
20,TK-1999-0077_4106_HNN,0,False,True,0.0002622891077968,0.00025897556603705554,0,0
20,TK-1999-0077_4106_HNN,1,False,True,0.0011721477716536,0.000912954177758055,0,0
20,TK-1999-0077_5401_HNE,0,False,True,0.0002569399158051,0.00025753992473516056,0,0
20,TK-1999-0077_5401_HNE,1,False,True,0.0007634677414566,0.0008881392897323051,0,0
20,TK-1999-0077_5401_HNE,2,False,True,0.0022408841475802,0.003445003933027881,0,0
20,TK-1999-0077_5401_HNE,3,False,True,0.0043075503942692,0.009898583337650138,0,1
20,TK-1999-0077_5401_HNE,4,False,True,0.007646466501464,0.03321038961150591,1,2
20,TK-1999-0077_5401_HNE,5,False,True,0.0236410003671325,0.05356407512713881,2,4
20,TK-1999-0415_487_HNN,0,False,True,0.0002499393240148,0.0002551049991651734,0,0
20,TK-1999-0415_487_HNN,1,False,True,0.0008204646155674,0.0007562438762825177,0,0
20,TK-1999-0415_496_HNN,0,False,True,0.0002538393516391,0.0002589391725203782,0,0
20,TK-1999-0415_496_HNN,1,False,True,0.0007625112780247,0.0008815436784374982,0,0
20,TK-1999-0415_496_HNN,2,False,True,0.0015719635385116,0.0019202387793627337,0,0
20,TK-1999-0415_496_HNN,3,False,True,0.0024937675389425,0.002808265519110183,0,0
20,TK-1999-0415_487_HNN,2,False,True,0.0020543286486813,0.0017661133593719568,0,0
20,TK-1999-0415_487_HNN,3,False,True,0.0036758217555038,0.0027014978347882313,0,0
20,TK-1999-0415_487_HNN,4,False,True,0.00643832423037,0.0044653584705382915,1,0
20,TK-1999-0415_487_HNN,5,False,True,0.012861401020316,0.008116378955369302,2,1
20,TK-1999-0415_496_HNN,4,False,True,0.004278162428161,0.0050277129890142274,0,0
20,TK-1999-0415_496_HNN,5,False,True,0.0069088379402038,0.008092513617472803,1,1
20,TK-1999-0415_498_HNN,0,False,True,0.0002662271183212,0.00026873760451958805,0,0
20,TK-1999-0415_498_HNN,1,False,True,0.0008906782352354,0.0008115795276757296,0,0
20,TK-1999-0415_498_HNN,2,False,True,0.0025245694226826,0.002019186790884065,0,0
20,TK-1999-0415_498_HNN,3,False,True,0.0032789262504467,0.004250673863636499,0,0
20,TK-1999-0415_498_HNN,4,False,True,0.005905988879679,0.007122974198919021,1,1
20,TK-1999-0415_498_HNN,5,False,True,0.0091830732547629,0.01285121465259524,1,2
20,TK-1999-0415_C0362_HNN,0,False,True,0.00024534505166,0.0002890770109853029,0,0
20,TK-1999-0415_C0362_HNN,1,False,True,0.0007770181356691,0.000873760048511831,0,0
20,TK-1999-0415_C0362_HNN,2,False,True,0.0047163822039087,0.0030060526840143937,0,0
20,TK-1999-0415_C0362_HNN,3,False,True,0.0187238982145113,0.00642480773905886,2,1
20,TK-1999-0415_C0362_HNN,4,False,True,0.0576953950229872,0.01280399048205629,3,1
20,TK-1999-0415_C0362_HNN,5,False,True,0.1,0.03377733405984723,4,2
20,TK-1999-0415_C0375_HNN,0,False,True,0.0002635933064899,0.00026450875540789807,0,0
20,TK-1999-0415_C0375_HNN,1,False,True,0.0011376492664247,0.0008372265254517692,0,0
20,TK-1999-0415_C0375_HNN,2,False,True,0.0029562567185521,0.0021326186940896314,0,0
20,TK-1999-0415_C0375_HNN,3,False,True,0.0038169525714736,0.003673880183754894,0,0
20,TK-1999-0415_C0375_HNN,4,False,True,0.0057611163284082,0.006328989586521306,1,1
20,TK-1999-0415_C0375_HNN,5,False,True,0.0096544759356421,0.012645801309648758,1,1
20,TK-1999-0415_C1058_HNE,0,False,True,0.0002891049192783,0.00027056179640046093,0,0
20,TK-1999-0415_C1058_HNE,1,False,True,0.00092222857218,0.0010786180162206684,0,0
20,TK-1999-0415_C1058_HNE,2,False,True,0.0045095799331607,0.005382573055177707,0,0
20,TK-1999-0415_C1058_HNE,3,False,True,0.0097146739627624,0.015312999300404617,1,1
20,TK-1999-0415_C1058_HNE,4,False,True,0.0533897129686075,0.04063334227092368,3,2
20,TK-1999-0415_C1058_HNE,5,False,True,0.1,0.05662160028584817,4,4
20,TK-1999-0415_C1059_HNN,0,False,True,0.0002535612845991,0.0002685458822263043,0,0
20,TK-1999-0415_C1059_HNN,1,False,True,0.0008567854861124,0.0009037538440522627,0,0
20,TK-1999-0415_C1059_HNN,2,False,True,0.0020496611626569,0.0025738374276140334,0,0
20,TK-1999-0415_C1059_HNN,3,False,True,0.0033542780063664,0.005030857736454574,0,0
20,TK-1999-0415_C1059_HNN,4,False,True,0.0057744018781417,0.009151068284585999,1,1
20,TK-1999-0415_C1059_HNN,5,False,True,0.0102975706471425,0.0160787034460287,1,2
20,TK-1999-0415_C1060_HNE,0,False,True,0.0002495312012765,0.0002609066035158498,0,0
20,TK-1999-0415_C1060_HNE,1,False,True,0.0007462774832821,0.0009290840616129885,0,0
20,TK-1999-0415_C1060_HNE,2,False,True,0.0018092408099782,0.00288579289359475,0,0
20,TK-1999-0415_C1060_HNE,3,False,True,0.0029163728439524,0.005489071067695724,0,0
20,TK-1999-0415_C1060_HNE,4,False,True,0.0070206428144585,0.0086844516021424,1,1
20,TK-1999-0415_C1060_HNE,5,False,True,0.0163724757068069,0.01621540489268285,2,2
20,TK-1999-0415_C1061_HNE,0,False,True,0.0002531495764525,0.00027303391271246995,0,0
20,TK-1999-0415_C1061_HNE,1,False,True,0.0008327432813334,0.0006704570386949938,0,0
20,TK-1999-0415_C1061_HNE,2,False,True,0.0020037935576023,0.0014666283832656221,0,0
20,TK-1999-0415_C1061_HNE,3,False,True,0.0030225253534393,0.0026712111658748964,0,0
20,TK-1999-0415_C1061_HNE,4,False,True,0.0044627542132894,0.004192676552710591,0,0
20,TK-1999-0415_C1061_HNE,5,False,True,0.0075508150065319,0.008855657312728242,1,1
20,TK-1999-0415_C1062_HNE,0,False,True,0.0002559851351953,0.00027132960993220533,0,0
20,TK-1999-0415_C1062_HNE,1,False,True,0.0008329585013116,0.0007863196464975412,0,0
20,TK-1999-0415_C1062_HNE,2,False,True,0.0023344914556155,0.001796499888538104,0,0
20,TK-1999-0415_C1062_HNE,3,False,True,0.0039359171799876,0.003155138519178201,0,0
20,TK-1999-0415_C1062_HNE,4,False,True,0.0058203151016003,0.006244198132154212,1,0
20,TK-1999-0415_C1062_HNE,5,False,True,0.0107029954193167,0.012227213072208332,1,1
20,TK-1999-0415_D0531_HNN,0,False,True,0.0002495887396543,0.00025303027819610586,0,0
20,TK-1999-0415_D0531_HNN,1,False,True,0.0007518871960174,0.0008285614226698796,0,0
20,TK-1999-0415_1401_HNE,0,False,True,0.0002627964235773,0.00026424678159120917,0,0
20,TK-1999-0415_1401_HNE,1,False,True,0.0008233303855293,0.0011837645064326169,0,0
20,TK-1999-0415_1401_HNE,2,False,True,0.0038642204328267,0.004614004324261721,0,0
20,TK-1999-0415_1401_HNE,3,False,True,0.0138931410795344,0.008785357551901138,2,1
20,TK-1999-0415_D0531_HNN,2,False,True,0.0023272347580763,0.0017296735858912202,0,0
20,TK-1999-0415_D0531_HNN,3,False,True,0.0038582331970594,0.002714109511569377,0,0
20,TK-1999-0415_D0531_HNN,4,False,True,0.0095913178800353,0.005092758106043557,1,1
20,TK-1999-0415_D0531_HNN,5,False,True,0.0136627969981099,0.00865976683751702,2,1
20,TK-1999-0415_1401_HNE,4,False,True,0.0362937319115205,0.02013202065253586,3,3
20,TK-1999-0415_1401_HNE,5,False,True,0.0872736101906904,0.040859312124126704,4,3
20,TK-1999-0415_1406_HNN,0,False,True,0.0002468320531082,0.00026440886995089907,0,0
20,TK-1999-0415_1406_HNN,1,False,True,0.0007463238031214,0.0006513800134243718,0,0
20,TK-1999-0415_1406_HNN,2,False,True,0.0014361703488967,0.0015328996844472214,0,0
20,TK-1999-0415_1406_HNN,3,False,True,0.002372262563102,0.0027998252025207247,0,0
20,TK-1999-0415_1406_HNN,4,False,True,0.0032401850552925,0.006288765311459096,0,1
20,TK-1999-0415_1406_HNN,5,False,True,0.0042231644789135,0.012189593889447257,0,2
20,TK-1999-0415_8101_HNE,0,False,True,0.0002570252018303,0.00024645179036509186,0,0
20,TK-1999-0415_8101_HNE,1,False,True,0.000852079223566,0.001035886551475508,0,0
20,TK-1999-0415_8101_HNE,2,False,True,0.0027721602470735,0.003305137990891256,0,0
20,TK-1999-0415_8101_HNE,3,False,True,0.0041451611187713,0.007669925327540439,0,1
20,TK-1999-0415_8101_HNE,4,False,True,0.0198839595142803,0.019823737587949933,2,3
20,TK-1999-0415_8101_HNE,5,False,True,0.0565102860327909,0.04583596346979847,3,4
20,INT-20250810_0000200_AKS_HNN,0,False,True,0.0002528584425141,0.00023980738147443096,0,0
20,INT-20250810_0000200_AKS_HNN,1,False,True,0.0006996536750617,0.0007716234107726678,0,0
20,INT-20250810_0000200_AKS_HNN,2,False,True,0.0015569069240638,0.0020345096717234033,0,0
20,INT-20250810_0000200_AKS_HNN,3,False,True,0.0036604350408849,0.00376827465665909,0,0
20,INT-20250810_0000200_AKS_HNN,4,False,True,0.0052973998893692,0.0070458135524651124,1,1
20,INT-20250810_0000200_AKS_HNN,5,False,True,0.0093547560978943,0.014552964482486585,1,2
20,INT-20250810_0000200_BALB_HNE,0,False,True,0.0002597033547003,0.0002667966442186281,0,0
20,INT-20250810_0000200_BALB_HNE,1,False,True,0.0007896715609914,0.0010051737410353091,0,0
20,INT-20250810_0000200_BALB_HNE,2,False,True,0.002681977098957,0.004026315018897633,0,1
20,INT-20250810_0000200_BALB_HNE,3,False,True,0.004943071293129,0.009106770964880433,0,1
20,INT-20250810_0000200_BALB_HNE,4,False,True,0.0110676197645821,0.0162298903282063,1,2
20,INT-20250810_0000200_BALB_HNE,5,False,True,0.0229193836158682,0.028748302340218045,2,2
20,INT-20250810_0000200_GORD_HNN,0,False,True,0.0002527201754826,0.00026417759419160373,0,0
20,INT-20250810_0000200_GORD_HNN,1,False,True,0.0008339114435092,0.0008673354998776883,0,0
20,INT-20250810_0000200_SOMA_HNN,0,False,True,0.0002453687490495,0.00026105245471159326,0,0
20,INT-20250810_0000200_SOMA_HNN,1,False,True,0.0007461251304674,0.0007656732156670474,0,0
20,INT-20250810_0000200_SOMA_HNN,2,False,True,0.0015409310674482,0.00184143042882415,0,0
20,INT-20250810_0000200_SOMA_HNN,3,False,True,0.0033609020685773,0.004453646415310755,0,0
20,INT-20250810_0000200_GORD_HNN,2,False,True,0.00450273355203,0.0027499050796313635,0,0
20,INT-20250810_0000200_GORD_HNN,3,False,True,0.0110233803187537,0.005419889481810731,1,1
20,INT-20250810_0000200_GORD_HNN,4,False,True,0.0175546767508014,0.009624167026806392,2,1
20,INT-20250810_0000200_GORD_HNN,5,False,True,0.0257364442460577,0.019159104953047602,2,2
20,INT-20250810_0000200_SOMA_HNN,4,False,True,0.0055528090603069,0.0073451376170368,1,1
20,INT-20250810_0000200_SOMA_HNN,5,False,True,0.0101551905432253,0.012364958122646055,1,2
20,TK-1999-0294_1612_HNE,0,False,True,0.0002551530722172,0.0002594336228456984,0,0
20,TK-1999-0294_1612_HNE,1,False,True,0.0008190382606425,0.0008208530084188851,0,0
20,TK-1999-0294_1612_HNE,2,False,True,0.0027989222993045,0.0029321019041632836,0,0
20,TK-1999-0294_1612_HNE,3,False,True,0.0074657666660065,0.0062626161080491455,1,1
20,TK-1999-0294_1612_HNE,4,False,True,0.0200568840928376,0.013854244462832167,2,2
20,TK-1999-0294_1612_HNE,5,False,True,0.0331758697944802,0.029622551762846238,3,3
20,TK-2003-0179_1701_HNN,0,False,True,0.0002617802008817,0.0002694634042402588,0,0
20,TK-2003-0179_1701_HNN,1,False,True,0.0008704976519042,0.0009108445926812776,0,0
20,TK-2003-0179_1701_HNN,2,False,True,0.005683653167086,0.0027423506675839184,1,0
20,TK-2003-0179_1701_HNN,3,False,True,0.0134776045229881,0.00618581738389231,2,1
20,TK-2003-0179_1701_HNN,4,False,True,0.032860927987726,0.009828639159582946,3,1
20,TK-2003-0179_1701_HNN,5,False,True,0.0618423036731855,0.020161839061515214,4,2
20,TK-1999-0294_4101_HNE,0,False,True,0.000253286993724,0.00026073063043473033,0,0
20,TK-1999-0294_4101_HNE,1,False,True,0.0007726623790144,0.0008656449159767206,0,0
20,TK-1999-0294_4101_HNE,2,False,True,0.0024203123677641,0.0024974000565650355,0,0
20,TK-1999-0294_4101_HNE,3,False,True,0.0071091003000079,0.006018008554552405,1,0
20,TK-1999-0294_4101_HNE,4,False,True,0.0078923557792364,0.017327490755332055,1,3
20,TK-1999-0294_4101_HNE,5,False,True,0.0159092199176899,0.05597373535656603,2,4
20,TK-1999-0294_4107_HNE,0,False,True,0.0002638501815712,0.0002498427161958652,0,0
20,TK-1999-0294_4107_HNE,1,False,True,0.0008731390661505,0.0009368764235859881,0,0
20,TK-1999-0294_4107_HNE,2,False,True,0.0037214937519743,0.0038357023634245056,0,0
20,TK-1999-0294_4107_HNE,3,False,True,0.0125904425773907,0.009636109780847486,2,2
20,TK-1999-0294_4107_HNE,4,False,True,0.0461554877818623,0.025724537829389306,3,3
20,TK-1999-0294_4107_HNE,5,False,True,0.1,0.040675434785119674,4,4
20,TK-1999-0294_5401_HNE,0,False,True,0.0003318988671322,0.00032394344635113627,0,0
20,TK-1999-0294_5401_HNE,1,False,True,0.0009534373316786,0.0015311847651013392,0,0
20,EMSC-20200122_0000127_GOMA_HNE,0,False,True,0.0002539671141441,0.0002546963886295877,0,0
20,EMSC-20200122_0000127_GOMA_HNE,1,False,True,0.0008214549041146,0.0006992617586830581,0,0
20,EMSC-20200122_0000127_GOMA_HNE,2,False,True,0.0017237727949939,0.0019052032795493412,0,0
20,EMSC-20200122_0000127_GOMA_HNE,3,False,True,0.0040234517162097,0.005006576465081488,0,0
20,TK-1999-0294_5401_HNE,2,False,True,0.0018354625979529,0.006336387606347871,0,0
20,TK-1999-0294_5401_HNE,3,False,True,0.0070113577777526,0.014585621269657047,1,1
20,TK-1999-0294_5401_HNE,4,False,True,0.009233852369811,0.03647430643204588,1,3
20,TK-1999-0294_5401_HNE,5,False,True,0.0170651234564982,0.0625642037945774,2,4
20,EMSC-20200122_0000127_GOMA_HNE,4,False,True,0.0076540932151239,0.007883892156942008,1,0
20,EMSC-20200122_0000127_GOMA_HNE,5,False,True,0.0184272379245952,0.012608133171907001,2,2
20,EMSC-20200122_0000127_SOMA_HNN,0,False,True,0.0002508015328799,0.0002560727363419643,0,0
20,EMSC-20200122_0000127_SOMA_HNN,1,False,True,0.0007328888682388,0.0008044759182869563,0,0
20,EMSC-20200122_0000127_SOMA_HNN,2,False,True,0.002248011011999,0.0022093487162372855,0,0
20,EMSC-20200122_0000127_SOMA_HNN,3,False,True,0.0042079438267831,0.0039679945052715415,0,0
20,EMSC-20200122_0000127_SOMA_HNN,4,False,True,0.0059960155443038,0.007821714573145734,1,1
20,EMSC-20200122_0000127_SOMA_HNN,5,False,True,0.0139162762785285,0.017535669547936956,2,2
21,TK-1999-0077_YPT_HNN,4,False,True,0.0726763791128093,0.0384929459823658,4,3
21,TK-1999-0077_YPT_HNN,5,False,True,0.1,0.06317170023053262,4,4
21,TK-1999-0077_1612_HNE,0,False,True,0.0008823719861351,0.0007205942812277418,0,0
21,TK-1999-0077_1612_HNE,1,False,True,0.0045445926816093,0.001997494586386469,0,0
21,TK-1999-0077_YPT_HNN,0,False,True,0.0007970113151977,0.0007948283022243323,0,0
21,TK-1999-0077_YPT_HNN,1,False,True,0.0021114872506105,0.0026301312811199476,0,0
21,TK-1999-0077_YPT_HNN,2,False,True,0.0073215607941885,0.005959052894364515,1,0
21,TK-1999-0077_YPT_HNN,3,False,True,0.0179213365969354,0.011843283959222429,2,2
21,TK-1999-0077_1612_HNE,2,False,True,0.0099290280090584,0.004020614112678148,1,0
21,TK-1999-0077_1612_HNE,3,False,True,0.0172573847264503,0.008623791954654224,2,1
21,TK-1999-0077_1612_HNE,4,False,True,0.0323069666486077,0.013361562085628604,3,2
21,TK-1999-0077_1612_HNE,5,False,True,0.1,0.033686123642371966,4,4
21,TK-1999-0077_4101_HNE,0,False,True,0.0009669094060874,0.0009639342526768247,0,0
21,TK-1999-0077_4101_HNE,1,False,True,0.0032491792626921,0.003745571034030558,0,0
21,TK-1999-0077_4101_HNE,2,False,True,0.0133156542637457,0.00972805245480038,2,2
21,TK-1999-0077_4101_HNE,3,False,True,0.0613693629997538,0.03541095115862251,4,3
21,TK-1999-0077_4101_HNE,4,False,True,0.1,0.10786525088520996,4,4
21,TK-1999-0077_4101_HNE,5,False,True,0.1,0.11771964447115822,4,4
21,TK-1999-0077_4106_HNN,0,False,True,0.0008965879364875,0.001077826617236742,0,0
21,TK-1999-0077_4106_HNN,1,False,True,0.0035108829115318,0.005580579585187471,0,0
21,TK-1999-0077_4106_HNN,2,False,True,0.0061091883113062,0.021377041031194692,1,2
21,TK-1999-0077_4106_HNN,3,False,True,0.0243323314082697,0.06658105431486944,2,4
21,TK-1999-0077_4106_HNN,4,False,True,0.1,0.09078024732540842,4,4
21,TK-1999-0077_4106_HNN,5,False,True,0.1,0.1557619912838854,4,4
21,TK-1999-0077_5401_HNE,0,False,True,0.0011239864796234,0.0008933059231371885,0,0
21,TK-1999-0077_5401_HNE,1,False,True,0.0035097587376027,0.004686363500086867,0,0
21,TK-1999-0077_5401_HNE,2,False,True,0.0134765369389704,0.013365846539637457,2,1
21,TK-1999-0077_5401_HNE,3,False,True,0.0306591320367797,0.045113921972426585,3,4
21,TK-1999-0077_5401_HNE,4,False,True,0.1,0.05735603682904223,4,4
21,TK-1999-0077_5401_HNE,5,False,True,0.1,0.09261879435965051,4,4
21,TK-1999-0415_487_HNN,0,False,True,0.0009184644321683,0.0008738478336248508,0,0
21,TK-1999-0415_487_HNN,1,False,True,0.0043126301871358,0.003119324213119801,0,0
21,TK-1999-0415_496_HNN,0,False,True,0.0013341697604669,0.0009866248938583781,0,0
21,TK-1999-0415_496_HNN,1,False,True,0.0041370174039925,0.004153713853074448,0,0
21,TK-1999-0415_496_HNN,2,False,True,0.0077148312165451,0.010578040878725456,1,1
21,TK-1999-0415_496_HNN,3,False,True,0.0170834551816529,0.021913630549904736,2,2
21,TK-1999-0415_487_HNN,2,False,True,0.0099937009820309,0.007128208187617446,1,1
21,TK-1999-0415_487_HNN,3,False,True,0.0193252995100138,0.013705565764685328,2,2
21,TK-1999-0415_487_HNN,4,False,True,0.0541251212163473,0.03945362021581995,3,3
21,TK-1999-0415_487_HNN,5,False,True,0.1,0.08672928855861634,4,4
21,TK-1999-0415_496_HNN,4,False,True,0.0251026430382173,0.04252578451470782,2,3
21,TK-1999-0415_496_HNN,5,False,True,0.1,0.0755087082538763,4,4
21,TK-1999-0415_498_HNN,0,False,True,0.0007272443374274,0.0009457745854568281,0,0
21,TK-1999-0415_498_HNN,1,False,True,0.0031627130933782,0.0032179431916121446,0,0
21,TK-1999-0415_498_HNN,2,False,True,0.0069374050923529,0.00763079506012888,1,1
21,TK-1999-0415_498_HNN,3,False,True,0.010772116713033,0.014367010031372578,1,2
21,TK-1999-0415_498_HNN,4,False,True,0.0220273629227648,0.03765902600179001,2,3
21,TK-1999-0415_498_HNN,5,False,True,0.1,0.06418687636357827,4,4
21,TK-1999-0415_C0362_HNN,0,False,True,0.0008299573267229,0.0007996649975820607,0,0
21,TK-1999-0415_C0362_HNN,1,False,True,0.0032727360349959,0.0019025934147174838,0,0
21,TK-1999-0415_C0362_HNN,2,False,True,0.0065178209658122,0.0036473715739723848,1,0
21,TK-1999-0415_C0362_HNN,3,False,True,0.0140663809287087,0.006345901602936184,2,1
21,TK-1999-0415_C0362_HNN,4,False,True,0.0285963480561495,0.010358373618207066,2,1
21,TK-1999-0415_C0362_HNN,5,False,True,0.1,0.01948375290398974,4,2
21,TK-1999-0415_C0375_HNN,0,False,True,0.0011155637895254,0.0012729264881266558,0,0
21,TK-1999-0415_C0375_HNN,1,False,True,0.0050004058610296,0.004297585120186518,1,0
21,TK-1999-0415_C0375_HNN,2,False,True,0.0087133422622344,0.010126273491262449,1,1
21,TK-1999-0415_C0375_HNN,3,False,True,0.0133503931452824,0.01892346519136033,2,2
21,TK-1999-0415_C0375_HNN,4,False,True,0.022491782977847,0.05004622658882113,2,3
21,TK-1999-0415_C0375_HNN,5,False,True,0.1,0.1124529035756972,4,4
21,TK-1999-0415_C1058_HNE,0,False,True,0.0008604073351764,0.0007951211430476588,0,0
21,TK-1999-0415_C1058_HNE,1,False,True,0.0045626511563707,0.0028021763315934554,0,0
21,TK-1999-0415_C1058_HNE,2,False,True,0.0118936885972351,0.009050432436030586,1,2
21,TK-1999-0415_C1058_HNE,3,False,True,0.0385548022148351,0.024415225612781765,3,2
21,TK-1999-0415_C1058_HNE,4,False,True,0.1,0.059450122759515715,4,4
21,TK-1999-0415_C1058_HNE,5,False,True,0.1,0.08308771756728606,4,4
21,TK-1999-0415_C1059_HNN,0,False,True,0.000975093907732,0.0010997014203898974,0,0
21,TK-1999-0415_C1059_HNN,1,False,True,0.0038638718936877,0.00457585897644303,0,0
21,TK-1999-0415_C1059_HNN,2,False,True,0.0077311145113906,0.010852778475480166,1,1
21,TK-1999-0415_C1059_HNN,3,False,True,0.017817471231997,0.022786835452300796,2,2
21,TK-1999-0415_C1059_HNN,4,False,True,0.0529235402113923,0.06167967253502812,3,3
21,TK-1999-0415_C1059_HNN,5,False,True,0.1,0.09186060089959143,4,4
21,TK-1999-0415_C1060_HNE,0,False,True,0.0008681056585165,0.000809967384501326,0,0
21,TK-1999-0415_C1060_HNE,1,False,True,0.0024251159159723,0.0028266994877230367,0,0
21,TK-1999-0415_C1060_HNE,2,False,True,0.0079600646897621,0.005783116885511238,1,1
21,TK-1999-0415_C1060_HNE,3,False,True,0.0134337626269197,0.010413525732392752,2,1
21,TK-1999-0415_C1060_HNE,4,False,True,0.041403001793287,0.019712442451577397,3,2
21,TK-1999-0415_C1060_HNE,5,False,True,0.1,0.060634873121354044,4,3
21,TK-1999-0415_C1061_HNE,0,False,True,0.0012641739596661,0.0011712845238802047,0,0
21,TK-1999-0415_C1061_HNE,1,False,True,0.0050558569331263,0.004559597291111689,1,0
21,TK-1999-0415_C1061_HNE,2,False,True,0.0119108186591943,0.009379195417370461,1,1
21,TK-1999-0415_C1061_HNE,3,False,True,0.0262918126615898,0.01632310475481218,2,2
21,TK-1999-0415_C1061_HNE,4,False,True,0.1,0.03288822925282377,4,3
21,TK-1999-0415_C1061_HNE,5,False,True,0.1,0.08296437929375652,4,4
21,TK-1999-0415_C1062_HNE,0,False,True,0.0007506834594954,0.0008189414073890867,0,0
21,TK-1999-0415_C1062_HNE,1,False,True,0.001999248443395,0.0025900243797017807,0,0
21,TK-1999-0415_C1062_HNE,2,False,True,0.0063380327362724,0.005449593724952756,1,1
21,TK-1999-0415_C1062_HNE,3,False,True,0.0094102240502418,0.010416864883293261,1,1
21,TK-1999-0415_C1062_HNE,4,False,True,0.0168512210500165,0.020525630652284722,2,2
21,TK-1999-0415_C1062_HNE,5,False,True,0.0333092993271752,0.06746507879782458,3,4
21,TK-1999-0415_D0531_HNN,0,False,True,0.0009401493635473,0.0008008006164792305,0,0
21,TK-1999-0415_D0531_HNN,1,False,True,0.0025378725370952,0.002888679236915557,0,0
21,TK-1999-0415_1401_HNE,0,False,True,0.0008060867965686,0.0008960308446092969,0,0
21,TK-1999-0415_1401_HNE,1,False,True,0.0027311013319971,0.0036003996267633975,0,0
21,TK-1999-0415_1401_HNE,2,False,True,0.0071040828005979,0.007642512712747371,1,1
21,TK-1999-0415_1401_HNE,3,False,True,0.008468968833102,0.012976555188530588,1,2
21,TK-1999-0415_D0531_HNN,2,False,True,0.0060050440308357,0.006866052425987272,1,1
21,TK-1999-0415_D0531_HNN,3,False,True,0.0137628859755241,0.012277518942762005,2,2
21,TK-1999-0415_D0531_HNN,4,False,True,0.0237612332100774,0.03024755261594918,2,2
21,TK-1999-0415_D0531_HNN,5,False,True,0.0686061106383128,0.0627833563670459,4,4
21,TK-1999-0415_1401_HNE,4,False,True,0.0128117397559898,0.02401178136453946,2,3
21,TK-1999-0415_1401_HNE,5,False,True,0.023092035210254,0.04463694288053833,2,3
21,TK-1999-0415_1406_HNN,0,False,True,0.000612940510219,0.0009111771764041644,0,0
21,TK-1999-0415_1406_HNN,1,False,True,0.0019953229239367,0.0031447940619396568,0,0
21,TK-1999-0415_1406_HNN,2,False,True,0.0044600236497273,0.007019124715149388,0,1
21,TK-1999-0415_1406_HNN,3,False,True,0.0087002309241036,0.012660051420414488,1,2
21,TK-1999-0415_1406_HNN,4,False,True,0.0243877930776715,0.02517721289697985,2,2
21,TK-1999-0415_1406_HNN,5,False,True,0.1,0.05629940155448649,4,4
21,TK-1999-0415_8101_HNE,0,False,True,0.0008016204337127,0.0008864354068308004,0,0
21,TK-1999-0415_8101_HNE,1,False,True,0.0025713335861023,0.0033715743913017224,0,0
21,TK-1999-0415_8101_HNE,2,False,True,0.0046523825951284,0.007427076542191971,0,1
21,TK-1999-0415_8101_HNE,3,False,True,0.0104845967694902,0.012139081820882846,1,2
21,TK-1999-0415_8101_HNE,4,False,True,0.0172524939151749,0.023002436926962102,2,2
21,TK-1999-0415_8101_HNE,5,False,True,0.0591515111005552,0.049102658718965554,3,4
21,INT-20250810_0000200_AKS_HNN,0,False,True,0.0008331748690213,0.00115298613107616,0,0
21,INT-20250810_0000200_AKS_HNN,1,False,True,0.0037124195141624,0.004825533678722052,0,0
21,INT-20250810_0000200_AKS_HNN,2,False,True,0.0060749156128742,0.01063744552225378,1,1
21,INT-20250810_0000200_AKS_HNN,3,False,True,0.0131759052642861,0.022163618155249698,2,2
21,INT-20250810_0000200_AKS_HNN,4,False,True,0.0348346505703619,0.040237694861271364,3,3
21,INT-20250810_0000200_AKS_HNN,5,False,True,0.0692774038591075,0.07848205818128032,4,4
21,INT-20250810_0000200_BALB_HNE,0,False,True,0.0011287111645289,0.0009498101671144879,0,0
21,INT-20250810_0000200_BALB_HNE,1,False,True,0.003387030239037,0.0032204014476680197,0,0
21,INT-20250810_0000200_BALB_HNE,2,False,True,0.0064942045098643,0.008079569299440433,1,1
21,INT-20250810_0000200_BALB_HNE,3,False,True,0.0135513394574156,0.014586321916549995,2,2
21,INT-20250810_0000200_BALB_HNE,4,False,True,0.0237597625199289,0.02636978427333328,2,2
21,INT-20250810_0000200_BALB_HNE,5,False,True,0.0493349915481433,0.0673707747075655,3,3
21,INT-20250810_0000200_GORD_HNN,0,False,True,0.0007315301896225,0.000817068795994561,0,0
21,INT-20250810_0000200_GORD_HNN,1,False,True,0.0041107033754471,0.002408090803850095,0,0
21,INT-20250810_0000200_GORD_HNN,2,False,True,0.0080197557857025,0.005311598140475646,1,1
21,INT-20250810_0000200_GORD_HNN,3,False,True,0.012789928642661,0.01012025198426245,2,1
21,INT-20250810_0000200_GORD_HNN,4,False,True,0.0214709852645236,0.016488339237824324,2,2
21,INT-20250810_0000200_GORD_HNN,5,False,True,0.0492107767523277,0.032165496590937655,3,3
21,INT-20250810_0000200_SOMA_HNN,0,False,True,0.0010752571732756,0.0009958550385501818,0,0
21,INT-20250810_0000200_SOMA_HNN,1,False,True,0.0035879567406689,0.003972501882733049,0,0
21,INT-20250810_0000200_SOMA_HNN,2,False,True,0.0094298091289815,0.008039668679860517,1,1
21,INT-20250810_0000200_SOMA_HNN,3,False,True,0.0137164397051288,0.014366655112307811,2,2
21,INT-20250810_0000200_SOMA_HNN,4,False,True,0.0197534081349046,0.02943674816939402,2,3
21,INT-20250810_0000200_SOMA_HNN,5,False,True,0.0390799297894031,0.07120690912538992,3,4
21,TK-1999-0294_1612_HNE,0,False,True,0.001062929053563,0.0008835907361621035,0,0
21,TK-1999-0294_1612_HNE,1,False,True,0.0059520003548109,0.0034250338600705166,1,0
21,TK-1999-0294_1612_HNE,2,False,True,0.0131764865296296,0.007135537532918048,2,1
21,TK-1999-0294_1612_HNE,3,False,True,0.022542087435599,0.012481355114309343,2,2
21,TK-1999-0294_1612_HNE,4,False,True,0.0357517331970561,0.019356973638485233,3,2
21,TK-1999-0294_1612_HNE,5,False,True,0.1,0.03758534362279516,4,2
21,TK-2003-0179_1701_HNN,0,False,True,0.0008266771772865,0.0007535108330169508,0,0
21,TK-2003-0179_1701_HNN,1,False,True,0.0025145271315632,0.002188729440062255,0,0
21,TK-2003-0179_1701_HNN,2,False,True,0.0041435594278539,0.003360741715964195,0,0
21,TK-2003-0179_1701_HNN,3,False,True,0.0075457224537135,0.005289445290833128,1,1
21,TK-2003-0179_1701_HNN,4,False,True,0.0115640830797221,0.008059381922164956,1,1
21,TK-2003-0179_1701_HNN,5,False,True,0.0180308897095676,0.01886272731331402,2,2
21,TK-1999-0294_4101_HNE,0,False,True,0.0008083336685488,0.0009620390089764536,0,0
21,TK-1999-0294_4101_HNE,1,False,True,0.0027901238895761,0.003675617130756714,0,0
21,TK-1999-0294_4101_HNE,2,False,True,0.0066384598709549,0.01280827193346869,1,1
21,TK-1999-0294_4101_HNE,3,False,True,0.0150314850470053,0.023287603382889654,2,3
21,TK-1999-0294_4101_HNE,4,False,True,0.0215516536775063,0.0366832484929942,2,2
21,TK-1999-0294_4101_HNE,5,False,True,0.036488703087235,0.0716133809609431,3,4
21,TK-1999-0294_4107_HNE,0,False,True,0.0008132825253046,0.0007436648072670147,0,0
21,TK-1999-0294_4107_HNE,1,False,True,0.0031480611644367,0.002450130650855372,0,0
21,TK-1999-0294_4107_HNE,2,False,True,0.0090489305478637,0.006327902166835751,1,1
21,TK-1999-0294_4107_HNE,3,False,True,0.0187062244832417,0.01201757436513899,2,2
21,TK-1999-0294_4107_HNE,4,False,True,0.0309657828495053,0.023106123631320436,3,2
21,TK-1999-0294_4107_HNE,5,False,True,0.0489192240222465,0.044349670938264314,3,4
21,TK-1999-0294_5401_HNE,0,False,True,0.0012193824074026,0.0017898894731424246,0,0
21,TK-1999-0294_5401_HNE,1,False,True,0.0032251039771816,0.007823960635375446,0,1
21,TK-1999-0294_5401_HNE,2,False,True,0.0080551937272412,0.01528248466843811,1,2
21,TK-1999-0294_5401_HNE,3,False,True,0.0142236479208086,0.026439036334444093,2,2
21,TK-1999-0294_5401_HNE,4,False,True,0.0456840196657327,0.06340336984242619,3,4
21,TK-1999-0294_5401_HNE,5,False,True,0.1,0.09549268342240161,4,4
21,EMSC-20200122_0000127_GOMA_HNE,0,False,True,0.0007520920355014,0.0007501622584490214,0,0
21,EMSC-20200122_0000127_GOMA_HNE,1,False,True,0.0020059046987856,0.002387249106200307,0,0
21,EMSC-20200122_0000127_GOMA_HNE,2,False,True,0.0044020520151696,0.004406877163228006,0,0
21,EMSC-20200122_0000127_GOMA_HNE,3,False,True,0.0062794374621766,0.007071784664148259,1,1
21,EMSC-20200122_0000127_GOMA_HNE,4,False,True,0.0108033691691143,0.011256374034514832,1,2
21,EMSC-20200122_0000127_GOMA_HNE,5,False,True,0.0198460787885848,0.02227224602045744,2,2
21,EMSC-20200122_0000127_SOMA_HNN,0,False,True,0.0008138104821711,0.000942948082110706,0,0
21,EMSC-20200122_0000127_SOMA_HNN,1,False,True,0.0025764870880453,0.002986924578150205,0,0
21,EMSC-20200122_0000127_SOMA_HNN,2,False,True,0.0075788645792712,0.007403534850316149,1,1
21,EMSC-20200122_0000127_SOMA_HNN,3,False,True,0.0147582174382516,0.01356268131631633,2,2
21,EMSC-20200122_0000127_SOMA_HNN,4,False,True,0.0223323005920388,0.026190476000444614,2,2
21,EMSC-20200122_0000127_SOMA_HNN,5,False,True,0.1,0.0672148411481554,4,3
22,TK-1999-0077_YPT_HNN,4,False,True,0.1,0.04600016857813565,4,3
22,TK-1999-0077_YPT_HNN,5,False,True,0.1,0.06771838565522416,4,4
22,TK-1999-0077_1612_HNE,0,False,True,0.0007923223133945,0.0006258928171915596,0,0
22,TK-1999-0077_1612_HNE,1,False,True,0.0046566248055873,0.002046659740280065,0,0
22,TK-1999-0077_YPT_HNN,0,False,True,0.00072394072983,0.000655848027828709,0,0
22,TK-1999-0077_YPT_HNN,1,False,True,0.0029596877109045,0.00214030804554084,0,0
22,TK-1999-0077_YPT_HNN,2,False,True,0.0084550055759512,0.005682703369286765,1,0
22,TK-1999-0077_YPT_HNN,3,False,True,0.024210390649158,0.014161160577022732,2,2
22,TK-1999-0077_1612_HNE,2,False,True,0.0147164195909882,0.0056576453135999275,2,0
22,TK-1999-0077_1612_HNE,3,False,True,0.0279365136096515,0.011994910613916025,2,1
22,TK-1999-0077_1612_HNE,4,False,True,0.0799612381107304,0.02858416418934392,4,2
22,TK-1999-0077_1612_HNE,5,False,True,0.1,0.0650300081792401,4,4
22,TK-1999-0077_4101_HNE,0,False,True,0.0006232967801633,0.0007391197537651826,0,0
22,TK-1999-0077_4101_HNE,1,False,True,0.0021135243555447,0.0028123369584925222,0,0
22,TK-1999-0077_4101_HNE,2,False,True,0.0056954643593527,0.007448026709948746,1,1
22,TK-1999-0077_4101_HNE,3,False,True,0.020350397036351,0.021692544941162135,2,2
22,TK-1999-0077_4101_HNE,4,False,True,0.1,0.05376830279098109,4,3
22,TK-1999-0077_4101_HNE,5,False,True,0.0761410950922301,0.09707987566230832,4,4
22,TK-1999-0077_4106_HNN,0,False,True,0.000605788848422,0.0008194473430064663,0,0
22,TK-1999-0077_4106_HNN,1,False,True,0.0032726167787052,0.004530101184383239,0,0
22,TK-1999-0077_4106_HNN,2,False,True,0.0085717333477215,0.018316044412451375,1,2
22,TK-1999-0077_4106_HNN,3,False,True,0.0210450661598403,0.06326380787762943,2,4
22,TK-1999-0077_4106_HNN,4,False,True,0.1,0.10054249881854749,4,4
22,TK-1999-0077_4106_HNN,5,False,True,0.1,0.15561365922617712,4,4
22,TK-1999-0077_5401_HNE,0,False,True,0.0007637965314814,0.0007656105877820285,0,0
22,TK-1999-0077_5401_HNE,1,False,True,0.0039619839782263,0.00421752067701571,0,0
22,TK-1999-0077_5401_HNE,2,False,True,0.0127335984921896,0.01270989813364629,2,2
22,TK-1999-0077_5401_HNE,3,False,True,0.0320993308565333,0.037611815490143155,3,4
22,TK-1999-0077_5401_HNE,4,False,True,0.1,0.05676713612959181,4,4
22,TK-1999-0077_5401_HNE,5,False,True,0.1,0.09954983783545975,4,4
22,TK-1999-0415_487_HNN,0,False,True,0.0006214560950374,0.0007005066369003575,0,0
22,TK-1999-0415_487_HNN,1,False,True,0.0016809709824527,0.00216816690225614,0,0
22,TK-1999-0415_496_HNN,0,False,True,0.0014413303041042,0.0009216949576989018,0,0
22,TK-1999-0415_496_HNN,1,False,True,0.0051568266397467,0.004473450472435468,1,1
22,TK-1999-0415_496_HNN,2,False,True,0.0093552524501528,0.01069692538488616,1,1
22,TK-1999-0415_496_HNN,3,False,True,0.0159385693129664,0.02265215127203469,2,2
22,TK-1999-0415_487_HNN,2,False,True,0.0052653316166044,0.00454553644354646,1,0
22,TK-1999-0415_487_HNN,3,False,True,0.0099353117586684,0.008290405317454976,1,1
22,TK-1999-0415_487_HNN,4,False,True,0.0178984102240355,0.016318230675371446,2,2
22,TK-1999-0415_487_HNN,5,False,True,0.0460808745688864,0.03960799424906784,3,3
22,TK-1999-0415_496_HNN,4,False,True,0.0363862859030114,0.035618220670613265,3,3
22,TK-1999-0415_496_HNN,5,False,True,0.1,0.07581368896186003,4,4
22,TK-1999-0415_498_HNN,0,False,True,0.0007225994781569,0.0007672928093256792,0,0
22,TK-1999-0415_498_HNN,1,False,True,0.0022428987836888,0.0025200250487318696,0,0
22,TK-1999-0415_498_HNN,2,False,True,0.0076463187755313,0.00662614126759387,1,1
22,TK-1999-0415_498_HNN,3,False,True,0.0115580052835341,0.012633841948394557,1,1
22,TK-1999-0415_498_HNN,4,False,True,0.0204194550156446,0.03151142487447488,2,3
22,TK-1999-0415_498_HNN,5,False,True,0.1,0.05235936598102842,4,4
22,TK-1999-0415_C0362_HNN,0,False,True,0.0006934153844555,0.0006486708095393916,0,0
22,TK-1999-0415_C0362_HNN,1,False,True,0.0028314255254681,0.0016849427519827645,0,0
22,TK-1999-0415_C0362_HNN,2,False,True,0.0073127192623448,0.0034315665058229096,1,0
22,TK-1999-0415_C0362_HNN,3,False,True,0.0159951724478895,0.005908850086768963,2,1
22,TK-1999-0415_C0362_HNN,4,False,True,0.0360813808497543,0.0101534884962722,3,1
22,TK-1999-0415_C0362_HNN,5,False,True,0.1,0.018432003657140657,4,2
22,TK-1999-0415_C0375_HNN,0,False,True,0.000947013301855,0.0013152629733055364,0,0
22,TK-1999-0415_C0375_HNN,1,False,True,0.005523209941489,0.004788795881478382,1,1
22,TK-1999-0415_C0375_HNN,2,False,True,0.0099108988636265,0.01057931271511577,1,1
22,TK-1999-0415_C0375_HNN,3,False,True,0.0154764907370864,0.019951783028371396,2,2
22,TK-1999-0415_C0375_HNN,4,False,True,0.030454752422442,0.04049520818241554,3,3
22,TK-1999-0415_C0375_HNN,5,False,True,0.1,0.10508079659930054,4,4
22,TK-1999-0415_C1058_HNE,0,False,True,0.0007299338984252,0.0007069164622945566,0,0
22,TK-1999-0415_C1058_HNE,1,False,True,0.0036485946551879,0.0025288252289457657,0,0
22,TK-1999-0415_C1058_HNE,2,False,True,0.0158353636507071,0.00864856883348584,2,1
22,TK-1999-0415_C1058_HNE,3,False,True,0.0496769047848559,0.025053563954700857,3,1
22,TK-1999-0415_C1058_HNE,4,False,True,0.1,0.0454480285386924,4,4
22,TK-1999-0415_C1058_HNE,5,False,True,0.1,0.0703402987256148,4,4
22,TK-1999-0415_C1059_HNN,0,False,True,0.0008489033946459,0.0008186424901322142,0,0
22,TK-1999-0415_C1059_HNN,1,False,True,0.0035402145089498,0.003514956018238588,0,0
22,TK-1999-0415_C1059_HNN,2,False,True,0.0071655120643681,0.008746987986459998,1,1
22,TK-1999-0415_C1059_HNN,3,False,True,0.0158048788869657,0.01829823037198425,2,2
22,TK-1999-0415_C1059_HNN,4,False,True,0.0373448671114195,0.04967433523215921,3,3
22,TK-1999-0415_C1059_HNN,5,False,True,0.1,0.06898520595771808,4,4
22,TK-1999-0415_C1060_HNE,0,False,True,0.0007262331196964,0.0006564113828977343,0,0
22,TK-1999-0415_C1060_HNE,1,False,True,0.0024422814470081,0.0019917031723190553,0,0
22,TK-1999-0415_C1060_HNE,2,False,True,0.0051971879888596,0.004612813971696826,1,0
22,TK-1999-0415_C1060_HNE,3,False,True,0.0131737167985381,0.008380997986399602,2,1
22,TK-1999-0415_C1060_HNE,4,False,True,0.0251280413141232,0.015359701317059705,2,1
22,TK-1999-0415_C1060_HNE,5,False,True,0.1,0.038961712872140286,4,3
22,TK-1999-0415_C1061_HNE,0,False,True,0.0006780001301729,0.0007657476192081998,0,0
22,TK-1999-0415_C1061_HNE,1,False,True,0.0029515537583515,0.0026347152807721114,0,0
22,TK-1999-0415_C1061_HNE,2,False,True,0.0074743524713924,0.006935302470811397,1,1
22,TK-1999-0415_C1061_HNE,3,False,True,0.01361670529912,0.011526864609805688,2,1
22,TK-1999-0415_C1061_HNE,4,False,True,0.0283621245893268,0.018522393052795315,2,2
22,TK-1999-0415_C1061_HNE,5,False,True,0.1,0.04091365345394684,4,3
22,TK-1999-0415_C1062_HNE,0,False,True,0.000630589440428,0.0006664936773452307,0,0
22,TK-1999-0415_C1062_HNE,1,False,True,0.0021773497504439,0.002110360045311418,0,0
22,TK-1999-0415_C1062_HNE,2,False,True,0.0033478695405249,0.004626696840922868,0,1
22,TK-1999-0415_C1062_HNE,3,False,True,0.0087021445098681,0.009569049835217183,1,1
22,TK-1999-0415_C1062_HNE,4,False,True,0.0112654708950807,0.01468361683213934,1,2
22,TK-1999-0415_C1062_HNE,5,False,True,0.0227230073212301,0.03552622240612352,2,3
22,TK-1999-0415_D0531_HNN,0,False,True,0.000664922924929,0.0006165455290154371,0,0
22,TK-1999-0415_D0531_HNN,1,False,True,0.0023109767679619,0.0017185833613123042,0,0
22,TK-1999-0415_D0531_HNN,2,False,True,0.0048788988017652,0.0039256765056933434,0,0
22,TK-1999-0415_D0531_HNN,3,False,True,0.0076232531898855,0.008059912871488916,1,1
22,TK-1999-0415_D0531_HNN,4,False,True,0.0132254181417837,0.016506262391522572,2,2
22,TK-1999-0415_D0531_HNN,5,False,True,0.0361566884344924,0.038269851263153624,3,3
22,TK-1999-0415_1401_HNE,0,False,True,0.0007106757791889,0.000693690935267543,0,0
22,TK-1999-0415_1401_HNE,1,False,True,0.0027332168254105,0.003098410352722138,0,0
22,TK-1999-0415_1401_HNE,2,False,True,0.0084633432710274,0.0075947865989763365,1,1
22,TK-1999-0415_1401_HNE,3,False,True,0.012949193701001,0.013464643391384933,2,2
22,TK-1999-0415_1401_HNE,4,False,True,0.0166634274876704,0.025146892399487024,2,2
22,TK-1999-0415_1401_HNE,5,False,True,0.0241623455033773,0.045395476785766255,2,3
22,TK-1999-0415_1406_HNN,0,False,True,0.0006696589007502,0.0007168416190448404,0,0
22,TK-1999-0415_1406_HNN,1,False,True,0.0017188818665829,0.002323256772536896,0,0
22,TK-1999-0415_1406_HNN,2,False,True,0.0048542044318442,0.006488752469913223,0,1
22,TK-1999-0415_1406_HNN,3,False,True,0.0071209336943764,0.011184385241891717,1,1
22,TK-1999-0415_1406_HNN,4,False,True,0.0145851749406227,0.01943387108890097,2,2
22,TK-1999-0415_1406_HNN,5,False,True,0.0760672812734874,0.043453015391932186,4,3
22,TK-1999-0415_8101_HNE,0,False,True,0.0007177820208642,0.0006617184248919001,0,0
22,TK-1999-0415_8101_HNE,1,False,True,0.0031090910998706,0.002935837088746369,0,0
22,TK-1999-0415_8101_HNE,2,False,True,0.0061678800937282,0.006924178751084757,1,1
22,TK-1999-0415_8101_HNE,3,False,True,0.0112898097598641,0.01403576181124993,1,2
22,TK-1999-0415_8101_HNE,4,False,True,0.020996731048665,0.02772857043062718,2,3
22,TK-1999-0415_8101_HNE,5,False,True,0.0713411155320429,0.0520628357662318,4,4
22,INT-20250810_0000200_AKS_HNN,0,False,True,0.0006365035851132,0.000696672686057099,0,0
22,INT-20250810_0000200_AKS_HNN,1,False,True,0.0017321935274497,0.0027587052373302724,0,0
22,INT-20250810_0000200_AKS_HNN,2,False,True,0.0046824495396775,0.00687388576670617,0,1
22,INT-20250810_0000200_AKS_HNN,3,False,True,0.0075376087475011,0.013881983527692142,1,2
22,INT-20250810_0000200_AKS_HNN,4,False,True,0.0105084363062841,0.027768009257092878,1,2
22,INT-20250810_0000200_AKS_HNN,5,False,True,0.0441449223468982,0.05524175779990848,3,4
22,INT-20250810_0000200_BALB_HNE,0,False,True,0.0007303020563746,0.0007120999738945287,0,0
22,INT-20250810_0000200_BALB_HNE,1,False,True,0.0028783975730153,0.002632465637844784,0,0
22,INT-20250810_0000200_BALB_HNE,2,False,True,0.0059384396617189,0.006433652696743049,1,1
22,INT-20250810_0000200_BALB_HNE,3,False,True,0.0085970327208352,0.012373615983852974,1,1
22,INT-20250810_0000200_BALB_HNE,4,False,True,0.0181838855290243,0.019041937145370818,2,2
22,INT-20250810_0000200_BALB_HNE,5,False,True,0.0352114113419884,0.04768803825469992,3,3
22,INT-20250810_0000200_GORD_HNN,0,False,True,0.0006088791796355,0.0006645886490271534,0,0
22,INT-20250810_0000200_GORD_HNN,1,False,True,0.0017106750979942,0.0020438302930491964,0,0
22,INT-20250810_0000200_SOMA_HNN,0,False,True,0.0006959816284944,0.0006688964139525374,0,0
22,INT-20250810_0000200_SOMA_HNN,1,False,True,0.0015624394717148,0.0020484638702144902,0,0
22,INT-20250810_0000200_SOMA_HNN,2,False,True,0.0042756932999228,0.005647290316836912,0,1
22,INT-20250810_0000200_SOMA_HNN,3,False,True,0.0098356699196049,0.009553145845916227,1,1
22,INT-20250810_0000200_GORD_HNN,2,False,True,0.0064551729996306,0.003957852041147602,1,0
22,INT-20250810_0000200_GORD_HNN,3,False,True,0.0084699114433021,0.00677381661628943,1,1
22,INT-20250810_0000200_GORD_HNN,4,False,True,0.0141154555913038,0.010147124923144603,2,1
22,INT-20250810_0000200_GORD_HNN,5,False,True,0.0231555715585498,0.021914971949833127,2,2
22,INT-20250810_0000200_SOMA_HNN,4,False,True,0.0146002967973842,0.017347678369504158,2,2
22,INT-20250810_0000200_SOMA_HNN,5,False,True,0.0213671042060625,0.03563226296403568,2,3
22,TK-1999-0294_1612_HNE,0,False,True,0.0006744453601549,0.0006817727232409803,0,0
22,TK-1999-0294_1612_HNE,1,False,True,0.0017111002292293,0.0020833651822420333,0,0
22,TK-1999-0294_1612_HNE,2,False,True,0.008012255047673,0.005909093379402716,1,1
22,TK-1999-0294_1612_HNE,3,False,True,0.0142920762382323,0.011203613791377095,2,2
22,TK-1999-0294_1612_HNE,4,False,True,0.0244029854036404,0.015345744014550643,2,2
22,TK-1999-0294_1612_HNE,5,False,True,0.0425575061128346,0.02816941588023954,3,2
22,TK-2003-0179_1701_HNN,0,False,True,0.0006960562075174,0.0006327749317705626,0,0
22,TK-2003-0179_1701_HNN,1,False,True,0.0029167660375623,0.0019187287465142037,0,0
22,TK-2003-0179_1701_HNN,2,False,True,0.0054294240005527,0.0033820223525186342,1,0
22,TK-2003-0179_1701_HNN,3,False,True,0.0092455922521167,0.005491150697273064,1,1
22,TK-2003-0179_1701_HNN,4,False,True,0.0132896695259591,0.008262584743006066,2,1
22,TK-2003-0179_1701_HNN,5,False,True,0.0207206841426103,0.017203447714429138,2,2
22,TK-1999-0294_4101_HNE,0,False,True,0.0007066454289706,0.000672959029312175,0,0
22,TK-1999-0294_4101_HNE,1,False,True,0.0021356330599377,0.0029215823591687423,0,0
22,TK-1999-0294_4101_HNE,2,False,True,0.0052918350410479,0.008857495177055032,1,1
22,TK-1999-0294_4101_HNE,3,False,True,0.0083671977070689,0.01892454563517324,1,2
22,TK-1999-0294_4101_HNE,4,False,True,0.0177372678118546,0.03112044560362189,2,3
22,TK-1999-0294_4101_HNE,5,False,True,0.0259971660915717,0.05280298994758812,2,4
22,TK-1999-0294_4107_HNE,0,False,True,0.0006671212515461,0.0006122114869155245,0,0
22,TK-1999-0294_4107_HNE,1,False,True,0.0023774779619768,0.0021455796315702816,0,0
22,TK-1999-0294_4107_HNE,2,False,True,0.0082466137040555,0.006137968621815196,1,1
22,TK-1999-0294_4107_HNE,3,False,True,0.0186302240645331,0.01081308194839344,2,2
22,TK-1999-0294_4107_HNE,4,False,True,0.0332489204738832,0.019896950566805675,3,2
22,TK-1999-0294_4107_HNE,5,False,True,0.0563053505191651,0.038127431944050987,3,4
22,TK-1999-0294_5401_HNE,0,False,True,0.0007045907392909,0.001364457258997277,0,0
22,TK-1999-0294_5401_HNE,1,False,True,0.002894632072747,0.0068278814891491735,0,0
22,TK-1999-0294_5401_HNE,2,False,True,0.006298334210813,0.012665327647907815,1,1
22,TK-1999-0294_5401_HNE,3,False,True,0.0113889076582879,0.02272758633119162,1,2
22,TK-1999-0294_5401_HNE,4,False,True,0.0205001828828388,0.041982549576854045,2,2
22,TK-1999-0294_5401_HNE,5,False,True,0.1,0.09694742188712759,4,4
22,EMSC-20200122_0000127_GOMA_HNE,0,False,True,0.0006231935163123,0.000618642867325959,0,0
22,EMSC-20200122_0000127_GOMA_HNE,1,False,True,0.0020463237651275,0.001508146985172454,0,0
22,EMSC-20200122_0000127_GOMA_HNE,2,False,True,0.0044240769588788,0.003108627834274392,0,0
22,EMSC-20200122_0000127_GOMA_HNE,3,False,True,0.006413309952195,0.006223640447605569,1,1
22,EMSC-20200122_0000127_GOMA_HNE,4,False,True,0.0089474672347736,0.011370437939065807,1,2
22,EMSC-20200122_0000127_GOMA_HNE,5,False,True,0.0166422679655437,0.019614431130196515,2,2
22,EMSC-20200122_0000127_SOMA_HNN,0,False,True,0.0006572080087561,0.0006561285642974809,0,0
22,EMSC-20200122_0000127_SOMA_HNN,1,False,True,0.0016056439829,0.0018684501437853612,0,0
22,EMSC-20200122_0000127_SOMA_HNN,2,False,True,0.0042224283438571,0.0041212037830465785,0,1
22,EMSC-20200122_0000127_SOMA_HNN,3,False,True,0.008177887036644,0.009289473788843186,1,1
22,EMSC-20200122_0000127_SOMA_HNN,4,False,True,0.0141695825544094,0.014019051180261484,2,2
22,EMSC-20200122_0000127_SOMA_HNN,5,False,True,0.0250266062601254,0.031775785514861536,2,3
23,TK-1999-0077_YPT_HNN,4,False,True,0.1,0.07680707897833479,4,4
23,TK-1999-0077_YPT_HNN,5,False,True,0.1,0.08028743598138358,4,4
23,TK-1999-0077_1612_HNE,0,False,True,0.0012574152877727,0.0008382249549786251,0,0
23,TK-1999-0077_1612_HNE,1,False,True,0.0061956240262234,0.0020772837459261833,1,0
23,TK-1999-0077_YPT_HNN,0,False,True,0.0014033541320217,0.0010546670950316497,0,0
23,TK-1999-0077_YPT_HNN,1,False,True,0.0058798353629111,0.003161161593577899,1,0
23,TK-1999-0077_YPT_HNN,2,False,True,0.0185043956835369,0.008548483094319654,2,1
23,TK-1999-0077_YPT_HNN,3,False,True,0.1,0.039555680244568556,4,3
23,TK-1999-0077_1612_HNE,2,False,True,0.0115819068338351,0.004363889479569493,1,1
23,TK-1999-0077_1612_HNE,3,False,True,0.0194041092673662,0.008452269633245251,2,1
23,TK-1999-0077_1612_HNE,4,False,True,0.1,0.020625194384928998,4,4
23,TK-1999-0077_1612_HNE,5,False,True,0.1,0.042410961913908335,4,4
23,TK-1999-0077_4101_HNE,0,False,True,0.0009927067009556,0.0013127468662305444,0,0
23,TK-1999-0077_4101_HNE,1,False,True,0.0036884745613298,0.004672032278255404,0,1
23,TK-1999-0077_4101_HNE,2,False,True,0.0139988201624309,0.009785594932534222,2,2
23,TK-1999-0077_4101_HNE,3,False,True,0.0665106214902593,0.03668721595962243,4,3
23,TK-1999-0077_4101_HNE,4,False,True,0.1,0.10112945959290871,4,4
23,TK-1999-0077_4101_HNE,5,False,True,0.1,0.11401968452235925,4,4
23,TK-1999-0077_4106_HNN,0,False,True,0.0009917122427035,0.0015509473581092883,0,0
23,TK-1999-0077_4106_HNN,1,False,True,0.0020807196408308,0.007141611871065323,0,1
23,TK-1999-0077_4106_HNN,2,False,True,0.0079957475178072,0.021369971532729164,1,2
23,TK-1999-0077_4106_HNN,3,False,True,0.0586025706380825,0.07050001911335593,3,4
23,TK-1999-0077_4106_HNN,4,False,True,0.1,0.09738886341013313,4,4
23,TK-1999-0077_4106_HNN,5,False,True,0.1,0.15132162758765996,4,4
23,TK-1999-0077_5401_HNE,4,False,True,0.1,0.0673906386582416,4,4
23,TK-1999-0077_5401_HNE,5,False,True,0.1,0.09053853893433939,4,4
23,TK-1999-0415_487_HNN,0,False,True,0.0012478199008381,0.001095488349710786,0,0
23,TK-1999-0415_487_HNN,1,False,True,0.0040472944454349,0.0033430361527355705,0,0
23,TK-1999-0077_5401_HNE,0,False,True,0.0011067178557531,0.0011604800023048327,0,0
23,TK-1999-0077_5401_HNE,1,False,True,0.0047956473493278,0.00528088892814091,0,1
23,TK-1999-0077_5401_HNE,2,False,True,0.0127483483004187,0.014429473928382109,2,1
23,TK-1999-0077_5401_HNE,3,False,True,0.0374464984743384,0.05300876798706591,3,4
23,TK-1999-0415_487_HNN,2,False,True,0.0095298084845586,0.007367175017434208,1,1
23,TK-1999-0415_487_HNN,3,False,True,0.0177388688259623,0.015866632129109742,2,1
23,TK-1999-0415_487_HNN,4,False,True,0.0744695323785543,0.04165472881341772,4,3
23,TK-1999-0415_487_HNN,5,False,True,0.1,0.08681948982186322,4,4
23,TK-1999-0415_496_HNN,0,False,True,0.001475636658904,0.0018375879432278265,0,0
23,TK-1999-0415_496_HNN,1,False,True,0.0051137499486085,0.006879144428981358,1,1
23,TK-1999-0415_496_HNN,2,False,True,0.0127014909361274,0.01843579353137838,2,2
23,TK-1999-0415_496_HNN,3,False,True,0.0225577513596512,0.03649210176755152,2,2
23,TK-1999-0415_496_HNN,4,False,True,0.1,0.0838323666816384,4,4
23,TK-1999-0415_496_HNN,5,False,True,0.1,0.10314018669430963,4,4
23,TK-1999-0415_498_HNN,0,False,True,0.0015034317399872,0.0012620785281128278,0,0
23,TK-1999-0415_498_HNN,1,False,True,0.0042722734798688,0.003966221727823462,0,0
23,TK-1999-0415_498_HNN,2,False,True,0.0082952276260205,0.01008291655551633,1,1
23,TK-1999-0415_498_HNN,3,False,True,0.0166728193581439,0.02471228276737218,2,2
23,TK-1999-0415_498_HNN,4,False,True,0.0745989391175935,0.05457181498774189,4,4
23,TK-1999-0415_498_HNN,5,False,True,0.1,0.09576422925177981,4,4
23,TK-1999-0415_C0362_HNN,0,False,True,0.0010103834401832,0.0009054979753651162,0,0
23,TK-1999-0415_C0362_HNN,1,False,True,0.0030919237588752,0.001843573786670648,0,0
23,TK-1999-0415_C0362_HNN,2,False,True,0.006282886108811,0.0025988293074617743,1,0
23,TK-1999-0415_C0362_HNN,3,False,True,0.0119330928825069,0.005950880015838969,1,1
23,TK-1999-0415_C0362_HNN,4,False,True,0.0244754753256001,0.009578794241049564,2,1
23,TK-1999-0415_C0362_HNN,5,False,True,0.1,0.014425557288605733,4,2
23,TK-1999-0415_C0375_HNN,0,False,True,0.0044407497122701,0.002057337851226442,0,0
23,TK-1999-0415_C0375_HNN,1,False,True,0.008470019647965,0.007783497553494989,1,1
23,TK-1999-0415_C0375_HNN,2,False,True,0.0159449306890159,0.018934397140532466,2,2
23,TK-1999-0415_C0375_HNN,3,False,True,0.1,0.060246412027777974,4,4
23,TK-1999-0415_C0375_HNN,4,False,True,0.1,0.10196839608140094,4,4
23,TK-1999-0415_C0375_HNN,5,False,True,0.1,0.1256390748053247,4,4
23,TK-1999-0415_C1058_HNE,0,False,True,0.0012651295424088,0.001045229766135952,0,0
23,TK-1999-0415_C1058_HNE,1,False,True,0.0066305629335316,0.003275198073094625,1,0
23,TK-1999-0415_C1058_HNE,2,False,True,0.0121474859885985,0.009857716440369837,2,2
23,TK-1999-0415_C1058_HNE,3,False,True,0.0476755340584415,0.02826146325566527,3,2
23,TK-1999-0415_C1058_HNE,4,False,True,0.1,0.07085461492808207,4,4
23,TK-1999-0415_C1058_HNE,5,False,True,0.1,0.09038994734440192,4,4
23,TK-1999-0415_C1059_HNN,0,False,True,0.0010261421229673,0.0014524701946485757,0,0
23,TK-1999-0415_C1059_HNN,1,False,True,0.0039649192026889,0.004779637506083152,0,0
23,TK-1999-0415_C1059_HNN,2,False,True,0.0085631707485518,0.010568155969727966,1,1
23,TK-1999-0415_C1059_HNN,3,False,True,0.0157737021442927,0.021336170031518338,2,2
23,TK-1999-0415_C1059_HNN,4,False,True,0.0584370129649367,0.0735511431443116,3,4
23,TK-1999-0415_C1059_HNN,5,False,True,0.1,0.0979053043845872,4,4
23,TK-1999-0415_C1060_HNE,0,False,True,0.000945396636848,0.0012069429302175,0,0
23,TK-1999-0415_C1060_HNE,1,False,True,0.0055682640383438,0.003366105649731307,1,0
23,TK-1999-0415_C1060_HNE,2,False,True,0.0099017755346959,0.0073661761122197356,1,1
23,TK-1999-0415_C1060_HNE,3,False,True,0.0268323160084557,0.016691296513251887,2,2
23,TK-1999-0415_C1060_HNE,4,False,True,0.1,0.04525460463378959,4,3
23,TK-1999-0415_C1060_HNE,5,False,True,0.1,0.10063580907077582,4,4
23,TK-1999-0415_C1061_HNE,0,False,True,0.0016674057666551,0.001206232846558384,0,0
23,TK-1999-0415_C1061_HNE,1,False,True,0.0048965400057669,0.004128524793705395,0,1
23,TK-1999-0415_C1061_HNE,2,False,True,0.008975387578741,0.008523688784760652,1,1
23,TK-1999-0415_C1061_HNE,3,False,True,0.0202822255429259,0.015837548496777376,2,2
23,TK-1999-0415_C1061_HNE,4,False,True,0.1,0.033356006321473,4,3
23,TK-1999-0415_C1061_HNE,5,False,True,0.1,0.06584726061355907,4,4
23,TK-1999-0415_C1062_HNE,0,False,True,0.0013770908713399,0.0011870345710059474,0,0
23,TK-1999-0415_C1062_HNE,1,False,True,0.0054068644247727,0.004166667883469694,1,0
23,TK-1999-0415_C1062_HNE,2,False,True,0.0092550258747657,0.010309457376519513,1,1
23,TK-1999-0415_C1062_HNE,3,False,True,0.0162120117224344,0.024041267737756562,2,2
23,TK-1999-0415_C1062_HNE,4,False,True,0.0537411563638242,0.07244602440547929,3,4
23,TK-1999-0415_C1062_HNE,5,False,True,0.1,0.09946352704562297,4,4
23,TK-1999-0415_D0531_HNN,0,False,True,0.0009526693087805,0.001319724137765661,0,0
23,TK-1999-0415_D0531_HNN,1,False,True,0.0042794852627743,0.0040062618744937835,0,0
23,TK-1999-0415_1401_HNE,0,False,True,0.0009727708835871,0.001307636474992131,0,0
23,TK-1999-0415_1401_HNE,1,False,True,0.0032268326070547,0.0050362655531178075,0,0
23,TK-1999-0415_1401_HNE,2,False,True,0.0051160216963774,0.008773096461364307,1,1
23,TK-1999-0415_1401_HNE,3,False,True,0.0088320542710646,0.015584859429884239,1,2
23,TK-1999-0415_D0531_HNN,2,False,True,0.0085881441079984,0.008819962869271905,1,1
23,TK-1999-0415_D0531_HNN,3,False,True,0.0198408758845325,0.020949908561185775,2,2
23,TK-1999-0415_D0531_HNN,4,False,True,0.041772990771387,0.05665846244860074,3,4
23,TK-1999-0415_D0531_HNN,5,False,True,0.1,0.08629493913490323,4,4
23,TK-1999-0415_1401_HNE,4,False,True,0.0125457639440616,0.028780129001244874,2,2
23,TK-1999-0415_1401_HNE,5,False,True,0.0200265561607202,0.05172957594796659,2,4
23,TK-1999-0415_1406_HNN,0,False,True,0.0013895371129308,0.0013414277652886047,0,0
23,TK-1999-0415_1406_HNN,1,False,True,0.0037577432863903,0.004767061882350235,0,1
23,TK-1999-0415_1406_HNN,2,False,True,0.0116217630843845,0.0103304279676677,1,1
23,TK-1999-0415_1406_HNN,3,False,True,0.0490272743539052,0.020367782491069585,3,2
23,TK-1999-0415_1406_HNN,4,False,True,0.1,0.05775152014638103,4,3
23,TK-1999-0415_1406_HNN,5,False,True,0.1,0.10796757982250099,4,4
23,TK-1999-0415_8101_HNE,4,False,True,0.04930866628486,0.048841555503757864,3,3
23,TK-1999-0415_8101_HNE,5,False,True,0.1,0.07251523971352368,4,4
23,INT-20250810_0000200_AKS_HNN,0,False,True,0.0010863890386519,0.0014093605225551447,0,0
23,INT-20250810_0000200_AKS_HNN,1,False,True,0.0038238237839231,0.0052783325431206675,0,1
23,TK-1999-0415_8101_HNE,0,False,True,0.0009939933941996,0.001400085771613937,0,0
23,TK-1999-0415_8101_HNE,1,False,True,0.0038153852170698,0.0052816717424730205,0,0
23,TK-1999-0415_8101_HNE,2,False,True,0.0104932089464113,0.01332033587569468,1,1
23,TK-1999-0415_8101_HNE,3,False,True,0.0178135461996409,0.02480067035923767,2,2
23,INT-20250810_0000200_BALB_HNE,0,False,True,0.0010559795072412,0.0011677077836309627,0,0
23,INT-20250810_0000200_BALB_HNE,1,False,True,0.0024639490827654,0.0034111424543648117,0,0
23,INT-20250810_0000200_BALB_HNE,2,False,True,0.0059311056632502,0.007518381897814141,1,1
23,INT-20250810_0000200_BALB_HNE,3,False,True,0.0105729541615144,0.013749557968182786,1,1
23,INT-20250810_0000200_AKS_HNN,2,False,True,0.0082869463654101,0.012462286867359933,1,2
23,INT-20250810_0000200_AKS_HNN,3,False,True,0.0201190815695819,0.03155711898025816,2,3
23,INT-20250810_0000200_AKS_HNN,4,False,True,0.0485882451364556,0.04674912207299064,3,4
23,INT-20250810_0000200_AKS_HNN,5,False,True,0.1,0.08508992006128865,4,4
23,INT-20250810_0000200_BALB_HNE,4,False,True,0.0187106196394727,0.023449316115561693,2,2
23,INT-20250810_0000200_BALB_HNE,5,False,True,0.0368700730531873,0.06543063219282881,3,4
23,INT-20250810_0000200_GORD_HNN,0,False,True,0.0011227814650198,0.0010406687818061084,0,0
23,INT-20250810_0000200_GORD_HNN,1,False,True,0.0039653726971398,0.0030293002149857054,0,0
23,INT-20250810_0000200_GORD_HNN,2,False,True,0.0068442315055491,0.005630539786921089,1,1
23,INT-20250810_0000200_GORD_HNN,3,False,True,0.0119071845276564,0.010345944639210496,1,1
23,INT-20250810_0000200_GORD_HNN,4,False,True,0.0211424418158685,0.01509093618843868,2,2
23,INT-20250810_0000200_GORD_HNN,5,False,True,0.0726687463736065,0.03803731483777787,4,3
23,INT-20250810_0000200_SOMA_HNN,0,False,True,0.0009856650787761,0.0012597125712237383,0,0
23,INT-20250810_0000200_SOMA_HNN,1,False,True,0.0046719970976617,0.004047243890446818,0,0
23,INT-20250810_0000200_SOMA_HNN,2,False,True,0.0094699315595254,0.008534973425496396,1,1
23,INT-20250810_0000200_SOMA_HNN,3,False,True,0.011890187095003,0.01669830322876769,1,2
23,INT-20250810_0000200_SOMA_HNN,4,False,True,0.0181434009908571,0.03981350588296149,2,3
23,INT-20250810_0000200_SOMA_HNN,5,False,True,0.0485631095237668,0.08176819745455778,3,4
23,TK-1999-0294_1612_HNE,0,False,True,0.0014344043256557,0.000929399834789272,0,0
23,TK-1999-0294_1612_HNE,1,False,True,0.0045227521858964,0.002330554681485732,0,0
23,TK-1999-0294_1612_HNE,2,False,True,0.0101636505327989,0.005376020080031673,1,1
23,TK-1999-0294_1612_HNE,3,False,True,0.0163093922867488,0.010866362154229602,2,1
23,TK-1999-0294_1612_HNE,4,False,True,0.0241489249376395,0.01900926104828087,2,2
23,TK-1999-0294_1612_HNE,5,False,True,0.1,0.0348701460091989,4,3
23,TK-2003-0179_1701_HNN,0,False,True,0.0009298887766397,0.001034680515060899,0,0
23,TK-2003-0179_1701_HNN,1,False,True,0.002130386817871,0.0028839050973868035,0,0
23,TK-2003-0179_1701_HNN,2,False,True,0.0051411090109913,0.0037587376084080733,1,0
23,TK-2003-0179_1701_HNN,3,False,True,0.0078500760892598,0.006663374601660016,1,1
23,TK-1999-0294_4101_HNE,2,False,True,0.0145294897268164,0.018187849866808364,2,2
23,TK-1999-0294_4101_HNE,3,False,True,0.0215320356012004,0.02898682453554183,2,2
23,TK-1999-0294_4101_HNE,4,False,True,0.0660436868610941,0.06713454040362381,4,4
23,TK-1999-0294_4101_HNE,5,False,True,0.1,0.11898308619065227,4,4
23,TK-2003-0179_1701_HNN,4,False,True,0.011934353475999,0.01030690517847776,1,2
23,TK-2003-0179_1701_HNN,5,False,True,0.0261018656298626,0.02440936900865129,2,2
23,TK-1999-0294_4101_HNE,0,False,True,0.0014559522006543,0.0015445552015931842,0,0
23,TK-1999-0294_4101_HNE,1,False,True,0.0058366093152536,0.006854053871576116,1,0
23,TK-1999-0294_4107_HNE,0,False,True,0.0012254348518649,0.00102233504494563,0,0
23,TK-1999-0294_4107_HNE,1,False,True,0.0037838437256129,0.002970028914209914,0,0
23,TK-1999-0294_4107_HNE,2,False,True,0.0105699149463002,0.007507114199200314,1,1
23,TK-1999-0294_4107_HNE,3,False,True,0.0186657116519693,0.015243417412929396,2,2
23,TK-1999-0294_4107_HNE,4,False,True,0.0285127081879911,0.034324444960336056,2,2
23,TK-1999-0294_4107_HNE,5,False,True,0.0558429041665596,0.04667507514166486,3,4
23,TK-1999-0294_5401_HNE,0,False,True,0.0009468873536895,0.0021316752678339013,0,0
23,TK-1999-0294_5401_HNE,1,False,True,0.0033932378559127,0.008482549477842313,0,1
23,TK-1999-0294_5401_HNE,2,False,True,0.0082110167416582,0.018618182233790612,1,2
23,TK-1999-0294_5401_HNE,3,False,True,0.0159058994285114,0.03235102557088975,2,2
23,TK-1999-0294_5401_HNE,4,False,True,0.053860803587275,0.06553848112072988,3,4
23,TK-1999-0294_5401_HNE,5,False,True,0.1,0.101991783787701,4,4
23,EMSC-20200122_0000127_GOMA_HNE,0,False,True,0.001004161974489,0.0009553271714195456,0,0
23,EMSC-20200122_0000127_GOMA_HNE,1,False,True,0.002712659005315,0.002642569364029222,0,0
23,EMSC-20200122_0000127_GOMA_HNE,2,False,True,0.0058049236689346,0.005662150703370522,1,1
23,EMSC-20200122_0000127_GOMA_HNE,3,False,True,0.0109890525494086,0.010851461848800713,1,1
23,EMSC-20200122_0000127_SOMA_HNN,2,False,True,0.0121491529932839,0.010271815838918882,2,1
23,EMSC-20200122_0000127_SOMA_HNN,3,False,True,0.0183745491299606,0.020121960268348515,2,2
23,EMSC-20200122_0000127_SOMA_HNN,4,False,True,0.1,0.056605236886214993,4,3
23,EMSC-20200122_0000127_SOMA_HNN,5,False,True,0.1,0.1045302498990231,4,4
23,EMSC-20200122_0000127_GOMA_HNE,4,False,True,0.0162611901982483,0.02010758833805875,2,2
23,EMSC-20200122_0000127_GOMA_HNE,5,False,True,0.0397148004596154,0.05293622596295811,3,4
23,EMSC-20200122_0000127_SOMA_HNN,0,False,True,0.0012338432662844,0.00124372583342588,0,0
23,EMSC-20200122_0000127_SOMA_HNN,1,False,True,0.0047692824870947,0.0042518711336065485,0,0
24,TK-1999-0077_YPT_HNN,4,False,True,0.1,0.04733200747087811,4,3
24,TK-1999-0077_YPT_HNN,5,False,True,0.0576854194227311,0.07063318640649748,3,4
24,TK-1999-0077_1612_HNE,0,False,True,0.0005737875209509,0.0005426990472504403,0,0
24,TK-1999-0077_1612_HNE,1,False,True,0.0028060943586993,0.0018763588783371225,0,0
24,TK-1999-0077_YPT_HNN,0,False,True,0.0006395440853852,0.000558550499703046,0,0
24,TK-1999-0077_YPT_HNN,1,False,True,0.003475920378182,0.0017360520815316838,0,0
24,TK-1999-0077_YPT_HNN,2,False,True,0.0082141820872863,0.0048929057551256126,1,0
24,TK-1999-0077_YPT_HNN,3,False,True,0.0271976264558743,0.011507703526859122,2,2
24,TK-1999-0077_1612_HNE,2,False,True,0.0125948831370453,0.004930407056115326,2,0
24,TK-1999-0077_1612_HNE,3,False,True,0.0243277507811332,0.009252101872655303,2,1
24,TK-1999-0077_1612_HNE,4,False,True,0.0846178662136826,0.02949350072336621,4,2
24,TK-1999-0077_1612_HNE,5,False,True,0.1,0.07167277008607277,4,3
24,TK-1999-0077_4101_HNE,0,False,True,0.000710561704849,0.000594432367781644,0,0
24,TK-1999-0077_4101_HNE,1,False,True,0.0018524808990447,0.002245596438378303,0,0
24,TK-1999-0077_4101_HNE,2,False,True,0.0055902176332864,0.006327808372613685,1,1
24,TK-1999-0077_4101_HNE,3,False,True,0.0168510493816234,0.01629003620435535,2,2
24,TK-1999-0077_4101_HNE,4,False,True,0.0801610622420518,0.04579094385107906,4,3
24,TK-1999-0077_4101_HNE,5,False,True,0.1,0.0951981255001582,4,4
24,TK-1999-0077_4106_HNN,0,False,True,0.0005683749576224,0.0006307962279741786,0,0
24,TK-1999-0077_4106_HNN,1,False,True,0.0020365225729543,0.0028711679381407717,0,0
24,TK-1999-0077_4106_HNN,2,False,True,0.0057699077079086,0.010116383104753905,1,2
24,TK-1999-0077_4106_HNN,3,False,True,0.0134425629186429,0.026565687243499767,2,2
24,TK-1999-0077_4106_HNN,4,False,True,0.0500098829830665,0.08527360507164986,3,4
24,TK-1999-0077_4106_HNN,5,False,True,0.1,0.11790537946677783,4,4
24,TK-1999-0077_5401_HNE,0,False,True,0.0005295224729106,0.0006754718400576954,0,0
24,TK-1999-0077_5401_HNE,1,False,True,0.0015874518259799,0.0032676963680025374,0,0
24,TK-1999-0077_5401_HNE,2,False,True,0.0057596047138069,0.010475476527666488,1,1
24,TK-1999-0077_5401_HNE,3,False,True,0.0220159658459097,0.03730070359172515,2,3
24,TK-1999-0077_5401_HNE,4,False,True,0.0682472433150744,0.06140717159096887,4,4
24,TK-1999-0077_5401_HNE,5,False,True,0.1,0.07682611905145029,4,4
24,TK-1999-0415_487_HNN,0,False,True,0.0005891736952071,0.0005116002297259608,0,0
24,TK-1999-0415_487_HNN,1,False,True,0.0017235665846596,0.0016678903344230715,0,0
24,TK-1999-0415_487_HNN,2,False,True,0.0027419842243038,0.0032602404819888796,0,0
24,TK-1999-0415_487_HNN,3,False,True,0.0048076726134147,0.00534063265232762,0,0
24,TK-1999-0415_487_HNN,4,False,True,0.0110901798839577,0.00861885078113816,1,1
24,TK-1999-0415_487_HNN,5,False,True,0.020460079365861,0.016911354052041517,2,2
24,TK-1999-0415_496_HNN,0,False,True,0.0007337812881517,0.0006127662887807406,0,0
24,TK-1999-0415_496_HNN,1,False,True,0.0034279884927691,0.0022098169399164883,0,0
24,TK-1999-0415_496_HNN,2,False,True,0.0089394947319772,0.00665514175611556,1,1
24,TK-1999-0415_496_HNN,3,False,True,0.0114025193980472,0.014007384802050996,1,2
24,TK-1999-0415_496_HNN,4,False,True,0.0186018775377472,0.028534839424690754,2,3
24,TK-1999-0415_496_HNN,5,False,True,0.0541205194229965,0.045767370224251605,3,3
24,TK-1999-0415_498_HNN,0,False,True,0.0005465793425315,0.0005961402219167576,0,0
24,TK-1999-0415_498_HNN,1,False,True,0.001473523204387,0.001914803801080653,0,0
24,TK-1999-0415_498_HNN,2,False,True,0.0031077998338892,0.004773113647150954,0,0
24,TK-1999-0415_498_HNN,3,False,True,0.0098234984596844,0.009750465598880539,1,1
24,TK-1999-0415_498_HNN,4,False,True,0.0140096013303402,0.01880037295844529,2,2
24,TK-1999-0415_498_HNN,5,False,True,0.0280620994953707,0.044439102453672136,2,2
24,TK-1999-0415_C0362_HNN,0,False,True,0.0005773449001675,0.000551750038976336,0,0
24,TK-1999-0415_C0362_HNN,1,False,True,0.0037712577742262,0.0015193974073279364,0,0
24,TK-1999-0415_C0362_HNN,2,False,True,0.0086995466433172,0.0036781503885833953,1,0
24,TK-1999-0415_C0362_HNN,3,False,True,0.0207532458233444,0.006766732512386926,2,1
24,TK-1999-0415_C0362_HNN,4,False,True,0.060565733517282,0.013611956431168163,4,1
24,TK-1999-0415_C0362_HNN,5,False,True,0.1,0.02540955101457101,4,2
24,TK-1999-0415_C0375_HNN,0,False,True,0.0005601225597874,0.000584548338942985,0,0
24,TK-1999-0415_C0375_HNN,1,False,True,0.0013535175174753,0.0023121705790654285,0,0
24,TK-1999-0415_C0375_HNN,2,False,True,0.0080277008488853,0.005636353957882847,1,1
24,TK-1999-0415_C0375_HNN,3,False,True,0.0122218638677088,0.012618790017351757,2,2
24,TK-1999-0415_C0375_HNN,4,False,True,0.0143169202639308,0.026739680264271214,2,2
24,TK-1999-0415_C0375_HNN,5,False,True,0.0285568533980686,0.048103714860712334,2,2
24,TK-1999-0415_C1058_HNE,0,False,True,0.000559901078742,0.0005839838192571026,0,0
24,TK-1999-0415_C1058_HNE,1,False,True,0.0017812256306351,0.00243614299127298,0,0
24,TK-1999-0415_C1058_HNE,2,False,True,0.0101718896892351,0.006791783048728096,1,0
24,TK-1999-0415_C1058_HNE,3,False,True,0.0216957267538968,0.019045141450967914,2,2
24,TK-1999-0415_C1058_HNE,4,False,True,0.1,0.05096228897833132,4,4
24,TK-1999-0415_C1058_HNE,5,False,True,0.1,0.07281944218912087,4,4
24,TK-1999-0415_C1059_HNN,0,False,True,0.0005452396482854,0.0005461909543937064,0,0
24,TK-1999-0415_C1059_HNN,1,False,True,0.00148236918554,0.0017459586679087473,0,0
24,TK-1999-0415_C1059_HNN,2,False,True,0.0042780697239346,0.004752890902954657,0,0
24,TK-1999-0415_C1059_HNN,3,False,True,0.0074612832881853,0.009746104041451271,1,1
24,TK-1999-0415_C1059_HNN,4,False,True,0.0127633626791661,0.018511150209223174,2,2
24,TK-1999-0415_C1059_HNN,5,False,True,0.0347806452988267,0.0412364456282689,3,3
24,TK-1999-0415_C1060_HNE,0,False,True,0.0006896478527538,0.0006436333998272863,0,0
24,TK-1999-0415_C1060_HNE,1,False,True,0.0037384750970592,0.0021954131254028624,0,0
24,TK-1999-0415_C1060_HNE,2,False,True,0.0090216385420567,0.005050225007341823,1,1
24,TK-1999-0415_C1060_HNE,3,False,True,0.0208312736508145,0.011060799648228993,2,1
24,TK-1999-0415_C1060_HNE,4,False,True,0.1,0.02264885608916563,4,2
24,TK-1999-0415_C1060_HNE,5,False,True,0.1,0.051120479439395496,4,4
24,TK-1999-0415_C1061_HNE,0,False,True,0.0005790632235073,0.0006243437177164049,0,0
24,TK-1999-0415_C1061_HNE,1,False,True,0.0020628993799763,0.00195783864004349,0,0
24,TK-1999-0415_C1061_HNE,2,False,True,0.0076281518112035,0.005475575665972913,1,1
24,TK-1999-0415_C1061_HNE,3,False,True,0.0143379480055012,0.010841973161086994,2,1
24,TK-1999-0415_C1061_HNE,4,False,True,0.0304768376062974,0.019355496601150643,3,2
24,TK-1999-0415_C1061_HNE,5,False,True,0.1,0.034884037007427926,4,2
24,TK-1999-0415_C1062_HNE,0,False,True,0.0005977148911073,0.0005667400118172742,0,0
24,TK-1999-0415_C1062_HNE,1,False,True,0.0023900100420433,0.0019668835943070493,0,0
24,TK-1999-0415_C1062_HNE,2,False,True,0.0046218694136665,0.004831455436575312,0,1
24,TK-1999-0415_C1062_HNE,3,False,True,0.0104058257634262,0.009674469825063814,1,1
24,TK-1999-0415_C1062_HNE,4,False,True,0.0155410337839543,0.017494232253549243,2,2
24,TK-1999-0415_C1062_HNE,5,False,True,0.0290317072296407,0.05196801765193862,2,3
24,TK-1999-0415_D0531_HNN,0,False,True,0.000577981923925,0.0005288179387834249,0,0
24,TK-1999-0415_D0531_HNN,1,False,True,0.0013179806275266,0.0015574300920451563,0,0
24,TK-1999-0415_D0531_HNN,2,False,True,0.0031531034698279,0.0028252582341480453,0,0
24,TK-1999-0415_D0531_HNN,3,False,True,0.0057814758680127,0.004899133415291559,1,0
24,TK-1999-0415_D0531_HNN,4,False,True,0.0105727779958299,0.0087592318228735,1,1
24,TK-1999-0415_D0531_HNN,5,False,True,0.0200494045136969,0.018223310278963907,2,2
24,TK-1999-0415_1401_HNE,0,False,True,0.0005889642307763,0.000590426184255747,0,0
24,TK-1999-0415_1401_HNE,1,False,True,0.0025038342665837,0.0023712773718637657,0,0
24,TK-1999-0415_1401_HNE,2,False,True,0.0072629961843046,0.006858604524680204,1,0
24,TK-1999-0415_1401_HNE,3,False,True,0.0144398353428365,0.013283349076075179,2,2
24,TK-1999-0415_1401_HNE,4,False,True,0.0181581805948852,0.024949464507067417,2,2
24,TK-1999-0415_1401_HNE,5,False,True,0.0326427229578168,0.04314393595689645,3,3
24,TK-1999-0415_1406_HNN,0,False,True,0.0005994108020502,0.0006024024403899099,0,0
24,TK-1999-0415_1406_HNN,1,False,True,0.0022313194086938,0.0018889929420043206,0,0
24,TK-1999-0415_1406_HNN,2,False,True,0.004459327960626,0.00523684499348212,0,1
24,TK-1999-0415_1406_HNN,3,False,True,0.0078466117545332,0.010108064333620928,1,1
24,TK-1999-0415_1406_HNN,4,False,True,0.0160405273875832,0.019601228731261855,2,2
24,TK-1999-0415_1406_HNN,5,False,True,0.0853447569036721,0.039703968585841874,4,2
24,TK-1999-0415_8101_HNE,0,False,True,0.0005626535648186,0.0006024775154043906,0,0
24,TK-1999-0415_8101_HNE,1,False,True,0.003245667641964,0.002471513190204341,0,0
24,TK-1999-0415_8101_HNE,2,False,True,0.0071483588652626,0.0075195830771309985,1,0
24,TK-1999-0415_8101_HNE,3,False,True,0.0142264247043137,0.016117336453640167,2,1
24,TK-1999-0415_8101_HNE,4,False,True,0.0259397411356749,0.03447641323714656,2,3
24,TK-1999-0415_8101_HNE,5,False,True,0.1,0.061296698177247,4,4
24,INT-20250810_0000200_AKS_HNN,0,False,True,0.0005780426739964,0.0005875113565023891,0,0
24,INT-20250810_0000200_AKS_HNN,1,False,True,0.0016392902026227,0.0019912122947170928,0,0
24,INT-20250810_0000200_AKS_HNN,2,False,True,0.0027672906540887,0.005200534744770688,0,1
24,INT-20250810_0000200_AKS_HNN,3,False,True,0.0072644783278846,0.01033173525937308,1,2
24,INT-20250810_0000200_AKS_HNN,4,False,True,0.011469696675422,0.02087310185071349,1,2
24,INT-20250810_0000200_AKS_HNN,5,False,True,0.0225924055449528,0.04986432074802514,2,4
24,INT-20250810_0000200_BALB_HNE,0,False,True,0.0006235928295562,0.0006059088330719583,0,0
24,INT-20250810_0000200_BALB_HNE,1,False,True,0.0023872262047747,0.0020853768193738746,0,0
24,INT-20250810_0000200_BALB_HNE,2,False,True,0.0056680359514063,0.005886891301359503,1,1
24,INT-20250810_0000200_BALB_HNE,3,False,True,0.0098880598896076,0.010945015960026918,1,1
24,INT-20250810_0000200_BALB_HNE,4,False,True,0.0178589407475671,0.018807273820630483,2,2
24,INT-20250810_0000200_BALB_HNE,5,False,True,0.0368847163308214,0.04074762454764918,3,2
24,INT-20250810_0000200_GORD_HNN,0,False,True,0.0005986754428025,0.000555563634525899,0,0
24,INT-20250810_0000200_GORD_HNN,1,False,True,0.0015992095842981,0.0015495193036158433,0,0
24,INT-20250810_0000200_GORD_HNN,2,False,True,0.002473154574092,0.0029944145341743054,0,0
24,INT-20250810_0000200_GORD_HNN,3,False,True,0.0070657042193654,0.004638138243159119,1,0
24,INT-20250810_0000200_GORD_HNN,4,False,True,0.0091673354878252,0.007906174305326882,1,1
24,INT-20250810_0000200_GORD_HNN,5,False,True,0.0164534560302839,0.01457373542208414,2,2
24,INT-20250810_0000200_SOMA_HNN,0,False,True,0.0005898971944339,0.0005986122833068151,0,0
24,INT-20250810_0000200_SOMA_HNN,1,False,True,0.0017403575393741,0.001955678384927172,0,0
24,INT-20250810_0000200_SOMA_HNN,2,False,True,0.0032135052498831,0.005243098796963694,0,1
24,INT-20250810_0000200_SOMA_HNN,3,False,True,0.0066298319384451,0.009310395994324384,1,1
24,INT-20250810_0000200_SOMA_HNN,4,False,True,0.0155137747253279,0.016073390547290126,2,2
24,INT-20250810_0000200_SOMA_HNN,5,False,True,0.0234718881507101,0.03069374899447546,2,3
24,TK-1999-0294_1612_HNE,0,False,True,0.0005763646330787,0.0005447185928165022,0,0
24,TK-1999-0294_1612_HNE,1,False,True,0.0019057141702242,0.001800182335810202,0,0
24,TK-1999-0294_1612_HNE,2,False,True,0.0035443560534377,0.004418112096144401,0,0
24,TK-1999-0294_1612_HNE,3,False,True,0.0094067868395178,0.007485110194223621,1,1
24,TK-1999-0294_1612_HNE,4,False,True,0.0158101740710898,0.014449568857387005,2,2
24,TK-1999-0294_1612_HNE,5,False,True,0.0310881554762247,0.02668055787803544,3,2
24,TK-2003-0179_1701_HNN,0,False,True,0.0005764424932673,0.0005358288328147948,0,0
24,TK-2003-0179_1701_HNN,1,False,True,0.0022110982491488,0.0016422366621984144,0,0
24,TK-2003-0179_1701_HNN,2,False,True,0.0054036337247889,0.0029610650252625314,1,0
24,TK-2003-0179_1701_HNN,3,False,True,0.0089771428199738,0.005225885788598232,1,1
24,TK-2003-0179_1701_HNN,4,False,True,0.0161362147956909,0.008329437485745671,2,1
24,TK-2003-0179_1701_HNN,5,False,True,0.0225215161094848,0.016612159129650046,2,2
24,TK-1999-0294_4101_HNE,0,False,True,0.0005389731671579,0.000611917477656767,0,0
24,TK-1999-0294_4101_HNE,1,False,True,0.0012941537137511,0.0020762622119648473,0,0
24,TK-1999-0294_4101_HNE,2,False,True,0.0032580884118699,0.005641638301741692,0,0
24,TK-1999-0294_4101_HNE,3,False,True,0.0064377904685216,0.013654317573687161,1,2
24,TK-1999-0294_4101_HNE,4,False,True,0.0110013489925384,0.030259618752948803,1,2
24,TK-1999-0294_4101_HNE,5,False,True,0.0217813467549976,0.0548192345582717,2,4
24,TK-1999-0294_4107_HNE,0,False,True,0.0005639733587179,0.0005517594289320917,0,0
24,TK-1999-0294_4107_HNE,1,False,True,0.0019040030192298,0.002185404829573654,0,0
24,TK-1999-0294_4107_HNE,2,False,True,0.006903442991335,0.005518609112294765,1,1
24,TK-1999-0294_4107_HNE,3,False,True,0.0184489044910089,0.010766178520627048,2,2
24,TK-1999-0294_4107_HNE,4,False,True,0.0363958622660132,0.021363848479921736,3,2
24,TK-1999-0294_4107_HNE,5,False,True,0.0621416926999955,0.03822184352769746,4,3
24,TK-1999-0294_5401_HNE,0,False,True,0.0005562369260267,0.0007314599946255795,0,0
24,TK-1999-0294_5401_HNE,1,False,True,0.0012867342138033,0.0030616226493534833,0,0
24,TK-1999-0294_5401_HNE,2,False,True,0.0027550075574488,0.008032415978694914,0,2
24,TK-1999-0294_5401_HNE,3,False,True,0.0052126192494471,0.015293244131856617,1,2
24,TK-1999-0294_5401_HNE,4,False,True,0.0089026844889627,0.0285979451809368,1,2
24,TK-1999-0294_5401_HNE,5,False,True,0.0190566983790437,0.04814239161411124,2,4
24,EMSC-20200122_0000127_GOMA_HNE,0,False,True,0.0005606535968277,0.0005448657399270152,0,0
24,EMSC-20200122_0000127_GOMA_HNE,1,False,True,0.0018248843294577,0.001357388043938612,0,0
24,EMSC-20200122_0000127_GOMA_HNE,2,False,True,0.0040426015763446,0.0029145529705937776,0,0
24,EMSC-20200122_0000127_GOMA_HNE,3,False,True,0.0076231679280997,0.006073641767162238,1,1
24,EMSC-20200122_0000127_GOMA_HNE,4,False,True,0.0097852489973776,0.009953177739212955,1,2
24,EMSC-20200122_0000127_GOMA_HNE,5,False,True,0.0178952492363604,0.01763187232328568,2,2
24,EMSC-20200122_0000127_SOMA_HNN,0,False,True,0.000555895208737,0.0005206087797666673,0,0
24,EMSC-20200122_0000127_SOMA_HNN,1,False,True,0.0019842985269921,0.0013810387363184173,0,0
24,EMSC-20200122_0000127_SOMA_HNN,2,False,True,0.0042753371326794,0.003091646215475237,0,0
24,EMSC-20200122_0000127_SOMA_HNN,3,False,True,0.0094110624950044,0.006966795703480836,1,1
24,EMSC-20200122_0000127_SOMA_HNN,4,False,True,0.0141211689494476,0.013086020008376564,2,1
24,EMSC-20200122_0000127_SOMA_HNN,5,False,True,0.023118505534139,0.02118481963084393,2,2
25,TK-1999-0077_YPT_HNN,4,False,True,0.1,0.028000957355848115,4,3
25,TK-1999-0077_YPT_HNN,5,False,True,0.1,0.06375208325211307,4,4
25,TK-1999-0077_1612_HNE,0,False,True,0.0004350769992159,0.000412314542634138,0,0
25,TK-1999-0077_1612_HNE,1,False,True,0.0016013129658095,0.001356025798088481,0,0
25,TK-1999-0077_YPT_HNN,0,False,True,0.000421173176572,0.0004418478354433779,0,0
25,TK-1999-0077_YPT_HNN,1,False,True,0.0011633974549567,0.001383333320365294,0,0
25,TK-1999-0077_YPT_HNN,2,False,True,0.0075846978505248,0.0036400224251200825,1,0
25,TK-1999-0077_YPT_HNN,3,False,True,0.0160721606421633,0.007854546182389309,2,1
25,TK-1999-0077_1612_HNE,2,False,True,0.0048003994272316,0.0033434637949348836,0,0
25,TK-1999-0077_1612_HNE,3,False,True,0.018234919259196,0.006760297834925763,2,1
25,TK-1999-0077_1612_HNE,4,False,True,0.0397968735481087,0.013270615569033428,3,2
25,TK-1999-0077_1612_HNE,5,False,True,0.1,0.045198790150172044,4,3
25,TK-1999-0077_4101_HNE,0,False,True,0.0004390102545765,0.00045854625620870925,0,0
25,TK-1999-0077_4101_HNE,1,False,True,0.0017336335163492,0.001641954500180228,0,0
25,TK-1999-0077_4101_HNE,2,False,True,0.0054981835469007,0.00509050797012016,1,1
25,TK-1999-0077_4101_HNE,3,False,True,0.0119895937841703,0.011543592166890519,1,2
25,TK-1999-0077_4101_HNE,4,False,True,0.0751220292155123,0.03826620631500265,4,3
25,TK-1999-0077_4101_HNE,5,False,True,0.1,0.08931517036847855,4,4
25,TK-1999-0077_4106_HNN,0,False,True,0.0004332908040739,0.0004600864178339642,0,0
25,TK-1999-0077_4106_HNN,1,False,True,0.0018840720098816,0.0016012853380596621,0,0
25,TK-1999-0077_4106_HNN,2,False,True,0.0041666470456659,0.007540065626988369,0,1
25,TK-1999-0077_4106_HNN,3,False,True,0.007025030504875,0.01929463249782441,1,2
25,TK-1999-0077_4106_HNN,4,False,True,0.0255396005980956,0.07390568634437562,2,4
25,TK-1999-0077_4106_HNN,5,False,True,0.1,0.12831500348139288,4,4
25,TK-1999-0077_5401_HNE,4,False,True,0.0504364551018171,0.06310885677670496,3,4
25,TK-1999-0077_5401_HNE,5,False,True,0.1,0.08549191757370017,4,4
25,TK-1999-0415_487_HNN,0,False,True,0.0004378511749396,0.000400205671898547,0,0
25,TK-1999-0415_487_HNN,1,False,True,0.0011469554413969,0.001224131741721478,0,0
25,TK-1999-0077_5401_HNE,0,False,True,0.0004366651607993,0.0005164856186565079,0,0
25,TK-1999-0077_5401_HNE,1,False,True,0.0017930996719165,0.0025580451242268962,0,0
25,TK-1999-0077_5401_HNE,2,False,True,0.0034592743292791,0.009692390057048387,0,1
25,TK-1999-0077_5401_HNE,3,False,True,0.0138153984339095,0.03197677432692363,2,2
25,TK-1999-0415_496_HNN,0,False,True,0.0004657829563546,0.0004575381711684606,0,0
25,TK-1999-0415_496_HNN,1,False,True,0.0011182119159212,0.0014144056056342722,0,0
25,TK-1999-0415_496_HNN,2,False,True,0.0040119365625801,0.003471343107297634,0,0
25,TK-1999-0415_496_HNN,3,False,True,0.0110462175866197,0.00718787511661377,1,1
25,TK-1999-0415_487_HNN,2,False,True,0.0044097071061594,0.002782041435526332,0,0
25,TK-1999-0415_487_HNN,3,False,True,0.0049708185043232,0.00417076894528157,0,0
25,TK-1999-0415_487_HNN,4,False,True,0.0071454033545913,0.007067728864112364,1,1
25,TK-1999-0415_487_HNN,5,False,True,0.0224430915435729,0.01244927422538777,2,2
25,TK-1999-0415_496_HNN,4,False,True,0.010842462904835,0.014864792024951017,1,2
25,TK-1999-0415_496_HNN,5,False,True,0.0225454955101037,0.027231344485440765,2,2
25,TK-1999-0415_498_HNN,0,False,True,0.0004331777076867,0.0004542121518397015,0,0
25,TK-1999-0415_498_HNN,1,False,True,0.0014200982403796,0.0014244600833447595,0,0
25,TK-1999-0415_498_HNN,2,False,True,0.0034101948859144,0.004034477309025841,0,0
25,TK-1999-0415_498_HNN,3,False,True,0.0060929181000251,0.00692462350918272,1,1
25,TK-1999-0415_498_HNN,4,False,True,0.0111022179150266,0.016408758804328055,1,2
25,TK-1999-0415_498_HNN,5,False,True,0.0257812938173501,0.02799671502197175,2,3
25,TK-1999-0415_C0362_HNN,0,False,True,0.0004358389753028,0.00043321262735329316,0,0
25,TK-1999-0415_C0362_HNN,1,False,True,0.0014740782047428,0.0012831764509298816,0,0
25,TK-1999-0415_C0362_HNN,2,False,True,0.007783889848213,0.0032965233344936077,1,0
25,TK-1999-0415_C0362_HNN,3,False,True,0.0138808882539959,0.005690061226576504,2,1
25,TK-1999-0415_C0362_HNN,4,False,True,0.0424814138168361,0.011418077541208755,3,1
25,TK-1999-0415_C0362_HNN,5,False,True,0.1,0.02197104119579928,4,2
25,TK-1999-0415_C0375_HNN,0,False,True,0.0004329447471894,0.0004288400817222911,0,0
25,TK-1999-0415_C0375_HNN,1,False,True,0.0011212996312033,0.001317561103553654,0,0
25,TK-1999-0415_C0375_HNN,2,False,True,0.0017945365347247,0.0030997850352239725,0,0
25,TK-1999-0415_C0375_HNN,3,False,True,0.0028053515136528,0.005179612790198066,0,1
25,TK-1999-0415_C0375_HNN,4,False,True,0.0051915128593313,0.008679728213219794,1,1
25,TK-1999-0415_C0375_HNN,5,False,True,0.0137862394514259,0.018099977371692697,2,2
25,TK-1999-0415_C1058_HNE,0,False,True,0.0004311827443505,0.00046536478071802296,0,0
25,TK-1999-0415_C1058_HNE,1,False,True,0.0016134081870313,0.0019139062976135529,0,0
25,TK-1999-0415_C1058_HNE,2,False,True,0.0040254290087265,0.006608885115365246,0,1
25,TK-1999-0415_C1058_HNE,3,False,True,0.0216650387314044,0.016526323345671123,2,2
25,TK-1999-0415_C1058_HNE,4,False,True,0.050707738846806,0.0477981068800223,3,3
25,TK-1999-0415_C1058_HNE,5,False,True,0.1,0.07412077016539974,4,4
25,TK-1999-0415_C1059_HNN,0,False,True,0.0004387303122773,0.00042125179018053183,0,0
25,TK-1999-0415_C1059_HNN,1,False,True,0.0013996258368366,0.0012815333478420838,0,0
25,TK-1999-0415_C1059_HNN,2,False,True,0.0040102507908414,0.004247482791675018,0,0
25,TK-1999-0415_C1059_HNN,3,False,True,0.0066097794608122,0.007391100155588032,1,1
25,TK-1999-0415_C1059_HNN,4,False,True,0.0109287750926321,0.01630897482903105,1,2
25,TK-1999-0415_C1059_HNN,5,False,True,0.0305359074470471,0.032626504481537165,3,3
25,TK-1999-0415_C1060_HNE,0,False,True,0.0004436277102552,0.00045230115245397415,0,0
25,TK-1999-0415_C1060_HNE,1,False,True,0.0013181957839144,0.0015280072801580958,0,0
25,TK-1999-0415_C1060_HNE,2,False,True,0.0045620366345661,0.003824285327484904,0,0
25,TK-1999-0415_C1060_HNE,3,False,True,0.0092318196312716,0.007576080822993472,1,1
25,TK-1999-0415_C1060_HNE,4,False,True,0.0186904326731322,0.013521432103332256,2,1
25,TK-1999-0415_C1060_HNE,5,False,True,0.0545951625468114,0.024840635463908394,3,2
25,TK-1999-0415_C1061_HNE,0,False,True,0.000451455439161,0.0004336852047074214,0,0
25,TK-1999-0415_C1061_HNE,1,False,True,0.0014643234070505,0.001308519028833637,0,0
25,TK-1999-0415_C1061_HNE,2,False,True,0.0025651004504088,0.003231274871561857,0,0
25,TK-1999-0415_C1061_HNE,3,False,True,0.0048682209507378,0.005472958086376696,0,1
25,TK-1999-0415_C1061_HNE,4,False,True,0.0114331413974395,0.009153163426023262,1,1
25,TK-1999-0415_C1061_HNE,5,False,True,0.0202808092278529,0.01747289086017914,2,2
25,TK-1999-0415_C1062_HNE,0,False,True,0.0004361745669731,0.0004482428162566418,0,0
25,TK-1999-0415_C1062_HNE,1,False,True,0.0011957673946022,0.001364021376603865,0,0
25,TK-1999-0415_C1062_HNE,2,False,True,0.003499896737516,0.003635435231796158,0,0
25,TK-1999-0415_C1062_HNE,3,False,True,0.0065585656188296,0.006602422932065775,1,1
25,TK-1999-0415_C1062_HNE,4,False,True,0.0127373224040522,0.012323301977912456,2,1
25,TK-1999-0415_C1062_HNE,5,False,True,0.0247126909986746,0.027993618216748888,2,3
25,TK-1999-0415_D0531_HNN,0,False,True,0.0004537611548751,0.00040388806043979106,0,0
25,TK-1999-0415_D0531_HNN,1,False,True,0.0015196568176876,0.0011163982256577113,0,0
25,TK-1999-0415_1401_HNE,0,False,True,0.0004421567797099,0.00045002548064043696,0,0
25,TK-1999-0415_1401_HNE,1,False,True,0.001502692646873,0.0017038504928499453,0,0
25,TK-1999-0415_1401_HNE,2,False,True,0.005354018486609,0.005617362635376317,1,0
25,TK-1999-0415_1401_HNE,3,False,True,0.0141878512797957,0.010378079105874771,2,1
25,TK-1999-0415_D0531_HNN,2,False,True,0.0039551774835626,0.002463066595687626,0,0
25,TK-1999-0415_D0531_HNN,3,False,True,0.0062301729031431,0.0038140641795114403,1,0
25,TK-1999-0415_D0531_HNN,4,False,True,0.0091975656508374,0.006788744962852735,1,1
25,TK-1999-0415_D0531_HNN,5,False,True,0.0180553422086084,0.01548533709607203,2,2
25,TK-1999-0415_1401_HNE,4,False,True,0.0308199768823353,0.022904980123656556,3,3
25,TK-1999-0415_1401_HNE,5,False,True,0.0313882151930059,0.04127827911869363,3,3
25,TK-1999-0415_1406_HNN,0,False,True,0.0004364385325323,0.00047975345836842213,0,0
25,TK-1999-0415_1406_HNN,1,False,True,0.0011988282107593,0.0017676663061060537,0,0
25,TK-1999-0415_1406_HNN,2,False,True,0.0044692022084095,0.004922639566669463,0,1
25,TK-1999-0415_1406_HNN,3,False,True,0.0063116527349204,0.009363910260585143,1,1
25,TK-1999-0415_1406_HNN,4,False,True,0.0110937927977395,0.016127962075078103,1,2
25,TK-1999-0415_1406_HNN,5,False,True,0.0367956809391263,0.037086015176512534,3,3
25,TK-1999-0415_8101_HNE,0,False,True,0.000435361286205,0.00046343306306784177,0,0
25,TK-1999-0415_8101_HNE,1,False,True,0.0018534808651786,0.0020750771328307536,0,0
25,TK-1999-0415_8101_HNE,2,False,True,0.0106865962166647,0.008129783913717312,1,1
25,TK-1999-0415_8101_HNE,3,False,True,0.0199393698747795,0.017199169963667577,2,2
25,TK-1999-0415_8101_HNE,4,False,True,0.0399039070929976,0.04968112596865262,3,3
25,TK-1999-0415_8101_HNE,5,False,True,0.1,0.08867242714520121,4,4
25,INT-20250810_0000200_AKS_HNN,0,False,True,0.0004442984354049,0.0004296669815376546,0,0
25,INT-20250810_0000200_AKS_HNN,1,False,True,0.0013144924953879,0.0013563816822136348,0,0
25,INT-20250810_0000200_AKS_HNN,2,False,True,0.002755683697788,0.003791559227084121,0,0
25,INT-20250810_0000200_AKS_HNN,3,False,True,0.0048289838054773,0.006731995780069735,0,1
25,INT-20250810_0000200_AKS_HNN,4,False,True,0.0070263638762581,0.012133085610690512,1,1
25,INT-20250810_0000200_AKS_HNN,5,False,True,0.0131890566616048,0.024713503784868425,2,2
25,INT-20250810_0000200_BALB_HNE,0,False,True,0.0004388853256355,0.0004557760368609383,0,0
25,INT-20250810_0000200_BALB_HNE,1,False,True,0.0013451118576094,0.00150134757541933,0,0
25,INT-20250810_0000200_BALB_HNE,2,False,True,0.0045387618112112,0.005627162284348687,0,1
25,INT-20250810_0000200_BALB_HNE,3,False,True,0.0079434122102382,0.009570242387748147,1,1
25,INT-20250810_0000200_BALB_HNE,4,False,True,0.0151531701147668,0.016715050597980546,2,2
25,INT-20250810_0000200_BALB_HNE,5,False,True,0.0242613465476971,0.030943681031791122,2,2
25,INT-20250810_0000200_GORD_HNN,0,False,True,0.0004344821649274,0.0004394235221295744,0,0
25,INT-20250810_0000200_GORD_HNN,1,False,True,0.0014213147663793,0.0012567058227447709,0,0
25,INT-20250810_0000200_GORD_HNN,2,False,True,0.0049786438562475,0.0028638007382623364,0,0
25,INT-20250810_0000200_GORD_HNN,3,False,True,0.0078000826950443,0.004665043170868147,1,1
25,INT-20250810_0000200_GORD_HNN,4,False,True,0.0131069724016806,0.00979880305555236,2,1
25,INT-20250810_0000200_GORD_HNN,5,False,True,0.0202736555331123,0.016914575899741918,2,2
25,INT-20250810_0000200_SOMA_HNN,0,False,True,0.0004323153558576,0.0004422446076060131,0,0
25,INT-20250810_0000200_SOMA_HNN,1,False,True,0.0015952258540263,0.001422331510656035,0,0
25,INT-20250810_0000200_SOMA_HNN,2,False,True,0.0038548628817153,0.004263003420151841,0,0
25,INT-20250810_0000200_SOMA_HNN,3,False,True,0.0052325651855112,0.007926121514417366,1,1
25,INT-20250810_0000200_SOMA_HNN,4,False,True,0.009679952915592,0.013164758572363171,1,2
25,INT-20250810_0000200_SOMA_HNN,5,False,True,0.0200132162402793,0.02507637138939591,2,2
25,TK-1999-0294_1612_HNE,0,False,True,0.0004293738329737,0.00042774393727501494,0,0
25,TK-1999-0294_1612_HNE,1,False,True,0.0013558709038031,0.0014285409132089163,0,0
25,TK-1999-0294_1612_HNE,2,False,True,0.0040029293141488,0.00426397241431239,0,0
25,TK-1999-0294_1612_HNE,3,False,True,0.0076936812572052,0.007759592845589793,1,1
25,TK-1999-0294_1612_HNE,4,False,True,0.0182331541570467,0.015486697335954251,2,2
25,TK-1999-0294_1612_HNE,5,False,True,0.0303527123050882,0.030470055698319475,3,3
25,TK-2003-0179_1701_HNN,0,False,True,0.000433215038031,0.00043768093255070037,0,0
25,TK-2003-0179_1701_HNN,1,False,True,0.0016653048419551,0.001256321604300922,0,0
25,TK-2003-0179_1701_HNN,2,False,True,0.0051328562056648,0.0028812623591061974,1,0
25,TK-2003-0179_1701_HNN,3,False,True,0.0105361949364489,0.005029993356182958,1,1
25,TK-2003-0179_1701_HNN,4,False,True,0.0200926152798912,0.008663903832095967,2,1
25,TK-2003-0179_1701_HNN,5,False,True,0.0307708673619371,0.016507295445394844,3,2
25,TK-1999-0294_4101_HNE,0,False,True,0.0004461215234823,0.0004349312187375141,0,0
25,TK-1999-0294_4101_HNE,1,False,True,0.0014052443632793,0.001402957193632448,0,0
25,TK-1999-0294_4101_HNE,2,False,True,0.0028808350028553,0.003643287105816818,0,0
25,TK-1999-0294_4101_HNE,3,False,True,0.0042403388587471,0.007784450485743542,0,2
25,TK-1999-0294_4101_HNE,4,False,True,0.0080904077767807,0.018322812761797327,1,3
25,TK-1999-0294_4101_HNE,5,False,True,0.0140143451169414,0.050456095725315314,2,3
25,TK-1999-0294_4107_HNE,0,False,True,0.0004411811160723,0.00041287537138940533,0,0
25,TK-1999-0294_4107_HNE,1,False,True,0.001588263194826,0.0013469526565410372,0,0
25,TK-1999-0294_4107_HNE,2,False,True,0.0053786451188069,0.005541739982067793,1,1
25,TK-1999-0294_4107_HNE,3,False,True,0.0172070439663623,0.010050920750904234,2,2
25,TK-1999-0294_4107_HNE,4,False,True,0.0436163678471032,0.02125595170130973,3,3
25,TK-1999-0294_4107_HNE,5,False,True,0.1,0.040316222788917035,4,4
25,TK-1999-0294_5401_HNE,0,False,True,0.0004544048878807,0.0006045943716510593,0,0
25,TK-1999-0294_5401_HNE,1,False,True,0.0021868659727581,0.003156287113807832,0,0
25,TK-1999-0294_5401_HNE,2,False,True,0.0036061361740496,0.008712439403165687,0,1
25,TK-1999-0294_5401_HNE,3,False,True,0.0059562958068901,0.016613636591219887,1,1
25,TK-1999-0294_5401_HNE,4,False,True,0.0095582805242527,0.03977476174534823,1,3
25,TK-1999-0294_5401_HNE,5,False,True,0.0198480488335234,0.055547519365262796,2,4
25,EMSC-20200122_0000127_GOMA_HNE,0,False,True,0.0004516745941163,0.000454567119737883,0,0
25,EMSC-20200122_0000127_GOMA_HNE,1,False,True,0.0014105183336531,0.0012319906297962033,0,0
25,EMSC-20200122_0000127_GOMA_HNE,2,False,True,0.0038561945043521,0.0030553849638121616,0,0
25,EMSC-20200122_0000127_GOMA_HNE,3,False,True,0.0086021206491789,0.006966749808132018,1,1
25,EMSC-20200122_0000127_GOMA_HNE,4,False,True,0.0127269423598363,0.010447028551850434,2,2
25,EMSC-20200122_0000127_GOMA_HNE,5,False,True,0.022322928458577,0.01833651299270539,2,2
25,EMSC-20200122_0000127_SOMA_HNN,0,False,True,0.0004542382513004,0.000416730612069705,0,0
25,EMSC-20200122_0000127_SOMA_HNN,1,False,True,0.0013318413512208,0.0011670150172651496,0,0
25,EMSC-20200122_0000127_SOMA_HNN,2,False,True,0.0031659292515541,0.002759814053188705,0,0
25,EMSC-20200122_0000127_SOMA_HNN,3,False,True,0.0065101119565403,0.005402220630710069,1,1
25,EMSC-20200122_0000127_SOMA_HNN,4,False,True,0.0114428288392827,0.010712969023822664,1,1
25,EMSC-20200122_0000127_SOMA_HNN,5,False,True,0.0210855664264736,0.02038149001293539,2,2
26,TK-1999-0077_YPT_HNN,4,False,True,0.1,0.04184820193105322,4,3
26,TK-1999-0077_YPT_HNN,5,False,True,0.1,0.06664896525555408,4,4
26,TK-1999-0077_1612_HNE,0,False,True,0.0006179156869078,0.0005862142788635626,0,0
26,TK-1999-0077_1612_HNE,1,False,True,0.0031279582140277,0.0019417059020167776,0,0
26,TK-1999-0077_YPT_HNN,0,False,True,0.0006333649308183,0.000591607527727588,0,0
26,TK-1999-0077_YPT_HNN,1,False,True,0.0027668992034122,0.0017517104634619802,0,0
26,TK-1999-0077_YPT_HNN,2,False,True,0.0069826902023398,0.0048018189666917,1,0
26,TK-1999-0077_YPT_HNN,3,False,True,0.0178060878510717,0.010030388151647055,2,2
26,TK-1999-0077_1612_HNE,2,False,True,0.0135894841708494,0.004978994509200375,2,0
26,TK-1999-0077_1612_HNE,3,False,True,0.0281333242195438,0.009324196263225075,2,1
26,TK-1999-0077_1612_HNE,4,False,True,0.1,0.03226549992893398,4,2
26,TK-1999-0077_1612_HNE,5,False,True,0.1,0.07066528095234217,4,4
26,TK-1999-0077_4101_HNE,0,False,True,0.0006576870826759,0.0005919177740891132,0,0
26,TK-1999-0077_4101_HNE,1,False,True,0.0015876679464922,0.001952339039889222,0,0
26,TK-1999-0077_4101_HNE,2,False,True,0.0040078923523964,0.004952382783802753,0,1
26,TK-1999-0077_4101_HNE,3,False,True,0.0087540478030424,0.012190386897317742,1,2
26,TK-1999-0077_4101_HNE,4,False,True,0.0402249631052581,0.036757472835384636,3,4
26,TK-1999-0077_4101_HNE,5,False,True,0.1,0.08728812446837324,4,4
26,TK-1999-0077_4106_HNN,0,False,True,0.000618713205722,0.0006670464019320446,0,0
26,TK-1999-0077_4106_HNN,1,False,True,0.0019570900117692,0.002972720431139221,0,0
26,TK-1999-0077_4106_HNN,2,False,True,0.0054437799633388,0.010544245260551019,1,2
26,TK-1999-0077_4106_HNN,3,False,True,0.0133849192729142,0.027405845403755385,2,2
26,TK-1999-0077_4106_HNN,4,False,True,0.0467315344275475,0.08813353629992228,3,4
26,TK-1999-0077_4106_HNN,5,False,True,0.1,0.11474014389823263,4,4
26,TK-1999-0077_5401_HNE,0,False,True,0.0005370278134965,0.000725670900137039,0,0
26,TK-1999-0077_5401_HNE,1,False,True,0.0024788790245731,0.0041897889245361515,0,0
26,TK-1999-0077_5401_HNE,2,False,True,0.0087122982404164,0.012944615565430093,1,1
26,TK-1999-0077_5401_HNE,3,False,True,0.0293010959702994,0.038374789498034766,2,4
26,TK-1999-0077_5401_HNE,4,False,True,0.1,0.05818493615757159,4,4
26,TK-1999-0077_5401_HNE,5,False,True,0.1,0.08877027782123403,4,4
26,TK-1999-0415_487_HNN,0,False,True,0.0006180000685514,0.0005415561994826983,0,0
26,TK-1999-0415_487_HNN,1,False,True,0.0016465889787455,0.0016925968704851262,0,0
26,TK-1999-0415_487_HNN,2,False,True,0.0026853120430006,0.0032861536820481545,0,0
26,TK-1999-0415_487_HNN,3,False,True,0.0056880619287351,0.005279659853862324,1,0
26,TK-1999-0415_487_HNN,4,False,True,0.0096881562612512,0.008932863071025069,1,1
26,TK-1999-0415_487_HNN,5,False,True,0.0206601720909775,0.017124862019049857,2,2
26,TK-1999-0415_496_HNN,0,False,True,0.0007354058394164,0.0006259515759007977,0,0
26,TK-1999-0415_496_HNN,1,False,True,0.0047819616506098,0.0022194910346122823,0,0
26,TK-1999-0415_496_HNN,2,False,True,0.0094733971423955,0.007577124831474302,1,1
26,TK-1999-0415_496_HNN,3,False,True,0.0116180950608266,0.014726648915735432,1,2
26,TK-1999-0415_496_HNN,4,False,True,0.0215084597747755,0.0280016029847469,2,2
26,TK-1999-0415_496_HNN,5,False,True,0.1,0.04470039396890134,4,3
26,TK-1999-0415_498_HNN,0,False,True,0.0006006793902633,0.0006161006008090562,0,0
26,TK-1999-0415_498_HNN,1,False,True,0.0013556758169771,0.0020364350064055636,0,0
26,TK-1999-0415_498_HNN,2,False,True,0.0032611997741069,0.004942132826249575,0,1
26,TK-1999-0415_498_HNN,3,False,True,0.0092491917996073,0.00950584278433528,1,1
26,TK-1999-0415_498_HNN,4,False,True,0.0137696976085788,0.022214786134660672,2,2
26,TK-1999-0415_498_HNN,5,False,True,0.0268403446467941,0.04352443564324659,2,2
26,TK-1999-0415_C0362_HNN,0,False,True,0.000612750373904,0.0005800174849582948,0,0
26,TK-1999-0415_C0362_HNN,1,False,True,0.0037295017727356,0.0015424495359546307,0,0
26,TK-1999-0415_C0362_HNN,2,False,True,0.0084271576245834,0.003736423728513992,1,0
26,TK-1999-0415_C0362_HNN,3,False,True,0.0208375582314215,0.0068450255032668755,2,1
26,TK-1999-0415_C0362_HNN,4,False,True,0.072484115020942,0.013094481845398132,4,1
26,TK-1999-0415_C0362_HNN,5,False,True,0.1,0.024696394691850525,4,2
26,TK-1999-0415_C0375_HNN,0,False,True,0.0005722401323738,0.0006420661225791746,0,0
26,TK-1999-0415_C0375_HNN,1,False,True,0.0015258451776394,0.0027068079730542764,0,0
26,TK-1999-0415_C0375_HNN,2,False,True,0.0083645326230563,0.00584573690972028,1,1
26,TK-1999-0415_C0375_HNN,3,False,True,0.0122685089542061,0.013157251676728262,2,2
26,TK-1999-0415_C0375_HNN,4,False,True,0.0149649410707284,0.02760492892566496,2,2
26,TK-1999-0415_C0375_HNN,5,False,True,0.0328702781266769,0.061724368111609106,3,4
26,TK-1999-0415_C1058_HNE,0,False,True,0.0006013760697773,0.0006157590869014184,0,0
26,TK-1999-0415_C1058_HNE,1,False,True,0.0017424021604956,0.0024361630522281423,0,0
26,TK-1999-0415_C1058_HNE,2,False,True,0.0076762739504507,0.0068121228384554495,1,1
26,TK-1999-0415_C1058_HNE,3,False,True,0.0212807602092373,0.018369953703714106,2,2
26,TK-1999-0415_C1058_HNE,4,False,True,0.1,0.05549775951687471,4,4
26,TK-1999-0415_C1058_HNE,5,False,True,0.1,0.07474608369086277,4,4
26,TK-1999-0415_C1059_HNN,0,False,True,0.000571843659411,0.0005550938393589055,0,0
26,TK-1999-0415_C1059_HNN,1,False,True,0.0014483538488207,0.0017371160181899915,0,0
26,TK-1999-0415_C1059_HNN,2,False,True,0.0047704125380925,0.004657701413413192,0,1
26,TK-1999-0415_C1059_HNN,3,False,True,0.0075038492489171,0.010011485743341422,1,1
26,TK-1999-0415_C1059_HNN,4,False,True,0.0134099413241191,0.018324326679853592,2,2
26,TK-1999-0415_C1059_HNN,5,False,True,0.0351784140897121,0.046883989599235516,3,4
26,TK-1999-0415_C1060_HNE,0,False,True,0.0007785293577951,0.0006821781878683954,0,0
26,TK-1999-0415_C1060_HNE,1,False,True,0.0038342804531695,0.002216860733529725,0,0
26,TK-1999-0415_C1060_HNE,2,False,True,0.0078197436768948,0.005045478002380502,1,1
26,TK-1999-0415_C1060_HNE,3,False,True,0.018768988724432,0.010825477804923458,2,1
26,TK-1999-0415_C1060_HNE,4,False,True,0.1,0.022446301425583313,4,2
26,TK-1999-0415_C1060_HNE,5,False,True,0.1,0.05549760718154282,4,4
26,TK-1999-0415_C1061_HNE,0,False,True,0.0006465972501797,0.0006789743839868656,0,0
26,TK-1999-0415_C1061_HNE,1,False,True,0.0022137009340738,0.002386189106827324,0,0
26,TK-1999-0415_C1061_HNE,2,False,True,0.0079452486090238,0.006488709723782768,1,1
26,TK-1999-0415_C1061_HNE,3,False,True,0.0144455395503976,0.012080433249675929,2,2
26,TK-1999-0415_C1061_HNE,4,False,True,0.0334047291220267,0.022102628150332846,3,2
26,TK-1999-0415_C1061_HNE,5,False,True,0.1,0.04048926182077329,4,4
26,TK-1999-0415_C1062_HNE,0,False,True,0.000647348844638,0.0005960822982060971,0,0
26,TK-1999-0415_C1062_HNE,1,False,True,0.0024520945449401,0.001905723171078841,0,0
26,TK-1999-0415_C1062_HNE,2,False,True,0.0046132581417797,0.004907448396047582,0,1
26,TK-1999-0415_C1062_HNE,3,False,True,0.0097311933895101,0.009781668724960597,1,1
26,TK-1999-0415_C1062_HNE,4,False,True,0.0146668792791426,0.015991765152469112,2,2
26,TK-1999-0415_C1062_HNE,5,False,True,0.0276238870875221,0.047893755997514345,2,2
26,TK-1999-0415_D0531_HNN,0,False,True,0.0005584048527474,0.0005401879585281482,0,0
26,TK-1999-0415_D0531_HNN,1,False,True,0.0013346982945995,0.0015456706301037208,0,0
26,TK-1999-0415_D0531_HNN,2,False,True,0.0034333809279112,0.0027848714011156905,0,0
26,TK-1999-0415_D0531_HNN,3,False,True,0.0062596254992845,0.004723886763032301,1,0
26,TK-1999-0415_D0531_HNN,4,False,True,0.0101602211607759,0.008578782652329496,1,1
26,TK-1999-0415_D0531_HNN,5,False,True,0.0182283550619111,0.01747355273805507,2,2
26,TK-1999-0415_1401_HNE,0,False,True,0.0006255168120939,0.000637137013912647,0,0
26,TK-1999-0415_1401_HNE,1,False,True,0.0024922223423686,0.002439026775458706,0,0
26,TK-1999-0415_1401_HNE,2,False,True,0.0071305369468076,0.00707138092045296,1,0
26,TK-1999-0415_1401_HNE,3,False,True,0.0159287634204319,0.013239151333906027,2,2
26,TK-1999-0415_1401_HNE,4,False,True,0.0177646652649077,0.025621848749498362,2,2
26,TK-1999-0415_1401_HNE,5,False,True,0.0298393391740883,0.045598864110376724,2,3
26,TK-1999-0415_1406_HNN,0,False,True,0.000617062827377,0.0006257361542646899,0,0
26,TK-1999-0415_1406_HNN,1,False,True,0.0021560091472851,0.0019421152722273434,0,0
26,TK-1999-0415_8101_HNE,0,False,True,0.0005955163993914,0.000632359601425493,0,0
26,TK-1999-0415_8101_HNE,1,False,True,0.0032340394840011,0.002339888822642488,0,0
26,TK-1999-0415_8101_HNE,2,False,True,0.0076040388511864,0.006976543836927901,1,0
26,TK-1999-0415_8101_HNE,3,False,True,0.0136504554131001,0.01426224974000118,2,1
26,TK-1999-0415_1406_HNN,2,False,True,0.0038653036878624,0.005258306993359495,0,1
26,TK-1999-0415_1406_HNN,3,False,True,0.0080385586721294,0.009513271623524043,1,1
26,TK-1999-0415_1406_HNN,4,False,True,0.0134626753076636,0.01736206483509999,2,2
26,TK-1999-0415_1406_HNN,5,False,True,0.0810203234126258,0.034530510659342546,4,2
26,TK-1999-0415_8101_HNE,4,False,True,0.025831077742944,0.030285186952845242,2,3
26,TK-1999-0415_8101_HNE,5,False,True,0.1,0.05789377822906823,4,4
26,INT-20250810_0000200_AKS_HNN,0,False,True,0.0006033367133568,0.0006332301634941128,0,0
26,INT-20250810_0000200_AKS_HNN,1,False,True,0.0016178725064604,0.0020902411347385017,0,0
26,INT-20250810_0000200_AKS_HNN,2,False,True,0.0028885531127075,0.00538966361933693,0,1
26,INT-20250810_0000200_AKS_HNN,3,False,True,0.006389859276742,0.010321709360657334,1,1
26,INT-20250810_0000200_AKS_HNN,4,False,True,0.0102666133601884,0.020714213303664075,1,2
26,INT-20250810_0000200_AKS_HNN,5,False,True,0.0172003290330271,0.04923784177162644,2,3
26,INT-20250810_0000200_BALB_HNE,0,False,True,0.0006044815734552,0.0006174095723689686,0,0
26,INT-20250810_0000200_BALB_HNE,1,False,True,0.0023640822283635,0.0020338887682980248,0,0
26,INT-20250810_0000200_BALB_HNE,2,False,True,0.0057221317841332,0.005787124884100054,1,1
26,INT-20250810_0000200_BALB_HNE,3,False,True,0.0098468046013444,0.010344294815878464,1,1
26,INT-20250810_0000200_BALB_HNE,4,False,True,0.0159648781805486,0.01733498341321554,2,2
26,INT-20250810_0000200_BALB_HNE,5,False,True,0.0364175831797946,0.03729819520615606,3,2
26,INT-20250810_0000200_GORD_HNN,0,False,True,0.0005981611290445,0.0005940353556826803,0,0
26,INT-20250810_0000200_GORD_HNN,1,False,True,0.001473614622865,0.0016092324661885697,0,0
26,INT-20250810_0000200_GORD_HNN,2,False,True,0.0023184686456794,0.0028872777082262686,0,0
26,INT-20250810_0000200_GORD_HNN,3,False,True,0.0049000341057662,0.004315114867806455,0,0
26,INT-20250810_0000200_GORD_HNN,4,False,True,0.0089065419911656,0.007349094394980118,1,1
26,INT-20250810_0000200_GORD_HNN,5,False,True,0.0145459628113861,0.013386238511375024,2,2
26,INT-20250810_0000200_SOMA_HNN,0,False,True,0.0006229450408734,0.0006245363738512895,0,0
26,INT-20250810_0000200_SOMA_HNN,1,False,True,0.0021493885203641,0.0019585427687721633,0,0
26,INT-20250810_0000200_SOMA_HNN,2,False,True,0.0036164208749199,0.005391365205074391,0,1
26,INT-20250810_0000200_SOMA_HNN,3,False,True,0.0078698760160134,0.009534420460903102,1,1
26,INT-20250810_0000200_SOMA_HNN,4,False,True,0.0162384507625216,0.017402453432885292,2,2
26,INT-20250810_0000200_SOMA_HNN,5,False,True,0.0247227102151367,0.03523678169581921,2,3
26,TK-1999-0294_1612_HNE,0,False,True,0.0006092501360745,0.0005874474987487571,0,0
26,TK-1999-0294_1612_HNE,1,False,True,0.0019021815045466,0.0018436304642131395,0,0
26,TK-1999-0294_1612_HNE,2,False,True,0.0036042638728304,0.004381538139994663,0,0
26,TK-1999-0294_1612_HNE,3,False,True,0.0095433159748094,0.007186663798850829,1,1
26,TK-1999-0294_1612_HNE,4,False,True,0.0166581720961433,0.013214096778785139,2,2
26,TK-1999-0294_1612_HNE,5,False,True,0.0312307928936716,0.02450565147127749,3,2
26,TK-2003-0179_1701_HNN,0,False,True,0.0006127480944919,0.0005661681354091321,0,0
26,TK-2003-0179_1701_HNN,1,False,True,0.0022582052345591,0.0016827953504937887,0,0
26,TK-2003-0179_1701_HNN,2,False,True,0.0057595771322432,0.003037246561982734,1,0
26,TK-2003-0179_1701_HNN,3,False,True,0.009271828424761,0.0056460069615971884,1,1
26,TK-2003-0179_1701_HNN,4,False,True,0.0154234865202779,0.008737202363129016,2,1
26,TK-2003-0179_1701_HNN,5,False,True,0.0227888877456113,0.018044329215064922,2,2
26,TK-1999-0294_4101_HNE,0,False,True,0.000579110848461,0.0006233806436837388,0,0
26,TK-1999-0294_4101_HNE,1,False,True,0.001431063623524,0.0019826746915227325,0,0
26,TK-1999-0294_4101_HNE,2,False,True,0.0035686421083092,0.0061080488278019525,0,1
26,TK-1999-0294_4101_HNE,3,False,True,0.0070149244117919,0.01376279636598674,1,2
26,TK-1999-0294_4101_HNE,4,False,True,0.011706231268758,0.03218596010405431,1,2
26,TK-1999-0294_4101_HNE,5,False,True,0.0224728712486991,0.05001343298688789,2,4
26,TK-1999-0294_4107_HNE,0,False,True,0.0006126331679513,0.000569587744843378,0,0
26,TK-1999-0294_4107_HNE,1,False,True,0.0020040879936916,0.0021806913366086487,0,0
26,TK-1999-0294_4107_HNE,2,False,True,0.0068190168932825,0.005538832307069789,1,1
26,TK-1999-0294_4107_HNE,3,False,True,0.0180402236823121,0.010501833997609079,2,2
26,TK-1999-0294_4107_HNE,4,False,True,0.0362084638072113,0.021247726596971578,3,2
26,TK-1999-0294_4107_HNE,5,False,True,0.062389741878817,0.035357696837180215,4,4
26,TK-1999-0294_5401_HNE,0,False,True,0.0006169629062464,0.000798301312706132,0,0
26,TK-1999-0294_5401_HNE,1,False,True,0.0013466169670734,0.0035917429049423274,0,0
26,TK-1999-0294_5401_HNE,2,False,True,0.0030175002734645,0.008664308127184708,0,1
26,TK-1999-0294_5401_HNE,3,False,True,0.0056808123449246,0.015547229635795327,1,2
26,TK-1999-0294_5401_HNE,4,False,True,0.0095430027936034,0.03389126885079033,1,2
26,TK-1999-0294_5401_HNE,5,False,True,0.0199814079353583,0.0494722391727763,2,4
26,EMSC-20200122_0000127_GOMA_HNE,0,False,True,0.0005931745520313,0.0005698482766356626,0,0
26,EMSC-20200122_0000127_GOMA_HNE,1,False,True,0.0018568966801176,0.001341115561342388,0,0
26,EMSC-20200122_0000127_GOMA_HNE,2,False,True,0.0039539326632258,0.002854010336007247,0,0
26,EMSC-20200122_0000127_GOMA_HNE,3,False,True,0.0075722960296714,0.005854552769406297,1,1
26,EMSC-20200122_0000127_GOMA_HNE,4,False,True,0.0096746305438302,0.009787980429775776,1,2
26,EMSC-20200122_0000127_GOMA_HNE,5,False,True,0.0174539240213239,0.016640911124625384,2,2
26,EMSC-20200122_0000127_SOMA_HNN,0,False,True,0.0005919389067998,0.0005389373663511754,0,0
26,EMSC-20200122_0000127_SOMA_HNN,1,False,True,0.0021034778307337,0.0013953307401848867,0,0
26,EMSC-20200122_0000127_SOMA_HNN,2,False,True,0.0045522263773269,0.0031458421772089695,0,0
26,EMSC-20200122_0000127_SOMA_HNN,3,False,True,0.0086611783683938,0.007341203120242977,1,1
26,EMSC-20200122_0000127_SOMA_HNN,4,False,True,0.0150096350764866,0.012955016292073082,2,1
26,EMSC-20200122_0000127_SOMA_HNN,5,False,True,0.0242557295047361,0.022451834932304796,2,2
27,TK-1999-0077_YPT_HNN,4,False,True,0.1,0.08225522922978146,4,4
27,TK-1999-0077_YPT_HNN,5,False,True,0.1,0.08695089820742209,4,4
27,TK-1999-0077_1612_HNE,0,False,True,0.0015130108641023,0.0008453596811491061,0,0
27,TK-1999-0077_1612_HNE,1,False,True,0.0050751640395867,0.0019572379120763018,1,0
27,TK-1999-0077_YPT_HNN,0,False,True,0.0014654938551801,0.0011375292232916213,0,0
27,TK-1999-0077_YPT_HNN,1,False,True,0.005308558096991,0.003232522165521647,1,0
27,TK-1999-0077_YPT_HNN,2,False,True,0.0173227163959498,0.008945612635521346,2,1
27,TK-1999-0077_YPT_HNN,3,False,True,0.1,0.044808990615792216,4,3
27,TK-1999-0077_1612_HNE,2,False,True,0.0088369216148267,0.004047943834399156,1,0
27,TK-1999-0077_1612_HNE,3,False,True,0.0201111192037337,0.00885336294872944,2,1
27,TK-1999-0077_1612_HNE,4,False,True,0.1,0.020176726055782742,4,4
27,TK-1999-0077_1612_HNE,5,False,True,0.1,0.042082348622347894,4,4
27,TK-1999-0077_4101_HNE,0,False,True,0.0008887117888338,0.0014477295753383371,0,0
27,TK-1999-0077_4101_HNE,1,False,True,0.0039356873233252,0.004904787360373838,0,1
27,TK-1999-0077_4101_HNE,2,False,True,0.0182089806886396,0.010664892587004203,2,2
27,TK-1999-0077_4101_HNE,3,False,True,0.1,0.04285680176529578,4,3
27,TK-1999-0077_4101_HNE,4,False,True,0.1,0.10976122961742601,4,4
27,TK-1999-0077_4101_HNE,5,False,True,0.1,0.12200454549130621,4,4
27,TK-1999-0077_4106_HNN,0,False,True,0.000880114940167,0.0017186371397321714,0,0
27,TK-1999-0077_4106_HNN,1,False,True,0.0035390743536899,0.009291590416503633,0,1
27,TK-1999-0077_4106_HNN,2,False,True,0.0164844558981603,0.02356765437258593,2,2
27,TK-1999-0077_4106_HNN,3,False,True,0.0970472485812215,0.07303603571887204,4,3
27,TK-1999-0077_4106_HNN,4,False,True,0.1,0.13490763622062715,4,4
27,TK-1999-0077_4106_HNN,5,False,True,0.1,0.15684920205379477,4,4
27,TK-1999-0077_5401_HNE,0,False,True,0.0010538010838598,0.0012487619416232177,0,0
27,TK-1999-0077_5401_HNE,1,False,True,0.0054274658736448,0.005298739782879923,1,0
27,TK-1999-0077_5401_HNE,2,False,True,0.0106741110104196,0.01618941878410905,1,2
27,TK-1999-0077_5401_HNE,3,False,True,0.0405490474352353,0.06614979570025256,3,4
27,TK-1999-0077_5401_HNE,4,False,True,0.1,0.0679361587669739,4,4
27,TK-1999-0077_5401_HNE,5,False,True,0.1,0.08925164729092722,4,4
27,TK-1999-0415_487_HNN,0,False,True,0.0015058587897914,0.0011585309043592577,0,0
27,TK-1999-0415_487_HNN,1,False,True,0.0037399199904103,0.0035288207199987535,0,0
27,TK-1999-0415_487_HNN,2,False,True,0.0090519427220595,0.007873468352888364,1,1
27,TK-1999-0415_487_HNN,3,False,True,0.0202046299645342,0.016662535215494916,2,2
27,TK-1999-0415_487_HNN,4,False,True,0.0385109529159352,0.04455548999413772,3,4
27,TK-1999-0415_487_HNN,5,False,True,0.1,0.08214124321776314,4,4
27,TK-1999-0415_496_HNN,0,False,True,0.0015253236447936,0.0019277972632739907,0,0
27,TK-1999-0415_496_HNN,1,False,True,0.0070174194216936,0.007632035148318758,1,1
27,TK-1999-0415_496_HNN,2,False,True,0.0158714470532043,0.019237756133959345,2,2
27,TK-1999-0415_496_HNN,3,False,True,0.0273802952393428,0.03991761447178576,2,4
27,TK-1999-0415_496_HNN,4,False,True,0.1,0.08680683646113521,4,4
27,TK-1999-0415_496_HNN,5,False,True,0.1,0.09459251684733358,4,4
27,TK-1999-0415_498_HNN,0,False,True,0.0016461137431543,0.0013531857989147503,0,0
27,TK-1999-0415_498_HNN,1,False,True,0.0042860410620864,0.0042435462420305865,0,0
27,TK-1999-0415_C0362_HNN,0,False,True,0.0009389978410653,0.0009926406999099273,0,0
27,TK-1999-0415_C0362_HNN,1,False,True,0.0031453633885547,0.0019110190677236816,0,0
27,TK-1999-0415_C0362_HNN,2,False,True,0.0059073084373547,0.0031000471107345646,1,0
27,TK-1999-0415_C0362_HNN,3,False,True,0.0132148925547765,0.006334398191464048,2,1
27,TK-1999-0415_498_HNN,2,False,True,0.0092479376017524,0.012539740120727737,1,1
27,TK-1999-0415_498_HNN,3,False,True,0.0207314451148719,0.03136748005148015,2,2
27,TK-1999-0415_498_HNN,4,False,True,0.1,0.06348875694892926,4,4
27,TK-1999-0415_498_HNN,5,False,True,0.1,0.10095445204364914,4,4
27,TK-1999-0415_C0362_HNN,4,False,True,0.0266441367369395,0.010366053279509544,2,1
27,TK-1999-0415_C0362_HNN,5,False,True,0.1,0.01752552592476253,4,2
27,TK-1999-0415_C0375_HNN,0,False,True,0.0030339749045593,0.0022323450317905816,0,0
27,TK-1999-0415_C0375_HNN,1,False,True,0.0065889917022198,0.009148220264492015,1,1
27,TK-1999-0415_C0375_HNN,2,False,True,0.0167299652173214,0.02059134437517074,2,2
27,TK-1999-0415_C0375_HNN,3,False,True,0.1,0.06585852191753196,4,4
27,TK-1999-0415_C0375_HNN,4,False,True,0.1,0.10989506577330971,4,4
27,TK-1999-0415_C0375_HNN,5,False,True,0.1,0.12118285998272267,4,4
27,TK-1999-0415_C1058_HNE,0,False,True,0.001557727887832,0.0010536369959318467,0,0
27,TK-1999-0415_C1058_HNE,1,False,True,0.0055674578386343,0.0032036251825462445,1,0
27,TK-1999-0415_C1058_HNE,2,False,True,0.0129718724105324,0.009438984645469061,2,2
27,TK-1999-0415_C1058_HNE,3,False,True,0.0332030659230529,0.027984829152033736,3,2
27,TK-1999-0415_C1058_HNE,4,False,True,0.1,0.07090625098245157,4,4
27,TK-1999-0415_C1058_HNE,5,False,True,0.1,0.09247602786633706,4,4
27,TK-1999-0415_C1059_HNN,0,False,True,0.0011580289501443,0.0016736486199830025,0,0
27,TK-1999-0415_C1059_HNN,1,False,True,0.0032481671804964,0.004753274476360193,0,1
27,TK-1999-0415_C1059_HNN,2,False,True,0.0087553723840851,0.010276277265905832,1,1
27,TK-1999-0415_C1059_HNN,3,False,True,0.0191942897407154,0.023987459782591664,2,2
27,TK-1999-0415_C1059_HNN,4,False,True,0.1,0.07687159816109515,4,4
27,TK-1999-0415_C1059_HNN,5,False,True,0.1,0.09189404177460425,4,4
27,TK-1999-0415_C1060_HNE,0,False,True,0.0013225660377149,0.0012871725917681758,0,0
27,TK-1999-0415_C1060_HNE,1,False,True,0.0054183396164058,0.003572612443896578,1,0
27,TK-1999-0415_C1060_HNE,2,False,True,0.0121980312574621,0.008365038555231843,2,1
27,TK-1999-0415_C1060_HNE,3,False,True,0.1,0.01913384173683128,4,2
27,TK-1999-0415_C1060_HNE,4,False,True,0.1,0.059807144570298516,4,3
27,TK-1999-0415_C1060_HNE,5,False,True,0.1,0.1007941607963788,4,4
27,TK-1999-0415_C1061_HNE,0,False,True,0.0020729332577997,0.0013342961928605652,0,0
27,TK-1999-0415_C1061_HNE,1,False,True,0.0050674980244445,0.004375437555027152,1,1
27,TK-1999-0415_C1061_HNE,2,False,True,0.0097169662548972,0.009322348563651923,1,1
27,TK-1999-0415_C1061_HNE,3,False,True,0.0266831167636019,0.01854777551742946,2,2
27,TK-1999-0415_C1061_HNE,4,False,True,0.1,0.04474596264151281,4,4
27,TK-1999-0415_C1061_HNE,5,False,True,0.1,0.07673833786238751,4,4
27,TK-1999-0415_C1062_HNE,0,False,True,0.0014637836410476,0.0012192685907866335,0,0
27,TK-1999-0415_C1062_HNE,1,False,True,0.0039461124431178,0.00421867850119508,0,1
27,TK-1999-0415_C1062_HNE,2,False,True,0.0073872761428177,0.010892830030508022,1,1
27,TK-1999-0415_C1062_HNE,3,False,True,0.018385486291154,0.027554971818913965,2,2
27,TK-1999-0415_C1062_HNE,4,False,True,0.0885157250836764,0.0704415824116751,4,4
27,TK-1999-0415_C1062_HNE,5,False,True,0.1,0.10403097783149484,4,4
27,TK-1999-0415_D0531_HNN,0,False,True,0.0012431360714581,0.0014333634786747825,0,0
27,TK-1999-0415_D0531_HNN,1,False,True,0.0039959521791543,0.004129309068083495,0,0
27,TK-1999-0415_D0531_HNN,2,False,True,0.0117029541868615,0.010213693257658007,1,1
27,TK-1999-0415_D0531_HNN,3,False,True,0.0243001237792594,0.02793712139439667,2,2
27,TK-1999-0415_D0531_HNN,4,False,True,0.1,0.06513907413324564,4,4
27,TK-1999-0415_D0531_HNN,5,False,True,0.1,0.09317615824266508,4,4
27,TK-1999-0415_1401_HNE,0,False,True,0.0010533528696445,0.0014132235222488621,0,0
27,TK-1999-0415_1401_HNE,1,False,True,0.003098013053386,0.004586076830028092,0,0
27,TK-1999-0415_1401_HNE,2,False,True,0.0051187981397239,0.008550538848426189,1,1
27,TK-1999-0415_1401_HNE,3,False,True,0.0078661111270815,0.015970542497162964,1,2
27,TK-1999-0415_1401_HNE,4,False,True,0.0178049611759414,0.028694133634183227,2,2
27,TK-1999-0415_1401_HNE,5,False,True,0.0259881833847854,0.0607415026953094,2,4
27,TK-1999-0415_1406_HNN,0,False,True,0.0013152450611869,0.0014666621998832461,0,0
27,TK-1999-0415_1406_HNN,1,False,True,0.0050635758755015,0.004836178958922354,1,1
27,TK-1999-0415_1406_HNN,2,False,True,0.0161259440620619,0.011597523675001735,2,1
27,TK-1999-0415_1406_HNN,3,False,True,0.0672337577082214,0.024223841237576912,4,2
27,TK-1999-0415_1406_HNN,4,False,True,0.1,0.07495890135352286,4,4
27,TK-1999-0415_1406_HNN,5,False,True,0.1,0.11236228330368987,4,4
27,TK-1999-0415_8101_HNE,4,False,True,0.1,0.04613306537794182,4,4
27,TK-1999-0415_8101_HNE,5,False,True,0.1,0.07416670390514571,4,4
27,INT-20250810_0000200_AKS_HNN,0,False,True,0.001201406813837,0.0017153248913258422,0,0
27,INT-20250810_0000200_AKS_HNN,1,False,True,0.0044359105140172,0.0058574107366789,0,1
27,TK-1999-0415_8101_HNE,0,False,True,0.0011411781604111,0.0015190612952097758,0,0
27,TK-1999-0415_8101_HNE,1,False,True,0.0038346380076776,0.005529356469343238,0,0
27,TK-1999-0415_8101_HNE,2,False,True,0.009363981458173,0.012939816134221939,1,1
27,TK-1999-0415_8101_HNE,3,False,True,0.0206109617932899,0.024719779409789894,2,2
27,INT-20250810_0000200_BALB_HNE,0,False,True,0.0013061413145474,0.0011805209483581427,0,0
27,INT-20250810_0000200_BALB_HNE,1,False,True,0.0031642011564009,0.003746959253284205,0,0
27,INT-20250810_0000200_BALB_HNE,2,False,True,0.0064913399858488,0.008195481177164506,1,1
27,INT-20250810_0000200_BALB_HNE,3,False,True,0.0141334456927239,0.01632612042425188,2,2
27,INT-20250810_0000200_AKS_HNN,2,False,True,0.012837775894057,0.01713383310402411,2,2
27,INT-20250810_0000200_AKS_HNN,3,False,True,0.024337698606668,0.047203132307197915,2,4
27,INT-20250810_0000200_AKS_HNN,4,False,True,0.0421841789707661,0.05514743181501316,3,4
27,INT-20250810_0000200_AKS_HNN,5,False,True,0.1,0.10395096778814605,4,4
27,INT-20250810_0000200_BALB_HNE,4,False,True,0.023962823688442,0.03168456991943448,2,2
27,INT-20250810_0000200_BALB_HNE,5,False,True,0.1,0.080836443467339,4,4
27,INT-20250810_0000200_GORD_HNN,0,False,True,0.0011085028900263,0.0011080649071187477,0,0
27,INT-20250810_0000200_GORD_HNN,1,False,True,0.003212073509315,0.002878301258881634,0,0
27,INT-20250810_0000200_GORD_HNN,2,False,True,0.0067629043837547,0.005460869172555114,1,1
27,INT-20250810_0000200_GORD_HNN,3,False,True,0.0124979843914207,0.011392365819533339,2,1
27,INT-20250810_0000200_GORD_HNN,4,False,True,0.0241637811301259,0.019119671732356014,2,2
27,INT-20250810_0000200_GORD_HNN,5,False,True,0.0550527797315141,0.037678754179566495,3,4
27,INT-20250810_0000200_SOMA_HNN,0,False,True,0.0014896942809553,0.0014346498281495297,0,0
27,INT-20250810_0000200_SOMA_HNN,1,False,True,0.005301004730751,0.004343599832810169,1,1
27,INT-20250810_0000200_SOMA_HNN,2,False,True,0.0096992206764241,0.009932463117667501,1,1
27,INT-20250810_0000200_SOMA_HNN,3,False,True,0.0168093509917831,0.020539934905890535,2,2
27,INT-20250810_0000200_SOMA_HNN,4,False,True,0.029617849214436,0.060454574884209744,2,3
27,INT-20250810_0000200_SOMA_HNN,5,False,True,0.1,0.0802174075439858,4,4
27,TK-1999-0294_1612_HNE,0,False,True,0.0014469461602841,0.0010002047901583092,0,0
27,TK-1999-0294_1612_HNE,1,False,True,0.0039119175887856,0.0022088939307284648,0,0
27,TK-1999-0294_1612_HNE,2,False,True,0.0083509383818181,0.004997761531093359,1,1
27,TK-1999-0294_1612_HNE,3,False,True,0.0146708806249471,0.009430034732246037,2,2
27,TK-1999-0294_1612_HNE,4,False,True,0.0203832551254489,0.017452615021986438,2,2
27,TK-1999-0294_1612_HNE,5,False,True,0.1,0.032462510489263505,4,2
27,TK-2003-0179_1701_HNN,0,False,True,0.0008213919186746,0.0010876537931915787,0,0
27,TK-2003-0179_1701_HNN,1,False,True,0.0018902911544563,0.0028421228427608696,0,0
27,TK-2003-0179_1701_HNN,2,False,True,0.0043448510684908,0.003806617383408811,0,0
27,TK-2003-0179_1701_HNN,3,False,True,0.0089944986294712,0.007551245981643209,1,1
27,TK-1999-0294_4101_HNE,2,False,True,0.0138341771716873,0.021202964416993667,2,2
27,TK-1999-0294_4101_HNE,3,False,True,0.0242840386033487,0.03341941601239482,2,2
27,TK-1999-0294_4101_HNE,4,False,True,0.0513877905997893,0.09283131894677481,3,4
27,TK-1999-0294_4101_HNE,5,False,True,0.1,0.11762815400728571,4,4
27,TK-2003-0179_1701_HNN,4,False,True,0.0151141820501419,0.010830798061656684,2,2
27,TK-2003-0179_1701_HNN,5,False,True,0.0336262941814076,0.02577823710051127,3,2
27,TK-1999-0294_4101_HNE,0,False,True,0.0016137693736268,0.0018358697563795733,0,0
27,TK-1999-0294_4101_HNE,1,False,True,0.0072998734285748,0.00781755483477503,1,1
27,TK-1999-0294_4107_HNE,0,False,True,0.001258211019129,0.0010719740419220236,0,0
27,TK-1999-0294_4107_HNE,1,False,True,0.0037890510792273,0.00305168531086685,0,0
27,TK-1999-0294_4107_HNE,2,False,True,0.0099747287201501,0.007782771181263297,1,1
27,TK-1999-0294_4107_HNE,3,False,True,0.0187839904842789,0.01720608760793474,2,2
27,TK-1999-0294_4107_HNE,4,False,True,0.0279562681372233,0.03605161302485043,2,2
27,TK-1999-0294_4107_HNE,5,False,True,0.1,0.049149747038045415,4,4
27,TK-1999-0294_5401_HNE,0,False,True,0.0011676990382504,0.00240597390456745,0,0
27,TK-1999-0294_5401_HNE,1,False,True,0.0038768455890842,0.010377526477815839,0,1
27,TK-1999-0294_5401_HNE,2,False,True,0.0099396721376421,0.018645650951961634,1,2
27,TK-1999-0294_5401_HNE,3,False,True,0.0189995456088464,0.03199931356978636,2,2
27,TK-1999-0294_5401_HNE,4,False,True,0.1,0.06973428846649024,4,4
27,TK-1999-0294_5401_HNE,5,False,True,0.1,0.09220201144098739,4,4
27,EMSC-20200122_0000127_GOMA_HNE,0,False,True,0.0010023447509665,0.001064429773731538,0,0
27,EMSC-20200122_0000127_GOMA_HNE,1,False,True,0.0023463075248672,0.0028913811587514614,0,0
27,EMSC-20200122_0000127_GOMA_HNE,2,False,True,0.0059109238686057,0.006433995304108035,1,1
27,EMSC-20200122_0000127_GOMA_HNE,3,False,True,0.0134882158880033,0.013280228346633234,2,2
27,EMSC-20200122_0000127_GOMA_HNE,4,False,True,0.022375963751429,0.02380453766352289,2,2
27,EMSC-20200122_0000127_GOMA_HNE,5,False,True,0.0296612307369586,0.079585000352007,2,4
27,EMSC-20200122_0000127_SOMA_HNN,0,False,True,0.0015825648169729,0.0013498951749688923,0,0
27,EMSC-20200122_0000127_SOMA_HNN,1,False,True,0.005699038657601,0.0047893742851181425,1,1
27,EMSC-20200122_0000127_SOMA_HNN,2,False,True,0.0131870225514515,0.011374780171062686,2,2
27,EMSC-20200122_0000127_SOMA_HNN,3,False,True,0.0239941709936956,0.025547646473345446,2,2
27,EMSC-20200122_0000127_SOMA_HNN,4,False,True,0.0721008814698416,0.07095570430021735,4,4
27,EMSC-20200122_0000127_SOMA_HNN,5,False,True,0.1,0.10918565136668468,4,4
28,TK-1999-0077_YPT_HNN,4,False,True,0.1,0.06068076034220708,4,4
28,TK-1999-0077_YPT_HNN,5,False,True,0.1,0.08250129250829609,4,4
28,TK-1999-0077_1612_HNE,0,False,True,0.0013945738548604,0.0008759876203651987,0,0
28,TK-1999-0077_1612_HNE,1,False,True,0.0051040423348928,0.0018877675848293044,1,0
28,TK-1999-0077_YPT_HNN,0,False,True,0.0013066352387324,0.001142619472075654,0,0
28,TK-1999-0077_YPT_HNN,1,False,True,0.0051977095833792,0.0036185960586118233,1,0
28,TK-1999-0077_YPT_HNN,2,False,True,0.0156569958834001,0.008043584505073826,2,1
28,TK-1999-0077_YPT_HNN,3,False,True,0.1,0.03257755392145753,4,2
28,TK-1999-0077_1612_HNE,2,False,True,0.0095640776315304,0.0032267032147081346,1,0
28,TK-1999-0077_1612_HNE,3,False,True,0.0157936649901665,0.007329432389160047,2,1
28,TK-1999-0077_1612_HNE,4,False,True,0.0290859428219266,0.011904270491369086,2,1
28,TK-1999-0077_1612_HNE,5,False,True,0.1,0.027065367951223152,4,4
28,TK-1999-0077_4101_HNE,0,False,True,0.00105302398099,0.0014516132686210924,0,0
28,TK-1999-0077_4101_HNE,1,False,True,0.0042112295670446,0.0048919603382781215,0,1
28,TK-1999-0077_4101_HNE,2,False,True,0.0194828280099516,0.010984636002160774,2,2
28,TK-1999-0077_4101_HNE,3,False,True,0.0747112279546005,0.04326752393720638,4,3
28,TK-1999-0077_4101_HNE,4,False,True,0.1,0.11907600639080573,4,4
28,TK-1999-0077_4101_HNE,5,False,True,0.1,0.12149492277290738,4,4
28,TK-1999-0077_4106_HNN,0,False,True,0.0009051913036714,0.0021683537839935377,0,0
28,TK-1999-0077_4106_HNN,1,False,True,0.0045436523051546,0.010996153946439399,0,1
28,TK-1999-0077_4106_HNN,2,False,True,0.0203301456699814,0.03669234207841251,2,2
28,TK-1999-0077_4106_HNN,3,False,True,0.08430467141935,0.07729688932552033,4,4
28,TK-1999-0077_4106_HNN,4,False,True,0.1,0.14636093707420225,4,4
28,TK-1999-0077_4106_HNN,5,False,True,0.1,0.1652816745563154,4,4
28,TK-1999-0077_5401_HNE,0,False,True,0.0010757858682593,0.0012794919099571166,0,0
28,TK-1999-0077_5401_HNE,1,False,True,0.0056074670912319,0.005427327144317202,1,1
28,TK-1999-0077_5401_HNE,2,False,True,0.0116045206444832,0.01528340757036155,1,2
28,TK-1999-0077_5401_HNE,3,False,True,0.042382633346765,0.057715673627199746,3,4
28,TK-1999-0077_5401_HNE,4,False,True,0.1,0.06478716646223653,4,4
28,TK-1999-0077_5401_HNE,5,False,True,0.1,0.09729633370401526,4,4
28,TK-1999-0415_487_HNN,0,False,True,0.0016915013654594,0.0012253056558750857,0,0
28,TK-1999-0415_487_HNN,1,False,True,0.0043708885891548,0.0036307322323087376,0,0
28,TK-1999-0415_487_HNN,2,False,True,0.0101248599210077,0.008035370973017913,1,1
28,TK-1999-0415_487_HNN,3,False,True,0.0188441560333884,0.017246260113676807,2,2
28,TK-1999-0415_487_HNN,4,False,True,0.1,0.051635690763107596,4,4
28,TK-1999-0415_487_HNN,5,False,True,0.1,0.09510313488013497,4,4
28,TK-1999-0415_496_HNN,0,False,True,0.0017814044248146,0.0032606790134043443,0,0
28,TK-1999-0415_496_HNN,1,False,True,0.0070794338442651,0.007898213820720177,1,1
28,TK-1999-0415_496_HNN,2,False,True,0.0143755918540115,0.01854607005381196,2,2
28,TK-1999-0415_496_HNN,3,False,True,0.0641851464731755,0.058751877477224664,4,4
28,TK-1999-0415_496_HNN,4,False,True,0.1,0.09556285181159653,4,4
28,TK-1999-0415_496_HNN,5,False,True,0.1,0.10130119737374146,4,4
28,TK-1999-0415_498_HNN,0,False,True,0.0018445797690593,0.0014495682576641192,0,0
28,TK-1999-0415_498_HNN,1,False,True,0.0045239454026239,0.0043449353835054005,0,0
28,TK-1999-0415_498_HNN,2,False,True,0.0099967929895311,0.011493018426874042,1,1
28,TK-1999-0415_498_HNN,3,False,True,0.0186222812609378,0.030269321656250195,2,2
28,TK-1999-0415_498_HNN,4,False,True,0.0824310379815973,0.06134662234293201,4,4
28,TK-1999-0415_498_HNN,5,False,True,0.1,0.11205688256205146,4,4
28,TK-1999-0415_C0362_HNN,0,False,True,0.0009979414470261,0.0010434536158561696,0,0
28,TK-1999-0415_C0362_HNN,1,False,True,0.0035408269042039,0.002001624193438156,0,0
28,TK-1999-0415_C0362_HNN,2,False,True,0.0065982288502896,0.003595818937586065,1,0
28,TK-1999-0415_C0362_HNN,3,False,True,0.0127868533462809,0.006206662405745692,2,1
28,TK-1999-0415_C0375_HNN,2,False,True,0.0143228689617239,0.020007332246203893,2,2
28,TK-1999-0415_C0375_HNN,3,False,True,0.0603671291456604,0.06223502074886845,4,4
28,TK-1999-0415_C0375_HNN,4,False,True,0.1,0.10597927167614415,4,4
28,TK-1999-0415_C0375_HNN,5,False,True,0.1,0.12230762813302126,4,4
28,TK-1999-0415_C0362_HNN,4,False,True,0.0345022388283338,0.010571199397627701,3,1
28,TK-1999-0415_C0362_HNN,5,False,True,0.1,0.01930422625447601,4,2
28,TK-1999-0415_C0375_HNN,0,False,True,0.0030542098647915,0.0022428687094545254,0,0
28,TK-1999-0415_C0375_HNN,1,False,True,0.0066748923519766,0.00813706199189912,1,1
28,TK-1999-0415_C1058_HNE,4,False,True,0.1,0.07169964902373867,4,4
28,TK-1999-0415_C1058_HNE,5,False,True,0.1,0.10364875361965788,4,4
28,TK-1999-0415_C1059_HNN,0,False,True,0.0014083794615459,0.0017438158311747945,0,0
28,TK-1999-0415_C1059_HNN,1,False,True,0.003436247749438,0.004708329208392975,0,1
28,TK-1999-0415_C1058_HNE,0,False,True,0.0015285159995717,0.0010907194328785756,0,0
28,TK-1999-0415_C1058_HNE,1,False,True,0.0059743803432439,0.0033495484731808686,1,0
28,TK-1999-0415_C1058_HNE,2,False,True,0.0113238469591218,0.00878292710754916,1,1
28,TK-1999-0415_C1058_HNE,3,False,True,0.032185345733356,0.025610886758365616,3,2
28,TK-1999-0415_C1059_HNN,2,False,True,0.0096561184363837,0.010441641720761993,1,1
28,TK-1999-0415_C1059_HNN,3,False,True,0.0190578441408622,0.02500350176912582,2,2
28,TK-1999-0415_C1059_HNN,4,False,True,0.1,0.07679331318334671,4,4
28,TK-1999-0415_C1059_HNN,5,False,True,0.1,0.11344698034464001,4,4
28,TK-1999-0415_C1060_HNE,0,False,True,0.0015776453592674,0.0013956463709131985,0,0
28,TK-1999-0415_C1060_HNE,1,False,True,0.0063805936230356,0.003941241344048621,1,0
28,TK-1999-0415_C1060_HNE,2,False,True,0.0150040546598944,0.009279555019910677,2,1
28,TK-1999-0415_C1060_HNE,3,False,True,0.0533312431114501,0.019632060736393623,3,2
28,TK-1999-0415_C1060_HNE,4,False,True,0.1,0.07004024279494034,4,4
28,TK-1999-0415_C1060_HNE,5,False,True,0.1,0.10744553403747087,4,4
28,TK-1999-0415_C1061_HNE,0,False,True,0.0021916142527467,0.001481377489465303,0,0
28,TK-1999-0415_C1061_HNE,1,False,True,0.0059098299493491,0.004681552420713873,1,1
28,TK-1999-0415_C1061_HNE,2,False,True,0.0101065127500063,0.009561467208672913,1,1
28,TK-1999-0415_C1061_HNE,3,False,True,0.0290241897054413,0.019422672089097894,2,2
28,TK-1999-0415_C1061_HNE,4,False,True,0.0837770634795059,0.045112993234533175,4,3
28,TK-1999-0415_C1061_HNE,5,False,True,0.1,0.08066867110412301,4,4
28,TK-1999-0415_C1062_HNE,0,False,True,0.0015376497063869,0.001316663054425225,0,0
28,TK-1999-0415_C1062_HNE,1,False,True,0.0048726794922107,0.004238733652549604,0,1
28,TK-1999-0415_C1062_HNE,2,False,True,0.0082057959879667,0.010539415805282754,1,1
28,TK-1999-0415_C1062_HNE,3,False,True,0.0173207074386968,0.02389435448527607,2,2
28,TK-1999-0415_D0531_HNN,2,False,True,0.0124807358176621,0.012147668219302651,2,1
28,TK-1999-0415_D0531_HNN,3,False,True,0.0317905184003284,0.030964497636149616,3,2
28,TK-1999-0415_D0531_HNN,4,False,True,0.1,0.06537862268585244,4,4
28,TK-1999-0415_D0531_HNN,5,False,True,0.1,0.09263305769889343,4,4
28,TK-1999-0415_C1062_HNE,4,False,True,0.0557866601270293,0.07437076754257212,3,4
28,TK-1999-0415_C1062_HNE,5,False,True,0.1,0.09940550057034661,4,4
28,TK-1999-0415_D0531_HNN,0,False,True,0.001598401501147,0.0015615249140596458,0,0
28,TK-1999-0415_D0531_HNN,1,False,True,0.004559578604488,0.005003589730656623,0,0
28,TK-1999-0415_1401_HNE,0,False,True,0.001150885965311,0.0014697306754452395,0,0
28,TK-1999-0415_1401_HNE,1,False,True,0.0033735578436859,0.004685465708400442,0,1
28,TK-1999-0415_1401_HNE,2,False,True,0.0058068847982464,0.00882031634052811,1,1
28,TK-1999-0415_1401_HNE,3,False,True,0.0087706308477596,0.01631141925921696,1,2
28,TK-1999-0415_1401_HNE,4,False,True,0.0139238829181633,0.02893390594611593,2,2
28,TK-1999-0415_1401_HNE,5,False,True,0.0245955422277742,0.06310248233746682,2,4
28,TK-1999-0415_1406_HNN,0,False,True,0.0016671179403322,0.0018164550414858495,0,0
28,TK-1999-0415_1406_HNN,1,False,True,0.0067652572327026,0.006193602249239951,1,1
28,TK-1999-0415_1406_HNN,2,False,True,0.0199890305292035,0.012390371708902935,2,2
28,TK-1999-0415_1406_HNN,3,False,True,0.1,0.03288154959996849,4,3
28,TK-1999-0415_1406_HNN,4,False,True,0.1,0.08701612761078394,4,4
28,TK-1999-0415_1406_HNN,5,False,True,0.1,0.11254957470139472,4,4
28,TK-1999-0415_8101_HNE,4,False,True,0.0742609397918518,0.04136292497811772,4,4
28,TK-1999-0415_8101_HNE,5,False,True,0.1,0.06640368673430955,4,4
28,INT-20250810_0000200_AKS_HNN,0,False,True,0.0014730045117818,0.0018623917093526401,0,0
28,INT-20250810_0000200_AKS_HNN,1,False,True,0.0051034373297526,0.00662386087682899,1,1
28,TK-1999-0415_8101_HNE,0,False,True,0.001346711327234,0.0014640597966896743,0,0
28,TK-1999-0415_8101_HNE,1,False,True,0.0042971385881006,0.005757714039294159,0,1
28,TK-1999-0415_8101_HNE,2,False,True,0.0111571943233759,0.013603092984357603,1,2
28,TK-1999-0415_8101_HNE,3,False,True,0.02290485814615,0.024859918828464146,2,2
28,INT-20250810_0000200_BALB_HNE,0,False,True,0.0014430217187047,0.001225248480500941,0,0
28,INT-20250810_0000200_BALB_HNE,1,False,True,0.0036682774951755,0.004040519492627136,0,0
28,INT-20250810_0000200_BALB_HNE,2,False,True,0.006387585031003,0.008245854842552407,1,1
28,INT-20250810_0000200_BALB_HNE,3,False,True,0.0131529723059044,0.01576637069322188,2,2
28,INT-20250810_0000200_AKS_HNN,2,False,True,0.0114790862924838,0.017355699020427745,1,2
28,INT-20250810_0000200_AKS_HNN,3,False,True,0.033060494993658,0.04729102203023124,3,4
28,INT-20250810_0000200_AKS_HNN,4,False,True,0.0714066840739807,0.050293845129212054,4,4
28,INT-20250810_0000200_AKS_HNN,5,False,True,0.1,0.1026395242875029,4,4
28,INT-20250810_0000200_BALB_HNE,4,False,True,0.0230812067744746,0.03068836581949243,2,2
28,INT-20250810_0000200_BALB_HNE,5,False,True,0.0730857916757872,0.08026852955163861,4,3
28,INT-20250810_0000200_GORD_HNN,0,False,True,0.0010911675818533,0.0011288677359297201,0,0
28,INT-20250810_0000200_GORD_HNN,1,False,True,0.0036155000790509,0.003013734541394672,0,0
28,INT-20250810_0000200_GORD_HNN,2,False,True,0.0060761236748224,0.005618892415630437,1,1
28,INT-20250810_0000200_GORD_HNN,3,False,True,0.0109739314806969,0.01052817975897433,1,1
28,INT-20250810_0000200_GORD_HNN,4,False,True,0.0195192496155453,0.015077198280566605,2,2
28,INT-20250810_0000200_GORD_HNN,5,False,True,0.0571980367160548,0.037510477170636054,3,3
28,INT-20250810_0000200_SOMA_HNN,0,False,True,0.0015588296206742,0.0014301934757827903,0,0
28,INT-20250810_0000200_SOMA_HNN,1,False,True,0.0061148271366687,0.004352744639188238,1,1
28,INT-20250810_0000200_SOMA_HNN,2,False,True,0.008414453845322,0.009382130796319603,1,1
28,INT-20250810_0000200_SOMA_HNN,3,False,True,0.012372013092103,0.01890562601398208,2,2
28,INT-20250810_0000200_SOMA_HNN,4,False,True,0.0206597173488304,0.056325647877259674,2,3
28,INT-20250810_0000200_SOMA_HNN,5,False,True,0.1,0.08557286883818643,4,4
28,TK-1999-0294_1612_HNE,0,False,True,0.0015072663801283,0.0010502517206343526,0,0
28,TK-1999-0294_1612_HNE,1,False,True,0.003900701633314,0.002288197432883352,0,0
28,TK-1999-0294_1612_HNE,2,False,True,0.0091722224326203,0.004896681185441694,1,1
28,TK-1999-0294_1612_HNE,3,False,True,0.0142187338737903,0.009167777425211566,2,1
28,TK-1999-0294_1612_HNE,4,False,True,0.021078322567644,0.017310828238965147,2,2
28,TK-1999-0294_1612_HNE,5,False,True,0.0679084198704678,0.03216364253502524,4,2
28,TK-2003-0179_1701_HNN,0,False,True,0.0008779715167717,0.0011357907525577481,0,0
28,TK-2003-0179_1701_HNN,1,False,True,0.0022041000379876,0.0029582102885753188,0,0
28,TK-2003-0179_1701_HNN,2,False,True,0.0055798581199484,0.004091184540438769,1,1
28,TK-2003-0179_1701_HNN,3,False,True,0.0086750918134233,0.008436656150962148,1,1
28,TK-1999-0294_4101_HNE,2,False,True,0.0149786523887653,0.01732418074598876,2,2
28,TK-1999-0294_4101_HNE,3,False,True,0.0250578291528932,0.02920370873372281,2,2
28,TK-1999-0294_4101_HNE,4,False,True,0.0715297065896176,0.07674863878638302,4,4
28,TK-1999-0294_4101_HNE,5,False,True,0.1,0.10695041982224808,4,4
28,TK-2003-0179_1701_HNN,4,False,True,0.0151932309190011,0.01249262832064545,2,2
28,TK-2003-0179_1701_HNN,5,False,True,0.0760969743400657,0.028361525236477614,4,3
28,TK-1999-0294_4101_HNE,0,False,True,0.0017904204972696,0.001839713698978398,0,0
28,TK-1999-0294_4101_HNE,1,False,True,0.0054871717980216,0.007195404065557907,1,0
28,TK-1999-0294_4107_HNE,0,False,True,0.0012271472868315,0.0010436501164838188,0,0
28,TK-1999-0294_4107_HNE,1,False,True,0.0036099918084295,0.002924944436607575,0,0
28,TK-1999-0294_4107_HNE,2,False,True,0.0094091091071522,0.007275089504478939,1,1
28,TK-1999-0294_4107_HNE,3,False,True,0.0166188558951916,0.014731181043587446,2,2
28,TK-1999-0294_4107_HNE,4,False,True,0.0261739557199178,0.03362979495085091,2,2
28,TK-1999-0294_4107_HNE,5,False,True,0.045238342431953,0.04830162580236706,3,4
28,TK-1999-0294_5401_HNE,0,False,True,0.0013601858022263,0.003219176503138607,0,0
28,TK-1999-0294_5401_HNE,1,False,True,0.0041008250667213,0.010141901083752087,0,1
28,TK-1999-0294_5401_HNE,2,False,True,0.0107871116699805,0.02183519649499363,1,2
28,TK-1999-0294_5401_HNE,3,False,True,0.0195298037347403,0.03514082965816119,2,2
28,TK-1999-0294_5401_HNE,4,False,True,0.1,0.08609355026067234,4,4
28,TK-1999-0294_5401_HNE,5,False,True,0.1,0.09669457463118862,4,4
28,EMSC-20200122_0000127_GOMA_HNE,0,False,True,0.0010436586745171,0.0010529558319665553,0,0
28,EMSC-20200122_0000127_GOMA_HNE,1,False,True,0.0026212944787519,0.003323823213206502,0,0
28,EMSC-20200122_0000127_GOMA_HNE,2,False,True,0.0067808037518459,0.006801633548520676,1,1
28,EMSC-20200122_0000127_GOMA_HNE,3,False,True,0.0122919952504384,0.013848510959148113,2,2
28,EMSC-20200122_0000127_GOMA_HNE,4,False,True,0.0192100237219356,0.028002410041804583,2,2
28,EMSC-20200122_0000127_GOMA_HNE,5,False,True,0.0594882910468171,0.0776900430617548,3,4
28,EMSC-20200122_0000127_SOMA_HNN,0,False,True,0.0016106096659157,0.001619978955045568,0,0
28,EMSC-20200122_0000127_SOMA_HNN,1,False,True,0.0059569503694945,0.004864481031870243,1,1
28,EMSC-20200122_0000127_SOMA_HNN,2,False,True,0.0120650027314134,0.012296783769447928,2,2
28,EMSC-20200122_0000127_SOMA_HNN,3,False,True,0.0216029393194384,0.025052697475109822,2,2
28,EMSC-20200122_0000127_SOMA_HNN,4,False,True,0.1,0.07018171075186024,4,4
28,EMSC-20200122_0000127_SOMA_HNN,5,False,True,0.1,0.1086948400093669,4,4
29,TK-1999-0077_YPT_HNN,0,False,True,0.000411705907371,0.00041435857182819285,0,0
29,TK-1999-0077_YPT_HNN,1,False,True,0.0011285115101425,0.0013152117086240728,0,0
29,TK-1999-0077_YPT_HNN,2,False,True,0.0055911553210635,0.0033186232139528395,1,0
29,TK-1999-0077_YPT_HNN,3,False,True,0.0146526931273494,0.006463244032780038,2,1
29,TK-1999-0077_YPT_HNN,4,False,True,0.0475478575791188,0.025503631521028435,3,2
29,TK-1999-0077_YPT_HNN,5,False,True,0.1,0.056906485170882405,4,4
29,TK-1999-0077_1612_HNE,0,False,True,0.0004271112735794,0.00040335781827349813,0,0
29,TK-1999-0077_1612_HNE,1,False,True,0.0016572970440688,0.0013339387804076044,0,0
29,TK-1999-0077_1612_HNE,2,False,True,0.0050748522957817,0.0033506170049673696,1,0
29,TK-1999-0077_1612_HNE,3,False,True,0.0188274212827619,0.007106386229240857,2,1
29,TK-1999-0077_1612_HNE,4,False,True,0.042028972193448,0.014136227432277543,3,2
29,TK-1999-0077_1612_HNE,5,False,True,0.1,0.042917086255635395,4,3
29,TK-1999-0077_4101_HNE,0,False,True,0.0004272185719155,0.00044406484596932826,0,0
29,TK-1999-0077_4101_HNE,1,False,True,0.0015934456403827,0.0015683540402544997,0,0
29,TK-1999-0077_4101_HNE,2,False,True,0.0050325836030799,0.0047841921776740305,1,1
29,TK-1999-0077_4101_HNE,3,False,True,0.0114733665207749,0.011077392079688247,1,2
29,TK-1999-0077_4101_HNE,4,False,True,0.062502684533612,0.035934775144368755,4,3
29,TK-1999-0077_4101_HNE,5,False,True,0.1,0.08794511505696738,4,4
29,TK-1999-0077_4106_HNN,0,False,True,0.0004213254352637,0.0004520305822028625,0,0
29,TK-1999-0077_4106_HNN,1,False,True,0.001827371040234,0.001563544172046118,0,0
29,TK-1999-0077_4106_HNN,2,False,True,0.0041128018535496,0.0073715807129232655,0,1
29,TK-1999-0077_4106_HNN,3,False,True,0.0083941604183994,0.018862711780456776,1,2
29,TK-1999-0077_4106_HNN,4,False,True,0.0236583618579116,0.0705977732824057,2,3
29,TK-1999-0077_4106_HNN,5,False,True,0.1,0.11929955337332765,4,4
29,TK-1999-0077_5401_HNE,4,False,True,0.0495445335035472,0.054905870096991924,3,4
29,TK-1999-0077_5401_HNE,5,False,True,0.1,0.08335180472968694,4,4
29,TK-1999-0415_487_HNN,0,False,True,0.0004295648950799,0.0003924265159639935,0,0
29,TK-1999-0415_487_HNN,1,False,True,0.0009724552589474,0.0012541736655549709,0,0
29,TK-1999-0077_5401_HNE,0,False,True,0.0004283640701736,0.0005052903921514393,0,0
29,TK-1999-0077_5401_HNE,1,False,True,0.0017304116590039,0.0024822402685923737,0,0
29,TK-1999-0077_5401_HNE,2,False,True,0.0031739533502732,0.009402735159399787,0,1
29,TK-1999-0077_5401_HNE,3,False,True,0.0131522126148684,0.029061393875280197,2,2
29,TK-1999-0415_496_HNN,0,False,True,0.0004469663521195,0.00044397173089295405,0,0
29,TK-1999-0415_496_HNN,1,False,True,0.0011956268741162,0.0014027723592179462,0,0
29,TK-1999-0415_496_HNN,2,False,True,0.0033546746570714,0.0034362152460655957,0,0
29,TK-1999-0415_496_HNN,3,False,True,0.0105789363808162,0.006342056689284977,1,1
29,TK-1999-0415_487_HNN,2,False,True,0.0040850649020175,0.0027863211149456416,0,0
29,TK-1999-0415_487_HNN,3,False,True,0.0049636881846577,0.004190380093586137,0,0
29,TK-1999-0415_487_HNN,4,False,True,0.0069083459076511,0.006809980319999766,1,1
29,TK-1999-0415_487_HNN,5,False,True,0.0206069382489958,0.0120647059855892,2,1
29,TK-1999-0415_496_HNN,4,False,True,0.0107790903800387,0.014554790145837828,1,2
29,TK-1999-0415_496_HNN,5,False,True,0.0205170750525648,0.02660170496507896,2,2
29,TK-1999-0415_498_HNN,0,False,True,0.000422026193524,0.000454275990684022,0,0
29,TK-1999-0415_498_HNN,1,False,True,0.0013153501210825,0.0014264172055129024,0,0
29,TK-1999-0415_498_HNN,2,False,True,0.003273389578493,0.004056170011959744,0,0
29,TK-1999-0415_498_HNN,3,False,True,0.0054960364313174,0.006684217797308839,1,1
29,TK-1999-0415_498_HNN,4,False,True,0.0098810297359721,0.013301249090098504,1,2
29,TK-1999-0415_498_HNN,5,False,True,0.0249593125702798,0.02958732449214005,2,2
29,TK-1999-0415_C0362_HNN,0,False,True,0.0004242422199316,0.00042353167027288753,0,0
29,TK-1999-0415_C0362_HNN,1,False,True,0.0014581373262425,0.0012458907607505428,0,0
29,TK-1999-0415_C0362_HNN,2,False,True,0.0075389666659113,0.0032920563496602055,1,0
29,TK-1999-0415_C0362_HNN,3,False,True,0.013311713197294,0.005639105408895914,2,1
29,TK-1999-0415_C0362_HNN,4,False,True,0.0399577901760016,0.011111835020388153,3,1
29,TK-1999-0415_C0362_HNN,5,False,True,0.1,0.021577029074298818,4,2
29,TK-1999-0415_C0375_HNN,0,False,True,0.0004183534345742,0.0004116699436824604,0,0
29,TK-1999-0415_C0375_HNN,1,False,True,0.0010944623906894,0.0012806359515554746,0,0
29,TK-1999-0415_C0375_HNN,2,False,True,0.0017879127006872,0.003002338594844047,0,0
29,TK-1999-0415_C0375_HNN,3,False,True,0.0027876325894947,0.004725598661009134,0,0
29,TK-1999-0415_C0375_HNN,4,False,True,0.0040080485910948,0.007556914974184379,0,1
29,TK-1999-0415_C0375_HNN,5,False,True,0.0131202813358957,0.016282785135775166,2,2
29,TK-1999-0415_C1058_HNE,0,False,True,0.0004239673235805,0.00045962670346272544,0,0
29,TK-1999-0415_C1058_HNE,1,False,True,0.0015304425037808,0.0018796693877986249,0,0
29,TK-1999-0415_C1058_HNE,2,False,True,0.0042168766311623,0.006640933738097719,0,1
29,TK-1999-0415_C1058_HNE,3,False,True,0.0209975133692704,0.016713394373617525,2,2
29,TK-1999-0415_C1058_HNE,4,False,True,0.0459025680780004,0.04666086899609724,3,3
29,TK-1999-0415_C1058_HNE,5,False,True,0.1,0.07376634928910522,4,4
29,TK-1999-0415_C1059_HNN,0,False,True,0.0004293788261084,0.0004135863350595061,0,0
29,TK-1999-0415_C1059_HNN,1,False,True,0.0014008535834888,0.0012706322684295258,0,0
29,TK-1999-0415_C1059_HNN,2,False,True,0.0037493817381505,0.004191231339488393,0,0
29,TK-1999-0415_C1059_HNN,3,False,True,0.0072178174278072,0.007266767045628659,1,1
29,TK-1999-0415_C1059_HNN,4,False,True,0.0104981609307535,0.015954624283513262,1,2
29,TK-1999-0415_C1059_HNN,5,False,True,0.0291074129255988,0.03300034254340138,2,3
29,TK-1999-0415_C1060_HNE,0,False,True,0.0004329895547814,0.00043558354444649745,0,0
29,TK-1999-0415_C1060_HNE,1,False,True,0.0012971487869278,0.0015683996735757957,0,0
29,TK-1999-0415_C1060_HNE,2,False,True,0.0035781017215048,0.0037520187775407854,0,0
29,TK-1999-0415_C1060_HNE,3,False,True,0.0084197326086663,0.0074744257698599595,1,1
29,TK-1999-0415_C1060_HNE,4,False,True,0.0154061247707114,0.012503805311456622,2,1
29,TK-1999-0415_C1060_HNE,5,False,True,0.0420536016018631,0.024036985318656074,3,2
29,TK-1999-0415_C1061_HNE,0,False,True,0.0004377134608021,0.000424686258370984,0,0
29,TK-1999-0415_C1061_HNE,1,False,True,0.0014349955031726,0.001264382985576255,0,0
29,TK-1999-0415_C1061_HNE,2,False,True,0.0026788685750622,0.0032001869663573147,0,0
29,TK-1999-0415_C1061_HNE,3,False,True,0.0047838365172857,0.00541410837819654,0,1
29,TK-1999-0415_C1061_HNE,4,False,True,0.010472870529327,0.008898913915784299,1,1
29,TK-1999-0415_C1061_HNE,5,False,True,0.0216683668250215,0.017041867945164973,2,2
29,TK-1999-0415_C1062_HNE,0,False,True,0.0004275749492308,0.00043802875246966923,0,0
29,TK-1999-0415_C1062_HNE,1,False,True,0.0011929736329219,0.001342229961821257,0,0
29,TK-1999-0415_C1062_HNE,2,False,True,0.0030543055347111,0.003588104821283654,0,0
29,TK-1999-0415_C1062_HNE,3,False,True,0.0064756708719118,0.006524504556434708,1,1
29,TK-1999-0415_C1062_HNE,4,False,True,0.0127020759004514,0.01148480018380065,2,1
29,TK-1999-0415_C1062_HNE,5,False,True,0.0255826830998645,0.027314110502889205,2,2
29,TK-1999-0415_D0531_HNN,0,False,True,0.0004355714170105,0.0003922817710556435,0,0
29,TK-1999-0415_D0531_HNN,1,False,True,0.0014762401814788,0.0010860088359617903,0,0
29,TK-1999-0415_1401_HNE,0,False,True,0.0004297451912601,0.0004364220096480982,0,0
29,TK-1999-0415_1401_HNE,1,False,True,0.0014463551819126,0.0016920190065958188,0,0
29,TK-1999-0415_1401_HNE,2,False,True,0.0052719792900223,0.005480760422456689,1,0
29,TK-1999-0415_1401_HNE,3,False,True,0.0144022566372811,0.010363996278859323,2,1
29,TK-1999-0415_D0531_HNN,2,False,True,0.0041566978995446,0.0023910737298291048,0,0
29,TK-1999-0415_D0531_HNN,3,False,True,0.0063228660287394,0.003826414765045287,1,0
29,TK-1999-0415_D0531_HNN,4,False,True,0.0092947348589287,0.006773786866886597,1,1
29,TK-1999-0415_D0531_HNN,5,False,True,0.0186834578794398,0.01578292418846109,2,2
29,TK-1999-0415_1401_HNE,4,False,True,0.0323063714993955,0.022754752438788505,3,3
29,TK-1999-0415_1401_HNE,5,False,True,0.0318325374024304,0.04042699423277931,3,3
29,TK-1999-0415_1406_HNN,0,False,True,0.0004246224038804,0.0004464721155058839,0,0
29,TK-1999-0415_1406_HNN,1,False,True,0.0010991064272574,0.001479952556335301,0,0
29,TK-1999-0415_1406_HNN,2,False,True,0.0042605478943987,0.004856886728032927,0,1
29,TK-1999-0415_1406_HNN,3,False,True,0.0059246814139929,0.008958975490351788,1,1
29,TK-1999-0415_1406_HNN,4,False,True,0.0114262945111439,0.015438469198016282,1,2
29,TK-1999-0415_1406_HNN,5,False,True,0.0283589127069392,0.029421133519025908,2,3
29,TK-1999-0415_8101_HNE,0,False,True,0.0004225828784323,0.000445180329797598,0,0
29,TK-1999-0415_8101_HNE,1,False,True,0.0017044415901606,0.00206629905116403,0,0
29,TK-1999-0415_8101_HNE,2,False,True,0.0105597348289495,0.007980581206127345,1,1
29,TK-1999-0415_8101_HNE,3,False,True,0.0192407792025146,0.017293939646688926,2,2
29,TK-1999-0415_8101_HNE,4,False,True,0.0389270194958541,0.049337861629860466,3,3
29,TK-1999-0415_8101_HNE,5,False,True,0.1,0.08652375099233818,4,4
29,INT-20250810_0000200_AKS_HNN,0,False,True,0.0004337370599446,0.000417348308084914,0,0
29,INT-20250810_0000200_AKS_HNN,1,False,True,0.001370047022454,0.0013375135460697372,0,0
29,INT-20250810_0000200_AKS_HNN,2,False,True,0.0028371278914599,0.0038787344053782726,0,0
29,INT-20250810_0000200_AKS_HNN,3,False,True,0.0050911308750539,0.006732476241432492,1,1
29,INT-20250810_0000200_AKS_HNN,4,False,True,0.0074353917565286,0.012294475254677903,1,1
29,INT-20250810_0000200_AKS_HNN,5,False,True,0.0132809456157758,0.02744410202389181,2,3
29,INT-20250810_0000200_BALB_HNE,0,False,True,0.0004252736118888,0.0004518859307967138,0,0
29,INT-20250810_0000200_BALB_HNE,1,False,True,0.0013070876305309,0.0014854786590019385,0,0
29,INT-20250810_0000200_BALB_HNE,2,False,True,0.0045209266309619,0.005004633648626473,0,1
29,INT-20250810_0000200_BALB_HNE,3,False,True,0.0077785661923508,0.009509689603397507,1,1
29,INT-20250810_0000200_BALB_HNE,4,False,True,0.0140735905442194,0.01614760758380696,2,2
29,INT-20250810_0000200_BALB_HNE,5,False,True,0.0229249911753937,0.028154875347652906,2,2
29,INT-20250810_0000200_GORD_HNN,0,False,True,0.0004279403720462,0.00043120411208398394,0,0
29,INT-20250810_0000200_GORD_HNN,1,False,True,0.0013510603069151,0.001245533096862586,0,0
29,INT-20250810_0000200_GORD_HNN,2,False,True,0.0051618319671272,0.0030374983475205397,1,0
29,INT-20250810_0000200_GORD_HNN,3,False,True,0.0079514651325372,0.004663929264073312,1,1
29,INT-20250810_0000200_GORD_HNN,4,False,True,0.013344919117876,0.009784316459406093,2,1
29,INT-20250810_0000200_GORD_HNN,5,False,True,0.0218744429456436,0.016723292868619233,2,2
29,INT-20250810_0000200_SOMA_HNN,0,False,True,0.0004170754718491,0.00042788908217995813,0,0
29,INT-20250810_0000200_SOMA_HNN,1,False,True,0.0015202217530486,0.0014111620948698148,0,0
29,INT-20250810_0000200_SOMA_HNN,2,False,True,0.0039600019032765,0.004073247196652845,0,0
29,INT-20250810_0000200_SOMA_HNN,3,False,True,0.0052141985168325,0.0077790207613104055,1,1
29,INT-20250810_0000200_SOMA_HNN,4,False,True,0.0090084941344904,0.013080967074618829,1,2
29,INT-20250810_0000200_SOMA_HNN,5,False,True,0.0192983751162225,0.025006933604383958,2,2
29,TK-1999-0294_1612_HNE,0,False,True,0.0004195848234457,0.00042972265239398085,0,0
29,TK-1999-0294_1612_HNE,1,False,True,0.0013161053129396,0.0014369143674076799,0,0
29,TK-1999-0294_1612_HNE,2,False,True,0.0035126325416368,0.004273127858418789,0,0
29,TK-1999-0294_1612_HNE,3,False,True,0.0079506150257199,0.007975242344034865,1,1
29,TK-1999-0294_1612_HNE,4,False,True,0.0174790257880463,0.01568959866186854,2,2
29,TK-1999-0294_1612_HNE,5,False,True,0.0290214752516996,0.027894325927251305,2,3
29,TK-2003-0179_1701_HNN,0,False,True,0.0004222674908713,0.000428606604468664,0,0
29,TK-2003-0179_1701_HNN,1,False,True,0.0017097968659523,0.0012394909510131471,0,0
29,TK-2003-0179_1701_HNN,2,False,True,0.0050695214213746,0.002852525403695339,1,0
29,TK-2003-0179_1701_HNN,3,False,True,0.0102700371215497,0.004980919169183109,1,1
29,TK-2003-0179_1701_HNN,4,False,True,0.0200821290106397,0.008586641816331604,2,1
29,TK-2003-0179_1701_HNN,5,False,True,0.0320392018242885,0.01634749251102256,3,2
29,TK-1999-0294_4101_HNE,0,False,True,0.0004344437889255,0.0004242721637368659,0,0
29,TK-1999-0294_4101_HNE,1,False,True,0.0013951563223754,0.0013834654659366009,0,0
29,TK-1999-0294_4101_HNE,2,False,True,0.0028036356374559,0.003606076779315554,0,0
29,TK-1999-0294_4101_HNE,3,False,True,0.0044034654433069,0.007692079904646116,0,2
29,TK-1999-0294_4101_HNE,4,False,True,0.007761085249882,0.017816604041343585,1,3
29,TK-1999-0294_4101_HNE,5,False,True,0.0139729508705925,0.05701216033407809,2,3
29,TK-1999-0294_4107_HNE,0,False,True,0.0004270255118862,0.0003966291404361882,0,0
29,TK-1999-0294_4107_HNE,1,False,True,0.0015433100055852,0.0012747495900728692,0,0
29,TK-1999-0294_4107_HNE,2,False,True,0.0051603340694944,0.005377404428483488,1,1
29,TK-1999-0294_4107_HNE,3,False,True,0.01665340313383,0.0098954972414877,2,2
29,TK-1999-0294_4107_HNE,4,False,True,0.0425168999488138,0.020967374448734095,3,3
29,TK-1999-0294_4107_HNE,5,False,True,0.1,0.03969385622935352,4,3
29,TK-1999-0294_5401_HNE,0,False,True,0.0004533623130612,0.0005927372159539755,0,0
29,TK-1999-0294_5401_HNE,1,False,True,0.0021797721962267,0.0030991741789840968,0,0
29,TK-1999-0294_5401_HNE,2,False,True,0.003714478906582,0.00860105482278346,0,1
29,TK-1999-0294_5401_HNE,3,False,True,0.0057112195021848,0.016581381236670897,1,1
29,TK-1999-0294_5401_HNE,4,False,True,0.0096233405796785,0.03963559694757461,1,2
29,TK-1999-0294_5401_HNE,5,False,True,0.018691121582092,0.05608368189458367,2,4
29,EMSC-20200122_0000127_GOMA_HNE,0,False,True,0.0004433801854518,0.0004308520135330681,0,0
29,EMSC-20200122_0000127_GOMA_HNE,1,False,True,0.0015162285270562,0.001198633019571377,0,0
29,EMSC-20200122_0000127_GOMA_HNE,2,False,True,0.0040231869030826,0.0034806381684839988,0,0
29,EMSC-20200122_0000127_GOMA_HNE,3,False,True,0.0091148782077231,0.007014871902842258,1,1
29,EMSC-20200122_0000127_GOMA_HNE,4,False,True,0.0132099611763703,0.01150756138424945,2,2
29,EMSC-20200122_0000127_GOMA_HNE,5,False,True,0.0243958592634718,0.019761444477265445,2,2
29,EMSC-20200122_0000127_SOMA_HNN,0,False,True,0.0004487382071354,0.00040299416459861935,0,0
29,EMSC-20200122_0000127_SOMA_HNN,1,False,True,0.001352888073313,0.0011052932943939728,0,0
29,EMSC-20200122_0000127_SOMA_HNN,2,False,True,0.0031659152829738,0.002737142097561956,0,0
29,EMSC-20200122_0000127_SOMA_HNN,3,False,True,0.0066161968266136,0.005496808862644619,1,1
29,EMSC-20200122_0000127_SOMA_HNN,4,False,True,0.011874790665461,0.010482532280244301,1,1
29,EMSC-20200122_0000127_SOMA_HNN,5,False,True,0.0219357663011034,0.020703901766844095,2,2
30,TK-1999-0077_YPT_HNN,4,True,False,0.1,0.047881268607738045,4,4
30,TK-1999-0077_YPT_HNN,5,True,False,0.1,0.07826583288707455,4,4
30,TK-1999-0077_1612_HNE,0,True,False,0.0012933267550601,0.0008139143915930197,0,0
30,TK-1999-0077_1612_HNE,1,True,False,0.0066368910411809,0.0019651728906825267,1,0
30,TK-1999-0077_YPT_HNN,0,True,False,0.0013808950324886,0.00099172508005816,0,0
30,TK-1999-0077_YPT_HNN,1,True,False,0.0063411939071341,0.0030391946919182513,1,0
30,TK-1999-0077_YPT_HNN,2,True,False,0.01508133936276,0.007990633559232864,2,1
30,TK-1999-0077_YPT_HNN,3,True,False,0.035507190750893,0.022325576680218548,3,3
30,TK-1999-0077_1612_HNE,2,True,False,0.0124160311983989,0.0038272004781831448,2,0
30,TK-1999-0077_1612_HNE,3,True,False,0.0172484296439864,0.0075450054749005655,2,1
30,TK-1999-0077_1612_HNE,4,True,False,0.0306725964744247,0.012674112331709706,3,2
30,TK-1999-0077_1612_HNE,5,True,False,0.0767487212995716,0.035378520873423226,4,4
30,TK-1999-0077_4101_HNE,0,True,False,0.0008348533539845,0.0013087266483243721,0,0
30,TK-1999-0077_4101_HNE,1,True,False,0.0037865590265616,0.004832007160596621,0,1
30,TK-1999-0077_4101_HNE,2,True,False,0.0115008884497523,0.009371372229296158,1,2
30,TK-1999-0077_4101_HNE,3,True,False,0.0360512317944495,0.021418725211648417,3,3
30,TK-1999-0077_4106_HNN,2,True,False,0.009843791457829,0.021311773866972125,1,2
30,TK-1999-0077_4106_HNN,3,True,False,0.0260671011830032,0.039258683155448976,2,3
30,TK-1999-0077_4106_HNN,4,True,False,0.1,0.0716188851670393,4,3
30,TK-1999-0077_4106_HNN,5,True,False,0.1,0.10821624480869525,4,4
30,TK-1999-0077_4101_HNE,4,True,False,0.090073144372896,0.060701084349999226,4,3
30,TK-1999-0077_4101_HNE,5,True,False,0.1,0.10404968330949615,4,4
30,TK-1999-0077_4106_HNN,0,True,False,0.0008778247215848,0.0015535754158579414,0,0
30,TK-1999-0077_4106_HNN,1,True,False,0.0023450763304983,0.008667923839489496,0,1
30,TK-1999-0077_5401_HNE,0,True,False,0.0010274520999542,0.00111442588589644,0,0
30,TK-1999-0077_5401_HNE,1,True,False,0.0040613787065519,0.005153688304039347,0,1
30,TK-1999-0077_5401_HNE,2,True,False,0.010285006921338,0.013654107689133988,1,1
30,TK-1999-0077_5401_HNE,3,True,False,0.0184142659773546,0.035009737709914085,2,2
30,TK-1999-0077_5401_HNE,4,True,False,0.0533650842464246,0.05743807253115239,3,4
30,TK-1999-0077_5401_HNE,5,True,False,0.1,0.07380947007277129,4,4
30,TK-1999-0415_487_HNN,0,True,False,0.0013345440267239,0.0010532391149139296,0,0
30,TK-1999-0415_487_HNN,1,True,False,0.0039961899939421,0.003335785585941731,0,0
30,TK-1999-0415_496_HNN,0,True,False,0.0013138117094119,0.0017518489468775803,0,0
30,TK-1999-0415_496_HNN,1,True,False,0.0044430140159627,0.006862615667425606,0,1
30,TK-1999-0415_496_HNN,2,True,False,0.0122923318216471,0.01582937779153681,2,2
30,TK-1999-0415_496_HNN,3,True,False,0.020391196955244,0.025648073889164364,2,2
30,TK-1999-0415_487_HNN,2,True,False,0.0094208759245952,0.007091148672912854,1,1
30,TK-1999-0415_487_HNN,3,True,False,0.0158274017753506,0.013244290819204614,2,2
30,TK-1999-0415_487_HNN,4,True,False,0.0247130257672164,0.02696165550556718,2,2
30,TK-1999-0415_487_HNN,5,True,False,0.0947918991949495,0.062225284279349764,4,4
30,TK-1999-0415_498_HNN,2,True,False,0.0100850100282593,0.010290763455889695,1,1
30,TK-1999-0415_498_HNN,3,True,False,0.0163334978012856,0.02106810360395651,2,2
30,TK-1999-0415_498_HNN,4,True,False,0.0266885511486794,0.041269963402045765,2,3
30,TK-1999-0415_498_HNN,5,True,False,0.1,0.0679937861391281,4,4
30,TK-1999-0415_496_HNN,4,True,False,0.0367873539662423,0.044716924432169805,3,3
30,TK-1999-0415_496_HNN,5,True,False,0.1,0.09225844131985068,4,4
30,TK-1999-0415_498_HNN,0,True,False,0.0016150807423246,0.0011360638894965444,0,0
30,TK-1999-0415_498_HNN,1,True,False,0.0043230862514743,0.003941343037333207,0,0
30,TK-1999-0415_C0362_HNN,0,True,False,0.0009028310801736,0.0008989619543720398,0,0
30,TK-1999-0415_C0362_HNN,1,True,False,0.002874952835917,0.0018017919462038033,0,0
30,TK-1999-0415_C0362_HNN,2,True,False,0.006863873564237,0.0029741079219312238,1,0
30,TK-1999-0415_C0362_HNN,3,True,False,0.0104645087308637,0.005745358851778817,1,1
30,TK-1999-0415_C0362_HNN,4,True,False,0.0195851693894175,0.008863487901251214,2,1
30,TK-1999-0415_C0362_HNN,5,True,False,0.0488498747423384,0.014983405817047333,3,2
30,TK-1999-0415_C0375_HNN,0,True,False,0.0041031885036499,0.0018527681378727402,0,0
30,TK-1999-0415_C0375_HNN,1,True,False,0.0081645409456349,0.0073016732405110085,1,1
30,TK-1999-0415_C1058_HNE,0,True,False,0.0013313982619923,0.0009640289805019968,0,0
30,TK-1999-0415_C1058_HNE,1,True,False,0.0062979892554025,0.0030999671243009874,1,0
30,TK-1999-0415_C1058_HNE,2,True,False,0.0116898778900924,0.008897546132024542,1,1
30,TK-1999-0415_C1058_HNE,3,True,False,0.0222708056683612,0.02221878660325758,2,2
30,TK-1999-0415_C0375_HNN,2,True,False,0.0132493749576374,0.015589291944590205,2,2
30,TK-1999-0415_C0375_HNN,3,True,False,0.0244699701842461,0.04087220071255478,2,2
30,TK-1999-0415_C0375_HNN,4,True,False,0.0650457851651734,0.059694535473727973,4,4
30,TK-1999-0415_C0375_HNN,5,True,False,0.1,0.10054311977239497,4,4
30,TK-1999-0415_C1058_HNE,4,True,False,0.0477369714952175,0.04990086536077486,3,4
30,TK-1999-0415_C1058_HNE,5,True,False,0.1,0.06360092895735775,4,4
30,TK-1999-0415_C1059_HNN,0,True,False,0.0009826255937539,0.0014407888216464734,0,0
30,TK-1999-0415_C1059_HNN,1,True,False,0.0034117925353796,0.004783561878072562,0,1
30,TK-1999-0415_C1059_HNN,2,True,False,0.0074599138504895,0.009259850911548411,1,1
30,TK-1999-0415_C1059_HNN,3,True,False,0.0146455129411028,0.017762207400566315,2,2
30,TK-1999-0415_C1059_HNN,4,True,False,0.0251263768312165,0.04520608581666037,2,3
30,TK-1999-0415_C1059_HNN,5,True,False,0.1,0.07410718070041697,4,4
30,TK-1999-0415_C1060_HNE,0,True,False,0.0010012529362619,0.00117872130358903,0,0
30,TK-1999-0415_C1060_HNE,1,True,False,0.005885849964674,0.003569162241543331,1,0
30,TK-1999-0415_C1060_HNE,2,True,False,0.0130365552301876,0.007873191726112557,2,1
30,TK-1999-0415_C1060_HNE,3,True,False,0.0235620089144778,0.014751262882637175,2,2
30,TK-1999-0415_C1060_HNE,4,True,False,0.0415762279132918,0.03011500998043661,3,3
30,TK-1999-0415_C1060_HNE,5,True,False,0.1,0.07481458034433466,4,4
30,TK-1999-0415_C1061_HNE,0,True,False,0.0017387567138668,0.0011278735157708923,0,0
30,TK-1999-0415_C1061_HNE,1,True,False,0.0063530871197996,0.004032694753849227,1,1
30,TK-1999-0415_C1061_HNE,2,True,False,0.0127896783126968,0.008174914428206127,2,1
30,TK-1999-0415_C1061_HNE,3,True,False,0.0182325488931905,0.01393489708087847,2,2
30,TK-1999-0415_C1061_HNE,4,True,False,0.0436202208817194,0.02433857124901806,3,2
30,TK-1999-0415_C1061_HNE,5,True,False,0.1,0.053624684837584834,4,4
30,TK-1999-0415_C1062_HNE,0,True,False,0.0013873319093893,0.001091192573357308,0,0
30,TK-1999-0415_C1062_HNE,1,True,False,0.0057987027754387,0.003993335177827053,1,0
30,TK-1999-0415_C1062_HNE,2,True,False,0.0091382738883757,0.009727550461020662,1,1
30,TK-1999-0415_C1062_HNE,3,True,False,0.0156081092206742,0.02020592847150533,2,2
30,TK-1999-0415_C1062_HNE,4,True,False,0.0283557540168614,0.039143526582882254,2,3
30,TK-1999-0415_C1062_HNE,5,True,False,0.0626060144291469,0.07752667285430112,4,4
30,TK-1999-0415_D0531_HNN,0,True,False,0.0009056922780907,0.0012781432833852673,0,0
30,TK-1999-0415_D0531_HNN,1,True,False,0.0045681830054214,0.003918056960625026,0,0
30,TK-1999-0415_D0531_HNN,2,True,False,0.009774501881273,0.009233621869386976,1,1
30,TK-1999-0415_D0531_HNN,3,True,False,0.0175568855650049,0.01846334284692431,2,2
30,TK-1999-0415_D0531_HNN,4,True,False,0.0374665955208746,0.0359570839364324,3,2
30,TK-1999-0415_D0531_HNN,5,True,False,0.0924035784504812,0.07208459211429716,4,4
30,TK-1999-0415_1401_HNE,0,True,False,0.000978923757806,0.0012745144753157378,0,0
30,TK-1999-0415_1401_HNE,1,True,False,0.0028619043931584,0.00482848039613751,0,0
30,TK-1999-0415_1401_HNE,2,True,False,0.0053249674089591,0.008724754621121263,1,1
30,TK-1999-0415_1401_HNE,3,True,False,0.0083578218362413,0.013242444155002666,1,2
30,TK-1999-0415_1401_HNE,4,True,False,0.0138364347184273,0.02213334819599919,2,2
30,TK-1999-0415_1401_HNE,5,True,False,0.0219139905235954,0.0409441665104046,2,3
30,TK-1999-0415_1406_HNN,0,True,False,0.0011576024045655,0.0013146652502422028,0,0
30,TK-1999-0415_1406_HNN,1,True,False,0.0042205235843387,0.004631835490973308,0,1
30,TK-1999-0415_1406_HNN,2,True,False,0.0120268871532593,0.01008750360302862,2,1
30,TK-1999-0415_1406_HNN,3,True,False,0.0280428071285666,0.017880936688444093,2,2
30,TK-1999-0415_1406_HNN,4,True,False,0.0718370585318385,0.04322315241325003,4,3
30,TK-1999-0415_1406_HNN,5,True,False,0.1,0.08358935411559823,4,4
30,TK-1999-0415_8101_HNE,0,True,False,0.0009475203063717,0.0013484819647537273,0,0
30,TK-1999-0415_8101_HNE,1,True,False,0.0030413692221015,0.005733958709319171,0,0
30,TK-1999-0415_8101_HNE,2,True,False,0.0108553281165198,0.012350721490265285,1,1
30,TK-1999-0415_8101_HNE,3,True,False,0.0187966610658592,0.01917964699118711,2,2
30,TK-1999-0415_8101_HNE,4,True,False,0.035485121771745,0.03656731443690369,3,2
30,TK-1999-0415_8101_HNE,5,True,False,0.0907550428648717,0.056264595365313474,4,3
30,INT-20250810_0000200_AKS_HNN,0,True,False,0.0011913958254202,0.00144423758610071,0,0
30,INT-20250810_0000200_AKS_HNN,1,True,False,0.0035005484889244,0.005520024117281183,0,1
30,INT-20250810_0000200_AKS_HNN,2,True,False,0.0098644662643602,0.013531542272793223,1,2
30,INT-20250810_0000200_AKS_HNN,3,True,False,0.0145821740205738,0.027165251135635025,2,2
30,INT-20250810_0000200_AKS_HNN,4,True,False,0.0397991912147695,0.03486656645564298,3,2
30,INT-20250810_0000200_AKS_HNN,5,True,False,0.082712473436578,0.06650797296653296,4,3
30,INT-20250810_0000200_BALB_HNE,0,True,False,0.0010932579829832,0.0011084506392560587,0,0
30,INT-20250810_0000200_BALB_HNE,1,True,False,0.0028642223309398,0.003588195432971722,0,0
30,INT-20250810_0000200_BALB_HNE,2,True,False,0.0069623970270124,0.008342589760520831,1,1
30,INT-20250810_0000200_BALB_HNE,3,True,False,0.0101164318107584,0.014680070421243141,1,2
30,INT-20250810_0000200_BALB_HNE,4,True,False,0.0200712151858954,0.024613911485958557,2,2
30,INT-20250810_0000200_BALB_HNE,5,True,False,0.0353345836704124,0.04729469576494539,3,3
30,INT-20250810_0000200_GORD_HNN,0,True,False,0.0010389650706501,0.0009995043947561542,0,0
30,INT-20250810_0000200_GORD_HNN,1,True,False,0.0035859352716638,0.002824765056772228,0,0
30,INT-20250810_0000200_GORD_HNN,2,True,False,0.0071621234843076,0.005531314714134992,1,1
30,INT-20250810_0000200_GORD_HNN,3,True,False,0.0123872269220018,0.010059703318240258,2,1
30,INT-20250810_0000200_GORD_HNN,4,True,False,0.0190997221905007,0.015611499146308539,2,2
30,INT-20250810_0000200_GORD_HNN,5,True,False,0.0411785862014398,0.026946429182032865,3,3
30,INT-20250810_0000200_SOMA_HNN,0,True,False,0.0011655684014923,0.001289241147241,0,0
30,INT-20250810_0000200_SOMA_HNN,1,True,False,0.0057567943799644,0.0043807131748258,1,1
30,INT-20250810_0000200_SOMA_HNN,2,True,False,0.01071079398544,0.009166675282448453,1,1
30,INT-20250810_0000200_SOMA_HNN,3,True,False,0.0156965927749269,0.016713105354052012,2,2
30,INT-20250810_0000200_SOMA_HNN,4,True,False,0.0176239190818868,0.03194256998038696,2,3
30,INT-20250810_0000200_SOMA_HNN,5,True,False,0.0373432110214972,0.06918661565523862,3,4
30,TK-1999-0294_1612_HNE,0,True,False,0.0013626264635152,0.000900409106030016,0,0
30,TK-1999-0294_1612_HNE,1,True,False,0.0044577034835351,0.0021192822597577462,0,0
30,TK-1999-0294_1612_HNE,2,True,False,0.0085990116435047,0.004845645182445226,1,1
30,TK-1999-0294_1612_HNE,3,True,False,0.0168047593509292,0.0084225694933525,2,1
30,TK-1999-0294_1612_HNE,4,True,False,0.0241494055596749,0.015065011090233405,2,2
30,TK-1999-0294_1612_HNE,5,True,False,0.0347206320280518,0.029485616607179712,3,2
30,TK-2003-0179_1701_HNN,0,True,False,0.0008110120030555,0.000981272928905252,0,0
30,TK-2003-0179_1701_HNN,1,True,False,0.0017408188273496,0.002805230053222364,0,0
30,TK-2003-0179_1701_HNN,2,True,False,0.0042783828828945,0.003844579808881307,0,0
30,TK-2003-0179_1701_HNN,3,True,False,0.008500336290262,0.007209693992654584,1,1
30,TK-1999-0294_4101_HNE,2,True,False,0.0130335987924534,0.016926252113299966,2,1
30,TK-1999-0294_4101_HNE,3,True,False,0.0219637025277738,0.026743790847106513,2,2
30,TK-1999-0294_4101_HNE,4,True,False,0.0395763464338046,0.04351645577751194,3,3
30,TK-1999-0294_4101_HNE,5,True,False,0.0901378140795674,0.09423188191198634,4,4
30,TK-2003-0179_1701_HNN,4,True,False,0.0140208011954954,0.009286883488917272,2,2
30,TK-2003-0179_1701_HNN,5,True,False,0.0198287284342621,0.02185615394350691,2,2
30,TK-1999-0294_4101_HNE,0,True,False,0.0014187693939658,0.001520759296865742,0,0
30,TK-1999-0294_4101_HNE,1,True,False,0.0066303379417587,0.006037555545654262,1,0
30,TK-1999-0294_4107_HNE,0,True,False,0.0011772731382431,0.0010099106483343067,0,0
30,TK-1999-0294_4107_HNE,1,True,False,0.0036683688197134,0.003020213811069016,0,0
30,TK-1999-0294_4107_HNE,2,True,False,0.0082380553736736,0.00746019676521319,1,1
30,TK-1999-0294_4107_HNE,3,True,False,0.0175320289192849,0.01568206386813898,2,2
30,TK-1999-0294_4107_HNE,4,True,False,0.0273490552575191,0.027636802130304953,2,3
30,TK-1999-0294_4107_HNE,5,True,False,0.0432139754016282,0.04343920566004714,3,4
30,TK-1999-0294_5401_HNE,0,True,False,0.0009196161464027,0.0021518279333853237,0,0
30,TK-1999-0294_5401_HNE,1,True,False,0.0037279237357701,0.008741491523402947,0,1
30,EMSC-20200122_0000127_GOMA_HNE,0,True,False,0.0009334053512056,0.0009533514987779057,0,0
30,EMSC-20200122_0000127_GOMA_HNE,1,True,False,0.0022852084180393,0.0027922501491931036,0,0
30,EMSC-20200122_0000127_GOMA_HNE,2,True,False,0.0051778948448623,0.00609513594540129,1,1
30,EMSC-20200122_0000127_GOMA_HNE,3,True,False,0.010015800396584,0.01114800980250593,1,2
30,TK-1999-0294_5401_HNE,2,True,False,0.0110592282819744,0.016456010954698265,1,2
30,TK-1999-0294_5401_HNE,3,True,False,0.0172732780002889,0.025970814710899036,2,2
30,TK-1999-0294_5401_HNE,4,True,False,0.0240574980725492,0.044366924171886216,2,3
30,TK-1999-0294_5401_HNE,5,True,False,0.1,0.08362162017176347,4,4
30,EMSC-20200122_0000127_GOMA_HNE,4,True,False,0.0192134869471693,0.01834712097210323,2,2
30,EMSC-20200122_0000127_GOMA_HNE,5,True,False,0.0288868092717702,0.04696815217035244,2,3
30,EMSC-20200122_0000127_SOMA_HNN,0,True,False,0.0014439549730276,0.001242720505833033,0,0
30,EMSC-20200122_0000127_SOMA_HNN,1,True,False,0.0042048221305902,0.004540747791349282,0,0
30,EMSC-20200122_0000127_SOMA_HNN,2,True,False,0.0102588671937245,0.010452131257998463,1,1
30,EMSC-20200122_0000127_SOMA_HNN,3,True,False,0.0179589333448048,0.01913370518429716,2,2
30,EMSC-20200122_0000127_SOMA_HNN,4,True,False,0.0305091176233506,0.037112542838007766,3,2
30,EMSC-20200122_0000127_SOMA_HNN,5,True,False,0.0662992257475929,0.08641124983932756,4,4
31,TK-1999-0077_YPT_HNN,0,True,False,0.0003882032021921,0.0003637157996134702,0,0
31,TK-1999-0077_YPT_HNN,1,True,False,0.0014039542619421,0.0011257597644729219,0,0
31,TK-1999-0077_YPT_HNN,2,True,False,0.0029086262815575,0.003120245643892825,0,0
31,TK-1999-0077_YPT_HNN,3,True,False,0.0101616290932303,0.005411181520929689,1,1
31,TK-1999-0077_YPT_HNN,4,True,False,0.0249649590634234,0.014258037996022394,2,1
31,TK-1999-0077_YPT_HNN,5,True,False,0.0917016172163523,0.04708595447659836,4,3
31,TK-1999-0077_1612_HNE,0,True,False,0.0003752623766627,0.00037255885239994305,0,0
31,TK-1999-0077_1612_HNE,1,True,False,0.0014695767758206,0.0011972914011135897,0,0
31,TK-1999-0077_1612_HNE,2,True,False,0.0060847018031984,0.0036273135185386335,1,0
31,TK-1999-0077_1612_HNE,3,True,False,0.0215214035546639,0.008305533835150865,2,1
31,TK-1999-0077_1612_HNE,4,True,False,0.0547790527278232,0.018103544929848697,3,2
31,TK-1999-0077_1612_HNE,5,True,False,0.1,0.05313053401931337,4,3
31,TK-1999-0077_4101_HNE,0,True,False,0.0003800670260333,0.0003725958736281911,0,0
31,TK-1999-0077_4101_HNE,1,True,False,0.0011547804159635,0.001162872787014478,0,0
31,TK-1999-0077_4101_HNE,2,True,False,0.0033089485420906,0.0027225096337248392,0,0
31,TK-1999-0077_4101_HNE,3,True,False,0.0096441412393042,0.006293331041520056,1,1
31,TK-1999-0077_4101_HNE,4,True,False,0.0173969151853949,0.0124853230544471,2,3
31,TK-1999-0077_4101_HNE,5,True,False,0.0467422822552871,0.05951242653737299,3,4
31,TK-1999-0077_4106_HNN,0,True,False,0.0003797758246216,0.00040186942784890177,0,0
31,TK-1999-0077_4106_HNN,1,True,False,0.0012477802768622,0.0013968421246667755,0,0
31,TK-1999-0077_4106_HNN,2,True,False,0.0039493325291257,0.005065407637659712,0,0
31,TK-1999-0077_4106_HNN,3,True,False,0.0083970375651092,0.0155527784430888,1,1
31,TK-1999-0077_4106_HNN,4,True,False,0.0168278171393271,0.04060708443773886,2,3
31,TK-1999-0077_4106_HNN,5,True,False,0.0485254748371597,0.1018734307961089,3,4
31,TK-1999-0077_5401_HNE,0,True,False,0.0003714056653133,0.0004304144212122912,0,0
31,TK-1999-0077_5401_HNE,1,True,False,0.0011758611632797,0.0017962030545734364,0,0
31,TK-1999-0077_5401_HNE,2,True,False,0.0042663279447839,0.007712134699697227,0,1
31,TK-1999-0077_5401_HNE,3,True,False,0.0060302198984885,0.017614293388359188,1,2
31,TK-1999-0077_5401_HNE,4,True,False,0.0204569915116384,0.05021574116886886,2,3
31,TK-1999-0077_5401_HNE,5,True,False,0.0904410700028909,0.08186355241892106,4,4
31,TK-1999-0415_487_HNN,0,True,False,0.0003800546305465,0.0003469733168722351,0,0
31,TK-1999-0415_487_HNN,1,True,False,0.0011988684497796,0.0010285589893839894,0,0
31,TK-1999-0415_487_HNN,2,True,False,0.0024531865394194,0.0022384896048621076,0,0
31,TK-1999-0415_487_HNN,3,True,False,0.0074415669027255,0.0036232236650292847,1,0
31,TK-1999-0415_487_HNN,4,True,False,0.0108230458397509,0.005720140702417975,1,1
31,TK-1999-0415_487_HNN,5,True,False,0.0191109561230695,0.010438151368439263,2,1
31,TK-1999-0415_496_HNN,0,True,False,0.0003756309718924,0.00034587427097861913,0,0
31,TK-1999-0415_496_HNN,1,True,False,0.0011378165101493,0.0009416553398341151,0,0
31,TK-1999-0415_496_HNN,2,True,False,0.0017675522444694,0.0023799291362294347,0,0
31,TK-1999-0415_496_HNN,3,True,False,0.0025935545193315,0.004391203951967797,0,0
31,TK-1999-0415_496_HNN,4,True,False,0.0044305119813785,0.007145517851864243,0,1
31,TK-1999-0415_496_HNN,5,True,False,0.0082943761242318,0.016435593228292047,1,2
31,TK-1999-0415_498_HNN,0,True,False,0.000371661615007,0.00039450360639134083,0,0
31,TK-1999-0415_498_HNN,1,True,False,0.0010448071685107,0.0011629276900927469,0,0
31,TK-1999-0415_C0362_HNN,0,True,False,0.000389100074682,0.0003910005704880798,0,0
31,TK-1999-0415_C0362_HNN,1,True,False,0.0019049934859972,0.0012309055868982223,0,0
31,TK-1999-0415_C0362_HNN,2,True,False,0.0076496347069932,0.0035355513208130134,1,0
31,TK-1999-0415_C0362_HNN,3,True,False,0.0231227647387115,0.007314242569946377,2,1
31,TK-1999-0415_498_HNN,2,True,False,0.0018912551107013,0.0027415950141725493,0,0
31,TK-1999-0415_498_HNN,3,True,False,0.0036278610403519,0.004976964034064585,0,1
31,TK-1999-0415_498_HNN,4,True,False,0.00715168753579,0.008146765796911969,1,1
31,TK-1999-0415_498_HNN,5,True,False,0.011674500000153,0.01709979800192003,1,2
31,TK-1999-0415_C0362_HNN,4,True,False,0.0431162560262179,0.0135658162880199,3,2
31,TK-1999-0415_C0362_HNN,5,True,False,0.1,0.03288214529768334,4,2
31,TK-1999-0415_C0375_HNN,0,True,False,0.0003775070848331,0.00038308517477535936,0,0
31,TK-1999-0415_C0375_HNN,1,True,False,0.001101586680601,0.000982838556414868,0,0
31,TK-1999-0415_C0375_HNN,2,True,False,0.0016123994551966,0.002097706289810385,0,0
31,TK-1999-0415_C0375_HNN,3,True,False,0.0023823156500395,0.003325657552094722,0,0
31,TK-1999-0415_C0375_HNN,4,True,False,0.0029279288340608,0.005546290086365565,0,0
31,TK-1999-0415_C0375_HNN,5,True,False,0.0043458424500778,0.008795351618293014,0,1
31,TK-1999-0415_C1058_HNE,0,True,False,0.0003739050496107,0.0003983215408333341,0,0
31,TK-1999-0415_C1058_HNE,1,True,False,0.0012289392164883,0.0016427416097995647,0,0
31,TK-1999-0415_C1058_HNE,2,True,False,0.0042320488050212,0.006306404149551715,0,1
31,TK-1999-0415_C1058_HNE,3,True,False,0.0085578513290898,0.015947426211343294,1,2
31,TK-1999-0415_C1058_HNE,4,True,False,0.0396933082527203,0.03854857339473381,3,3
31,TK-1999-0415_C1058_HNE,5,True,False,0.0984347806277976,0.06198095486984029,4,4
31,TK-1999-0415_C1059_HNN,0,True,False,0.0003728266585031,0.0003820172613447834,0,0
31,TK-1999-0415_C1059_HNN,1,True,False,0.0009764358714346,0.0012388263251366545,0,0
31,TK-1999-0415_C1059_HNN,2,True,False,0.0026789166088586,0.0031475109030936464,0,0
31,TK-1999-0415_C1059_HNN,3,True,False,0.0047855398295279,0.006234395088057086,0,1
31,TK-1999-0415_C1059_HNN,4,True,False,0.0114228375176958,0.010458381809590548,1,1
31,TK-1999-0415_C1059_HNN,5,True,False,0.0157510296413604,0.022529837014800963,2,2
31,TK-1999-0415_C1060_HNE,0,True,False,0.0003647922941108,0.0004354465466551922,0,0
31,TK-1999-0415_C1060_HNE,1,True,False,0.0011378513236531,0.00149666268180667,0,0
31,TK-1999-0415_C1060_HNE,2,True,False,0.0028470238028068,0.004121728705941948,0,0
31,TK-1999-0415_C1060_HNE,3,True,False,0.0055531093815939,0.008331504596639176,1,1
31,TK-1999-0415_C1060_HNE,4,True,False,0.0153382651172356,0.013794213886902135,2,1
31,TK-1999-0415_C1060_HNE,5,True,False,0.033811719216552,0.023046272047471825,3,2
31,TK-1999-0415_C1061_HNE,0,True,False,0.0003683422359061,0.00039438927177380055,0,0
31,TK-1999-0415_C1061_HNE,1,True,False,0.0010788334113735,0.0011972894292514677,0,0
31,TK-1999-0415_C1061_HNE,2,True,False,0.0029155051181216,0.0029500285664448758,0,0
31,TK-1999-0415_C1061_HNE,3,True,False,0.0043163190676869,0.005479484830079345,0,1
31,TK-1999-0415_C1061_HNE,4,True,False,0.0064669583120613,0.008825455378380554,1,1
31,TK-1999-0415_C1061_HNE,5,True,False,0.0127586709179365,0.014503578890235427,2,2
31,TK-1999-0415_C1062_HNE,0,True,False,0.0003691726244082,0.00037668268421325006,0,0
31,TK-1999-0415_C1062_HNE,1,True,False,0.0010751057133263,0.0011674776703883096,0,0
31,TK-1999-0415_C1062_HNE,2,True,False,0.0019986490460995,0.002758634058091589,0,0
31,TK-1999-0415_C1062_HNE,3,True,False,0.0037254224403128,0.004608538834611937,0,1
31,TK-1999-0415_C1062_HNE,4,True,False,0.0087574199627915,0.00977072556077207,1,1
31,TK-1999-0415_C1062_HNE,5,True,False,0.0164273308956061,0.019780715591264438,2,3
31,TK-1999-0415_D0531_HNN,0,True,False,0.0003790632677127,0.0003503795385647371,0,0
31,TK-1999-0415_D0531_HNN,1,True,False,0.0010922676444859,0.0010034485804415213,0,0
31,TK-1999-0415_D0531_HNN,2,True,False,0.0031653713852066,0.0021073418827359755,0,0
31,TK-1999-0415_D0531_HNN,3,True,False,0.0076634406569081,0.0034933528522297693,1,0
31,TK-1999-0415_D0531_HNN,4,True,False,0.010426891203074,0.005965897309574778,1,1
31,TK-1999-0415_D0531_HNN,5,True,False,0.0172177647463518,0.012147861616493213,2,2
31,TK-1999-0415_1401_HNE,0,True,False,0.0003786259421461,0.00038714270008762176,0,0
31,TK-1999-0415_1401_HNE,1,True,False,0.001246532975176,0.0014523968379338151,0,0
31,TK-1999-0415_1401_HNE,2,True,False,0.0039861389372273,0.005248224766696897,0,0
31,TK-1999-0415_1401_HNE,3,True,False,0.0107020139182277,0.010303360878617752,1,1
31,TK-1999-0415_1401_HNE,4,True,False,0.0246024734827553,0.022319277843990456,2,2
31,TK-1999-0415_1401_HNE,5,True,False,0.0751002922475467,0.04067130395188174,4,3
31,TK-1999-0415_1406_HNN,0,True,False,0.0003647965226709,0.0003933185630969687,0,0
31,TK-1999-0415_1406_HNN,1,True,False,0.0010356854553287,0.0012272283001167898,0,0
31,TK-1999-0415_1406_HNN,2,True,False,0.0017734550298135,0.00356489331465175,0,0
31,TK-1999-0415_1406_HNN,3,True,False,0.004623677594026,0.007079417424625543,0,1
31,TK-1999-0415_1406_HNN,4,True,False,0.0094511228543204,0.012902515256053322,1,2
31,TK-1999-0415_1406_HNN,5,True,False,0.0145454086951021,0.024098695389453702,2,2
31,TK-1999-0415_8101_HNE,0,True,False,0.000376727248984,0.0003965076595127077,0,0
31,TK-1999-0415_8101_HNE,1,True,False,0.0010491084886758,0.0015286550049806163,0,0
31,TK-1999-0415_8101_HNE,2,True,False,0.0038950042111559,0.005079804809418949,0,0
31,TK-1999-0415_8101_HNE,3,True,False,0.0165022394652183,0.011196214049890385,2,1
31,TK-1999-0415_8101_HNE,4,True,False,0.0324908711514542,0.02455510778136718,3,2
31,TK-1999-0415_8101_HNE,5,True,False,0.0713606500683204,0.061711171164760666,4,3
31,INT-20250810_0000200_AKS_HNN,0,True,False,0.0003746222260554,0.00038881319196285653,0,0
31,INT-20250810_0000200_AKS_HNN,1,True,False,0.0017867720211566,0.0012910309140943908,0,0
31,INT-20250810_0000200_AKS_HNN,2,True,False,0.0043129476936752,0.004318065166049282,0,0
31,INT-20250810_0000200_AKS_HNN,3,True,False,0.008295346961598,0.00869815489795538,1,1
31,INT-20250810_0000200_AKS_HNN,4,True,False,0.0100611353337586,0.015642752304975582,1,2
31,INT-20250810_0000200_AKS_HNN,5,True,False,0.0161190102133306,0.036262642451175685,2,3
31,INT-20250810_0000200_BALB_HNE,0,True,False,0.0003785312763225,0.0004030098726153169,0,0
31,INT-20250810_0000200_BALB_HNE,1,True,False,0.0012069614811245,0.0014302405853353743,0,0
31,INT-20250810_0000200_BALB_HNE,2,True,False,0.002971473973881,0.004845514836467799,0,1
31,INT-20250810_0000200_BALB_HNE,3,True,False,0.006969418255813,0.01022173139871984,1,1
31,INT-20250810_0000200_BALB_HNE,4,True,False,0.0134159159315004,0.017359548725158123,2,2
31,INT-20250810_0000200_BALB_HNE,5,True,False,0.0239224911877402,0.03067596873315293,2,2
31,INT-20250810_0000200_GORD_HNN,0,True,False,0.0003754336220616,0.00039505712490426275,0,0
31,INT-20250810_0000200_GORD_HNN,1,True,False,0.0010516230061841,0.0011305260968400596,0,0
31,INT-20250810_0000200_SOMA_HNN,0,True,False,0.000374501200012,0.00040099518893114484,0,0
31,INT-20250810_0000200_SOMA_HNN,1,True,False,0.0012263303083851,0.0012870701343790645,0,0
31,INT-20250810_0000200_SOMA_HNN,2,True,False,0.0041025410199235,0.004123269921849782,0,0
31,INT-20250810_0000200_SOMA_HNN,3,True,False,0.0071228687243227,0.008191239578980141,1,1
31,INT-20250810_0000200_GORD_HNN,2,True,False,0.0050556138974932,0.0025735138748757395,1,0
31,INT-20250810_0000200_GORD_HNN,3,True,False,0.0097702710255131,0.004219797261178806,1,0
31,INT-20250810_0000200_GORD_HNN,4,True,False,0.0139790416578705,0.008258857003622564,2,1
31,INT-20250810_0000200_GORD_HNN,5,True,False,0.0290113130476612,0.01489038891889453,2,2
31,INT-20250810_0000200_SOMA_HNN,4,True,False,0.0117123624742883,0.01331970700818264,1,2
31,INT-20250810_0000200_SOMA_HNN,5,True,False,0.0174560628915355,0.0253463765253717,2,2
31,TK-1999-0294_1612_HNE,0,True,False,0.0003862975974418,0.00037502869025853985,0,0
31,TK-1999-0294_1612_HNE,1,True,False,0.0013646519875497,0.0011746161905822439,0,0
31,TK-1999-0294_1612_HNE,2,True,False,0.004046080008395,0.0036464085800834603,0,0
31,TK-1999-0294_1612_HNE,3,True,False,0.0090906433467627,0.008600101072259973,1,1
31,TK-1999-0294_1612_HNE,4,True,False,0.0179110208964005,0.01629236599349058,2,2
31,TK-1999-0294_1612_HNE,5,True,False,0.0439425358924609,0.033905858778459544,3,3
31,TK-2003-0179_1701_HNN,0,True,False,0.0003838235605309,0.00038097302981287304,0,0
31,TK-2003-0179_1701_HNN,1,True,False,0.0013294258325288,0.0011419440974712292,0,0
31,TK-2003-0179_1701_HNN,2,True,False,0.0051278702983284,0.002739738376538098,1,0
31,TK-2003-0179_1701_HNN,3,True,False,0.0131630327790218,0.005166322295340075,2,1
31,TK-2003-0179_1701_HNN,4,True,False,0.0233022175583583,0.008391158530730507,2,1
31,TK-2003-0179_1701_HNN,5,True,False,0.0493266386364642,0.01648171016165067,3,2
31,TK-1999-0294_4101_HNE,0,True,False,0.0003835061012273,0.0003899820917539963,0,0
31,TK-1999-0294_4101_HNE,1,True,False,0.0012796520444849,0.0012302259787321066,0,0
31,TK-1999-0294_4101_HNE,2,True,False,0.0035182818237302,0.0032493462906546173,0,0
31,TK-1999-0294_4101_HNE,3,True,False,0.0054732178874905,0.008000500927018678,1,1
31,TK-1999-0294_4101_HNE,4,True,False,0.0076956044285124,0.015898343679408837,1,3
31,TK-1999-0294_4101_HNE,5,True,False,0.0176923994419554,0.05585192240604726,2,4
31,TK-1999-0294_4107_HNE,0,True,False,0.0003855076238369,0.0003738126627729375,0,0
31,TK-1999-0294_4107_HNE,1,True,False,0.0014690432564989,0.0012845896247340237,0,0
31,TK-1999-0294_4107_HNE,2,True,False,0.0053909425841932,0.005726606963294397,1,1
31,TK-1999-0294_4107_HNE,3,True,False,0.013241380686311,0.01249700461312767,2,2
31,TK-1999-0294_4107_HNE,4,True,False,0.0411973402981827,0.024849310103112775,3,3
31,TK-1999-0294_4107_HNE,5,True,False,0.1,0.04394951745622651,4,4
31,TK-1999-0294_5401_HNE,0,True,False,0.0003781660180617,0.0005089898787629663,0,0
31,TK-1999-0294_5401_HNE,1,True,False,0.0011862721419459,0.002823589842750574,0,0
31,EMSC-20200122_0000127_GOMA_HNE,0,True,False,0.0003779321035141,0.000384149324976414,0,0
31,EMSC-20200122_0000127_GOMA_HNE,1,True,False,0.0011501795882596,0.0011078806062028495,0,0
31,EMSC-20200122_0000127_GOMA_HNE,2,True,False,0.0032412616595787,0.0029468333972826736,0,0
31,EMSC-20200122_0000127_GOMA_HNE,3,True,False,0.0093897734786403,0.007208384023250929,1,1
31,TK-1999-0294_5401_HNE,2,True,False,0.0052250521343228,0.007848787487276764,1,0
31,TK-1999-0294_5401_HNE,3,True,False,0.0080498860058998,0.01577041761550364,1,1
31,TK-1999-0294_5401_HNE,4,True,False,0.0107330376012368,0.03543694207981776,1,2
31,TK-1999-0294_5401_HNE,5,True,False,0.0230667106296649,0.05325048952996517,2,4
31,EMSC-20200122_0000127_GOMA_HNE,4,True,False,0.0163732347973838,0.0126769305630485,2,2
31,EMSC-20200122_0000127_GOMA_HNE,5,True,False,0.0315497825786077,0.01997982076878824,3,2
31,EMSC-20200122_0000127_SOMA_HNN,0,True,False,0.0003743472740657,0.00036341282323122795,0,0
31,EMSC-20200122_0000127_SOMA_HNN,1,True,False,0.0011397161112118,0.001037012580823173,0,0
31,EMSC-20200122_0000127_SOMA_HNN,2,True,False,0.0030664750395637,0.0025525111033001253,0,0
31,EMSC-20200122_0000127_SOMA_HNN,3,True,False,0.0053478660885902,0.005193701549539601,1,1
31,EMSC-20200122_0000127_SOMA_HNN,4,True,False,0.0100692748797294,0.009463261477224686,1,1
31,EMSC-20200122_0000127_SOMA_HNN,5,True,False,0.0247294666407861,0.01978190470927054,2,2
32,TK-1999-0077_YPT_HNN,4,True,False,0.0394642649821458,0.022793835590119518,3,1
32,TK-1999-0077_YPT_HNN,5,True,False,0.1,0.05739309356029072,4,4
32,TK-1999-0077_1612_HNE,0,True,False,0.0004125508455306,0.0004047750504446967,0,0
32,TK-1999-0077_1612_HNE,1,True,False,0.0013966400517078,0.0014084169130870537,0,0
32,TK-1999-0077_YPT_HNN,0,True,False,0.0004241823925486,0.00038730723576773377,0,0
32,TK-1999-0077_YPT_HNN,1,True,False,0.0023211102295876,0.0011736171141743298,0,0
32,TK-1999-0077_YPT_HNN,2,True,False,0.0100916606874008,0.003129337496816944,1,0
32,TK-1999-0077_YPT_HNN,3,True,False,0.0186931054135987,0.006221928942172557,2,1
32,TK-1999-0077_4101_HNE,0,True,False,0.0004065534887432,0.00044068844210839114,0,0
32,TK-1999-0077_4101_HNE,1,True,False,0.0028238097036311,0.0016377854248523019,0,0
32,TK-1999-0077_4101_HNE,2,True,False,0.0049359081706677,0.004497110900440335,0,0
32,TK-1999-0077_4101_HNE,3,True,False,0.0103509944463642,0.008530776230370626,1,1
32,TK-1999-0077_1612_HNE,2,True,False,0.004048161265336,0.002966673644940245,0,0
32,TK-1999-0077_1612_HNE,3,True,False,0.0138382271612339,0.0060731216382937485,2,1
32,TK-1999-0077_1612_HNE,4,True,False,0.0319737361712451,0.011870029660558803,3,1
32,TK-1999-0077_1612_HNE,5,True,False,0.0613591914855443,0.0297042433282704,4,3
32,TK-1999-0077_4101_HNE,4,True,False,0.0214919211223823,0.02033226754583876,2,3
32,TK-1999-0077_4101_HNE,5,True,False,0.1,0.059634185340523164,4,4
32,TK-1999-0077_4106_HNN,0,True,False,0.0004157612458715,0.0004188204450898671,0,0
32,TK-1999-0077_4106_HNN,1,True,False,0.0012508396245208,0.0016170743275743102,0,0
32,TK-1999-0077_4106_HNN,2,True,False,0.0033254270930106,0.006145710138694066,0,0
32,TK-1999-0077_4106_HNN,3,True,False,0.005123408482111,0.013468931322269936,1,1
32,TK-1999-0077_4106_HNN,4,True,False,0.0112638479710597,0.0280572213039366,1,3
32,TK-1999-0077_4106_HNN,5,True,False,0.035372572978425,0.0665380834998244,3,4
32,TK-1999-0077_5401_HNE,0,True,False,0.0004344716720156,0.00047560700171120514,0,0
32,TK-1999-0077_5401_HNE,1,True,False,0.001428282051563,0.0023544726194871905,0,0
32,TK-1999-0077_5401_HNE,2,True,False,0.0026147657523808,0.006964681006868036,0,1
32,TK-1999-0077_5401_HNE,3,True,False,0.0099410609393788,0.013881049996584193,1,2
32,TK-1999-0077_5401_HNE,4,True,False,0.0186054055500081,0.032938216219548115,2,2
32,TK-1999-0077_5401_HNE,5,True,False,0.0651770107560049,0.059896779743411295,4,4
32,TK-1999-0415_487_HNN,0,True,False,0.0004230548435024,0.00037628957317660874,0,0
32,TK-1999-0415_487_HNN,1,True,False,0.00125662466022,0.0011330947162071082,0,0
32,TK-1999-0415_487_HNN,2,True,False,0.0035635105034313,0.002466915176460252,0,0
32,TK-1999-0415_487_HNN,3,True,False,0.004852355036171,0.003656284809113245,0,0
32,TK-1999-0415_487_HNN,4,True,False,0.0079277539786169,0.005515871032581418,1,1
32,TK-1999-0415_487_HNN,5,True,False,0.0141347879096231,0.010214632490724674,2,2
32,TK-1999-0415_496_HNN,0,True,False,0.0004867596288603,0.00043584068102994446,0,0
32,TK-1999-0415_496_HNN,1,True,False,0.0018696689425505,0.001773479878115106,0,0
32,TK-1999-0415_496_HNN,2,True,False,0.0054240849743412,0.004773606296394045,1,1
32,TK-1999-0415_496_HNN,3,True,False,0.0138505732836773,0.007777428020594829,2,2
32,TK-1999-0415_496_HNN,4,True,False,0.0167181783195122,0.014907135641996444,2,2
32,TK-1999-0415_496_HNN,5,True,False,0.026701157607616,0.027559759962879838,2,2
32,TK-1999-0415_498_HNN,0,True,False,0.0004213172473949,0.0004372944964763209,0,0
32,TK-1999-0415_498_HNN,1,True,False,0.0012482070175954,0.0015023122089970712,0,0
32,TK-1999-0415_498_HNN,2,True,False,0.0031528566085569,0.0038704452218256227,0,0
32,TK-1999-0415_498_HNN,3,True,False,0.0050664102976274,0.006442421411708042,1,1
32,TK-1999-0415_498_HNN,4,True,False,0.008467523915347,0.013524461019666064,1,2
32,TK-1999-0415_498_HNN,5,True,False,0.0222778265704671,0.029802025821511428,2,2
32,TK-1999-0415_C0362_HNN,0,True,False,0.0004191209588807,0.0003877984948708288,0,0
32,TK-1999-0415_C0362_HNN,1,True,False,0.0015831787817835,0.0011629117296283395,0,0
32,TK-1999-0415_C0362_HNN,2,True,False,0.0074885985145321,0.0029455799078245996,1,0
32,TK-1999-0415_C0362_HNN,3,True,False,0.0144334096248285,0.005219537898312027,2,1
32,TK-1999-0415_C0362_HNN,4,True,False,0.0241166453064062,0.010104075306737546,2,1
32,TK-1999-0415_C0362_HNN,5,True,False,0.0793119102733002,0.01751265274993449,4,2
32,TK-1999-0415_C0375_HNN,0,True,False,0.0004063679617354,0.00042521419080644604,0,0
32,TK-1999-0415_C0375_HNN,1,True,False,0.0009671861723806,0.0014408307432901397,0,0
32,TK-1999-0415_C0375_HNN,2,True,False,0.0018354042390337,0.0034914566849961136,0,0
32,TK-1999-0415_C0375_HNN,3,True,False,0.0031545308110166,0.006026240543845329,0,1
32,TK-1999-0415_C0375_HNN,4,True,False,0.0090764344559981,0.011420513029852508,1,2
32,TK-1999-0415_C0375_HNN,5,True,False,0.0173598630364408,0.019686984579926008,2,2
32,TK-1999-0415_C1058_HNE,0,True,False,0.0004171761772255,0.0003989778728660767,0,0
32,TK-1999-0415_C1058_HNE,1,True,False,0.0012188957507806,0.00153729033092774,0,0
32,TK-1999-0415_C1058_HNE,2,True,False,0.0030772018064223,0.005010046281065514,0,0
32,TK-1999-0415_C1058_HNE,3,True,False,0.00818143203816,0.00916901057302172,1,0
32,TK-1999-0415_C1058_HNE,4,True,False,0.0228468411656768,0.02161937026305664,2,2
32,TK-1999-0415_C1058_HNE,5,True,False,0.0584704096637698,0.042735149424771544,3,2
32,TK-1999-0415_C1059_HNN,0,True,False,0.0004154530390366,0.0003890593780685852,0,0
32,TK-1999-0415_C1059_HNN,1,True,False,0.0013641183397905,0.0012544952433211222,0,0
32,TK-1999-0415_C1059_HNN,2,True,False,0.0031734921608841,0.003904062243927646,0,0
32,TK-1999-0415_C1059_HNN,3,True,False,0.0049915006632411,0.006306843849529858,0,1
32,TK-1999-0415_C1059_HNN,4,True,False,0.0108364045901012,0.01249245000894086,1,2
32,TK-1999-0415_C1059_HNN,5,True,False,0.0158767073504156,0.029338497136005157,2,2
32,TK-1999-0415_C1060_HNE,0,True,False,0.0004146907962407,0.0005047370172706245,0,0
32,TK-1999-0415_C1060_HNE,1,True,False,0.001341664890214,0.0017951265802308334,0,0
32,TK-1999-0415_C1060_HNE,2,True,False,0.0056111441587453,0.0039832810099298,1,0
32,TK-1999-0415_C1060_HNE,3,True,False,0.0100321460782243,0.008360952467888386,1,1
32,TK-1999-0415_C1060_HNE,4,True,False,0.0148360503213794,0.012928309726458073,2,2
32,TK-1999-0415_C1060_HNE,5,True,False,0.04233467465009,0.026666273488641826,3,2
32,TK-1999-0415_C1061_HNE,0,True,False,0.0004086577859757,0.0004127029192036983,0,0
32,TK-1999-0415_C1061_HNE,1,True,False,0.0010944777375421,0.0013510161291912218,0,0
32,TK-1999-0415_C1061_HNE,2,True,False,0.0021524511970003,0.0032048582847368783,0,0
32,TK-1999-0415_C1061_HNE,3,True,False,0.0048703560845843,0.005513630695355582,0,1
32,TK-1999-0415_C1061_HNE,4,True,False,0.0098268812908839,0.009466114034782685,1,1
32,TK-1999-0415_C1061_HNE,5,True,False,0.0196570073000251,0.018308630258788865,2,2
32,TK-1999-0415_C1062_HNE,0,True,False,0.0004210122562295,0.00039537823491119325,0,0
32,TK-1999-0415_C1062_HNE,1,True,False,0.001506851078573,0.0013946514570506228,0,0
32,TK-1999-0415_C1062_HNE,2,True,False,0.0050550284470184,0.00382239418844912,1,0
32,TK-1999-0415_C1062_HNE,3,True,False,0.0102830924378288,0.006490480361729379,1,1
32,TK-1999-0415_C1062_HNE,4,True,False,0.0152101080358125,0.012428702638014719,2,2
32,TK-1999-0415_C1062_HNE,5,True,False,0.0359012635563524,0.03001018660022813,3,2
32,TK-1999-0415_D0531_HNN,0,True,False,0.0004221925809925,0.00037688746285483265,0,0
32,TK-1999-0415_D0531_HNN,1,True,False,0.0016435280998975,0.00110410888247894,0,0
32,TK-1999-0415_1401_HNE,0,True,False,0.0004155022951501,0.00041710139466152293,0,0
32,TK-1999-0415_1401_HNE,1,True,False,0.001523043296776,0.0015511048820702794,0,0
32,TK-1999-0415_1401_HNE,2,True,False,0.0050180749527149,0.004828164969016428,1,0
32,TK-1999-0415_1401_HNE,3,True,False,0.010383990875573,0.008362430574624583,1,1
32,TK-1999-0415_D0531_HNN,2,True,False,0.0034738643869635,0.002489980170549186,0,0
32,TK-1999-0415_D0531_HNN,3,True,False,0.0058486117458548,0.004123376311899257,1,0
32,TK-1999-0415_D0531_HNN,4,True,False,0.0101534994070131,0.007049384624958703,1,1
32,TK-1999-0415_D0531_HNN,5,True,False,0.0173021380221055,0.014375325532803294,2,2
32,TK-1999-0415_1401_HNE,4,True,False,0.0236828729162413,0.019676439048753103,2,1
32,TK-1999-0415_1401_HNE,5,True,False,0.05053459641525,0.03214902572353264,3,3
32,TK-1999-0415_1406_HNN,0,True,False,0.0004208608397677,0.0004968675834786724,0,0
32,TK-1999-0415_1406_HNN,1,True,False,0.0020640087876523,0.001754112393036676,0,0
32,TK-1999-0415_1406_HNN,2,True,False,0.0055440589573984,0.004889291596175713,1,1
32,TK-1999-0415_1406_HNN,3,True,False,0.0089924253492468,0.008790128771660917,1,1
32,TK-1999-0415_1406_HNN,4,True,False,0.0139610320577373,0.01723124593151514,2,2
32,TK-1999-0415_1406_HNN,5,True,False,0.021663244587078,0.04005251398830139,2,2
32,TK-1999-0415_8101_HNE,0,True,False,0.000424574621093,0.0004314207671522145,0,0
32,TK-1999-0415_8101_HNE,1,True,False,0.0017066300649686,0.001691530484667313,0,0
32,TK-1999-0415_8101_HNE,2,True,False,0.0088194777911198,0.006251050901982866,1,1
32,TK-1999-0415_8101_HNE,3,True,False,0.0170183652818897,0.011842802842087432,2,1
32,TK-1999-0415_8101_HNE,4,True,False,0.0256874909162845,0.03293154449298216,2,2
32,TK-1999-0415_8101_HNE,5,True,False,0.0567803155775746,0.061464372498724856,3,4
32,INT-20250810_0000200_AKS_HNN,0,True,False,0.0004047759946826,0.0004149593112512534,0,0
32,INT-20250810_0000200_AKS_HNN,1,True,False,0.0012271682522223,0.0013349497434705713,0,0
32,INT-20250810_0000200_AKS_HNN,2,True,False,0.00312763496341,0.003904810309294894,0,0
32,INT-20250810_0000200_AKS_HNN,3,True,False,0.0042961774512875,0.006730436364863656,0,1
32,INT-20250810_0000200_AKS_HNN,4,True,False,0.0072703749376274,0.011564974615056314,1,2
32,INT-20250810_0000200_AKS_HNN,5,True,False,0.0112324202454137,0.027268070098686845,1,3
32,INT-20250810_0000200_BALB_HNE,0,True,False,0.0004132160594051,0.00041616980129550866,0,0
32,INT-20250810_0000200_BALB_HNE,1,True,False,0.0013302240740943,0.00147292766522864,0,0
32,INT-20250810_0000200_BALB_HNE,2,True,False,0.0032322627331912,0.004846642844297253,0,0
32,INT-20250810_0000200_BALB_HNE,3,True,False,0.0076092015071876,0.008237421199996929,1,1
32,INT-20250810_0000200_BALB_HNE,4,True,False,0.0119718946363018,0.014350791304025404,1,2
32,INT-20250810_0000200_BALB_HNE,5,True,False,0.0238044705592799,0.02682980260312201,2,2
32,INT-20250810_0000200_GORD_HNN,0,True,False,0.0004213337549621,0.0004279292523328587,0,0
32,INT-20250810_0000200_GORD_HNN,1,True,False,0.0019982625615041,0.0013150904142367023,0,0
32,INT-20250810_0000200_SOMA_HNN,0,True,False,0.0004160981895995,0.00041835671606655153,0,0
32,INT-20250810_0000200_SOMA_HNN,1,True,False,0.0010887133211932,0.0013081785754424646,0,0
32,INT-20250810_0000200_SOMA_HNN,2,True,False,0.0023760846859851,0.00373344859570835,0,0
32,INT-20250810_0000200_SOMA_HNN,3,True,False,0.005251894471762,0.006118234245176794,1,1
32,INT-20250810_0000200_GORD_HNN,2,True,False,0.0039924961578853,0.00301234675467286,0,0
32,INT-20250810_0000200_GORD_HNN,3,True,False,0.0058246410402583,0.004657734654279247,1,0
32,INT-20250810_0000200_GORD_HNN,4,True,False,0.010847317995165,0.008771064240835182,1,1
32,INT-20250810_0000200_GORD_HNN,5,True,False,0.0225965512573214,0.0150360719302881,2,2
32,INT-20250810_0000200_SOMA_HNN,4,True,False,0.0069565030042492,0.01052900340560728,1,1
32,INT-20250810_0000200_SOMA_HNN,5,True,False,0.0126351248610736,0.019335079349047428,2,2
32,TK-1999-0294_1612_HNE,0,True,False,0.000421250139473,0.00039508662142581505,0,0
32,TK-1999-0294_1612_HNE,1,True,False,0.0014208341707718,0.0013227937901283276,0,0
32,TK-1999-0294_1612_HNE,2,True,False,0.0040079419548181,0.0033444826479964436,0,0
32,TK-1999-0294_1612_HNE,3,True,False,0.0065279987778999,0.006365657380186223,1,1
32,TK-1999-0294_1612_HNE,4,True,False,0.0097555790471964,0.010616711337904266,1,1
32,TK-1999-0294_1612_HNE,5,True,False,0.0338446232069432,0.023161559081326617,3,3
32,TK-2003-0179_1701_HNN,0,True,False,0.0004160214117939,0.0004077267500386063,0,0
32,TK-2003-0179_1701_HNN,1,True,False,0.0014062150917303,0.001159122543946342,0,0
32,TK-2003-0179_1701_HNN,2,True,False,0.0040301466628096,0.0026738491249206848,0,0
32,TK-2003-0179_1701_HNN,3,True,False,0.0097366061668033,0.004232676212335901,1,0
32,TK-2003-0179_1701_HNN,4,True,False,0.0157412278048193,0.006960461181419243,2,1
32,TK-2003-0179_1701_HNN,5,True,False,0.0275479937633954,0.012278701887452056,2,2
32,TK-1999-0294_4101_HNE,0,True,False,0.000411947720873,0.0004107890426123958,0,0
32,TK-1999-0294_4101_HNE,1,True,False,0.0012227663014064,0.001339107119631182,0,0
32,TK-1999-0294_4101_HNE,2,True,False,0.0024082595019012,0.003882010719387557,0,0
32,TK-1999-0294_4101_HNE,3,True,False,0.0042016002541727,0.006862148521715686,0,1
32,TK-1999-0294_4101_HNE,4,True,False,0.0073941139654708,0.014015961510280507,1,2
32,TK-1999-0294_4101_HNE,5,True,False,0.0143853296706364,0.033946078698158466,2,3
32,TK-1999-0294_4107_HNE,0,True,False,0.0004171772784753,0.000388432583032816,0,0
32,TK-1999-0294_4107_HNE,1,True,False,0.0014337618191208,0.0014169547513515493,0,0
32,TK-1999-0294_4107_HNE,2,True,False,0.0037752685644952,0.004547395900011663,0,0
32,TK-1999-0294_4107_HNE,3,True,False,0.0092900350981623,0.008041456390560413,1,1
32,TK-1999-0294_4107_HNE,4,True,False,0.0214897091106532,0.013229815225554132,2,2
32,TK-1999-0294_4107_HNE,5,True,False,0.054274167506968,0.028281655417816774,3,3
32,TK-1999-0294_5401_HNE,0,True,False,0.0004418832588427,0.0005020158730883413,0,0
32,TK-1999-0294_5401_HNE,1,True,False,0.001296401130126,0.002454601704258595,0,0
32,TK-1999-0294_5401_HNE,2,True,False,0.0027826270185941,0.006156512619504115,0,1
32,TK-1999-0294_5401_HNE,3,True,False,0.0037037011354584,0.012386277548547058,0,1
32,TK-1999-0294_5401_HNE,4,True,False,0.0058905077359097,0.025786191589974358,1,2
32,TK-1999-0294_5401_HNE,5,True,False,0.0151058160775808,0.03900735197555205,2,2
32,EMSC-20200122_0000127_GOMA_HNE,0,True,False,0.000429871055676,0.00041082873509687347,0,0
32,EMSC-20200122_0000127_GOMA_HNE,1,True,False,0.0016360879924845,0.0013789727771256661,0,0
32,EMSC-20200122_0000127_GOMA_HNE,2,True,False,0.0043864561636781,0.003063860567402142,0,0
32,EMSC-20200122_0000127_GOMA_HNE,3,True,False,0.0087310442987578,0.005827985021173665,1,1
32,EMSC-20200122_0000127_GOMA_HNE,4,True,False,0.0143538500162624,0.008483136247639349,2,1
32,EMSC-20200122_0000127_GOMA_HNE,5,True,False,0.019820192001072,0.014592240722684223,2,2
32,EMSC-20200122_0000127_SOMA_HNN,0,True,False,0.0004210586256471,0.0003855479563064221,0,0
32,EMSC-20200122_0000127_SOMA_HNN,1,True,False,0.0012266359163609,0.0010562674788535513,0,0
32,EMSC-20200122_0000127_SOMA_HNN,2,True,False,0.0034874468665375,0.0023576091555549883,0,0
32,EMSC-20200122_0000127_SOMA_HNN,3,True,False,0.0052989329805968,0.004862134230178062,1,1
32,EMSC-20200122_0000127_SOMA_HNN,4,True,False,0.0090183613953407,0.008560397373639667,1,1
32,EMSC-20200122_0000127_SOMA_HNN,5,True,False,0.0165606779777856,0.01532593398189828,2,2
33,TK-1999-0077_YPT_HNN,4,True,False,0.0530401451851779,0.02718620473771458,3,3
33,TK-1999-0077_YPT_HNN,5,True,False,0.1,0.06592739693180874,4,4
33,TK-1999-0077_1612_HNE,0,True,False,0.0007336824834656,0.0006269743790630639,0,0
33,TK-1999-0077_1612_HNE,1,True,False,0.0038705552153994,0.002004037622516174,0,0
33,TK-1999-0077_YPT_HNN,0,True,False,0.0007252641900273,0.0006195656285182381,0,0
33,TK-1999-0077_YPT_HNN,1,True,False,0.0030867636940675,0.0021748140623737344,0,0
33,TK-1999-0077_YPT_HNN,2,True,False,0.0083939995534492,0.005695430316784833,1,0
33,TK-1999-0077_YPT_HNN,3,True,False,0.0185380662603648,0.01288356742724145,2,2
33,TK-1999-0077_1612_HNE,2,True,False,0.0154480065949743,0.005211847059826108,2,0
33,TK-1999-0077_1612_HNE,3,True,False,0.0272465823368608,0.010184821112051505,2,1
33,TK-1999-0077_1612_HNE,4,True,False,0.0524056362319406,0.01659390235471707,3,2
33,TK-1999-0077_1612_HNE,5,True,False,0.1,0.05108803363981462,4,4
33,TK-1999-0077_4101_HNE,0,True,False,0.0006050130706247,0.0006957126118912617,0,0
33,TK-1999-0077_4101_HNE,1,True,False,0.0021818175179966,0.0026692673753192847,0,0
33,TK-1999-0077_4101_HNE,2,True,False,0.0068669254116594,0.0072858369566306215,1,1
33,TK-1999-0077_4101_HNE,3,True,False,0.0135422957784566,0.015290960679866213,2,2
33,TK-1999-0077_4101_HNE,4,True,False,0.0581937303139177,0.025264510105911013,3,3
33,TK-1999-0077_4101_HNE,5,True,False,0.1,0.08749823975910996,4,4
33,TK-1999-0077_4106_HNN,0,True,False,0.0006010974418497,0.0008010508009108809,0,0
33,TK-1999-0077_4106_HNN,1,True,False,0.0036605544599217,0.005748554825161712,0,1
33,TK-1999-0077_4106_HNN,2,True,False,0.0099340120468119,0.019723711079905604,1,2
33,TK-1999-0077_4106_HNN,3,True,False,0.0146389798542981,0.04195818387577574,2,2
33,TK-1999-0077_4106_HNN,4,True,False,0.0645396047694964,0.08550921423431473,4,3
33,TK-1999-0077_4106_HNN,5,True,False,0.1,0.1351934455047962,4,4
33,TK-1999-0077_5401_HNE,0,True,False,0.0007278690601295,0.0007251989755689366,0,0
33,TK-1999-0077_5401_HNE,1,True,False,0.0038480355655066,0.004160868754897666,0,0
33,TK-1999-0077_5401_HNE,2,True,False,0.0097302694002015,0.010932132130680025,1,1
33,TK-1999-0077_5401_HNE,3,True,False,0.0311900410345173,0.030327304763517738,3,2
33,TK-1999-0077_5401_HNE,4,True,False,0.0623809349783954,0.05137720659810191,4,4
33,TK-1999-0077_5401_HNE,5,True,False,0.1,0.07630508108972225,4,4
33,TK-1999-0415_487_HNN,0,True,False,0.0006041109812768,0.0006478409000724317,0,0
33,TK-1999-0415_487_HNN,1,True,False,0.0017832934981263,0.002127392967144914,0,0
33,TK-1999-0415_496_HNN,0,True,False,0.0015282247735653,0.0009254194743949814,0,0
33,TK-1999-0415_496_HNN,1,True,False,0.0046809667317521,0.004630038093835455,0,0
33,TK-1999-0415_496_HNN,2,True,False,0.0092287230109655,0.011763265822726247,1,2
33,TK-1999-0415_496_HNN,3,True,False,0.0163634774406905,0.020256457473471073,2,2
33,TK-1999-0415_487_HNN,2,True,False,0.005743771716645,0.005185971910867961,1,0
33,TK-1999-0415_487_HNN,3,True,False,0.0114736349946744,0.008495379181394149,1,1
33,TK-1999-0415_487_HNN,4,True,False,0.0223486000052682,0.017663402508124815,2,2
33,TK-1999-0415_487_HNN,5,True,False,0.0405894199778842,0.03931764030656972,3,3
33,TK-1999-0415_496_HNN,4,True,False,0.026421028927592,0.030555652834392048,2,2
33,TK-1999-0415_496_HNN,5,True,False,0.0639172711052388,0.06135356040559378,4,3
33,TK-1999-0415_498_HNN,0,True,False,0.0006987168868776,0.0007112724696141495,0,0
33,TK-1999-0415_498_HNN,1,True,False,0.0020995271927553,0.0024559576887619424,0,0
33,TK-1999-0415_498_HNN,2,True,False,0.0080117878837737,0.006595206691288683,1,1
33,TK-1999-0415_498_HNN,3,True,False,0.0179384072166778,0.012810536267956491,2,2
33,TK-1999-0415_498_HNN,4,True,False,0.0234492154321398,0.02579502649667573,2,2
33,TK-1999-0415_498_HNN,5,True,False,0.0404049386832604,0.042014101987351234,3,2
33,TK-1999-0415_C0362_HNN,0,True,False,0.0006573054886518,0.0006498388214940278,0,0
33,TK-1999-0415_C0362_HNN,1,True,False,0.0025590166417353,0.0016843536310803342,0,0
33,TK-1999-0415_C0362_HNN,2,True,False,0.0083493468024568,0.0037783357589678728,1,0
33,TK-1999-0415_C0362_HNN,3,True,False,0.0143570478022497,0.006640773327756611,2,1
33,TK-1999-0415_C0362_HNN,4,True,False,0.0333553363308976,0.010637036748664497,3,1
33,TK-1999-0415_C0362_HNN,5,True,False,0.0817646139329001,0.018991982191542637,4,2
33,TK-1999-0415_C0375_HNN,0,True,False,0.0008389339560665,0.0012376876984437953,0,0
33,TK-1999-0415_C0375_HNN,1,True,False,0.0040060288179137,0.004566423407100217,0,0
33,TK-1999-0415_C0375_HNN,2,True,False,0.0131795054497603,0.010997433792479283,2,1
33,TK-1999-0415_C0375_HNN,3,True,False,0.0184493939893672,0.017475639256310255,2,2
33,TK-1999-0415_C0375_HNN,4,True,False,0.0236693099991732,0.030066212523458067,2,2
33,TK-1999-0415_C0375_HNN,5,True,False,0.0447633242434822,0.06495099831508122,3,4
33,TK-1999-0415_C1058_HNE,0,True,False,0.0006872686685419,0.0006692949556244983,0,0
33,TK-1999-0415_C1058_HNE,1,True,False,0.003467497005352,0.002670004559167486,0,0
33,TK-1999-0415_C1058_HNE,2,True,False,0.0181933513617515,0.009158018762011298,2,1
33,TK-1999-0415_C1058_HNE,3,True,False,0.031728026133602,0.021278648487302855,3,1
33,TK-1999-0415_C1058_HNE,4,True,False,0.1,0.040320538908590844,4,2
33,TK-1999-0415_C1058_HNE,5,True,False,0.1,0.06018532223408647,4,4
33,TK-1999-0415_C1059_HNN,0,True,False,0.0007727634116321,0.0007373709659967765,0,0
33,TK-1999-0415_C1059_HNN,1,True,False,0.0033069623505103,0.0036118481443103193,0,0
33,TK-1999-0415_C1059_HNN,2,True,False,0.0092102792144382,0.008903282461511222,1,1
33,TK-1999-0415_C1059_HNN,3,True,False,0.0159827213733112,0.019382861326670147,2,2
33,TK-1999-0415_C1059_HNN,4,True,False,0.0307701342703207,0.03857613663674932,3,3
33,TK-1999-0415_C1059_HNN,5,True,False,0.0890148664855177,0.06048363822122659,4,3
33,TK-1999-0415_C1060_HNE,0,True,False,0.0006689881265753,0.0006383806264084287,0,0
33,TK-1999-0415_C1060_HNE,1,True,False,0.0024499086964826,0.0019956685147762524,0,0
33,TK-1999-0415_C1060_HNE,2,True,False,0.0051742474832396,0.005055095808179605,1,0
33,TK-1999-0415_C1060_HNE,3,True,False,0.0118006929601998,0.009236389993779149,1,1
33,TK-1999-0415_C1060_HNE,4,True,False,0.0257311248037418,0.014835325288435086,2,2
33,TK-1999-0415_C1060_HNE,5,True,False,0.0579856802946313,0.029941967292024065,3,3
33,TK-1999-0415_C1061_HNE,0,True,False,0.00061498251504,0.0007474799179785509,0,0
33,TK-1999-0415_C1061_HNE,1,True,False,0.0026699288975376,0.0027345017418106943,0,0
33,TK-1999-0415_C1061_HNE,2,True,False,0.0104534255273129,0.007369852913268781,1,1
33,TK-1999-0415_C1061_HNE,3,True,False,0.0171749916285176,0.012325314799632704,2,2
33,TK-1999-0415_C1061_HNE,4,True,False,0.0273236478890368,0.017556909308356877,2,2
33,TK-1999-0415_C1061_HNE,5,True,False,0.0598435634142096,0.03655744905771853,3,3
33,TK-1999-0415_C1062_HNE,0,True,False,0.0006693200245046,0.0006248580569050722,0,0
33,TK-1999-0415_C1062_HNE,1,True,False,0.0022473421760473,0.001994236010202513,0,0
33,TK-1999-0415_C1062_HNE,2,True,False,0.0036617478436628,0.004621997763410038,0,1
33,TK-1999-0415_C1062_HNE,3,True,False,0.0095579053531779,0.009497163150898779,1,1
33,TK-1999-0415_C1062_HNE,4,True,False,0.0172747140303946,0.013512423604003579,2,2
33,TK-1999-0415_C1062_HNE,5,True,False,0.0242064939799685,0.03160134396872744,2,3
33,TK-1999-0415_D0531_HNN,0,True,False,0.0006609152132733,0.0005901264386243399,0,0
33,TK-1999-0415_D0531_HNN,1,True,False,0.0023421993311083,0.0017667204077738382,0,0
33,TK-1999-0415_1401_HNE,0,True,False,0.000686213287871,0.0006574965904951671,0,0
33,TK-1999-0415_1401_HNE,1,True,False,0.0025188691854464,0.0031483162156983376,0,0
33,TK-1999-0415_1401_HNE,2,True,False,0.0068054027426276,0.007834499534331199,1,0
33,TK-1999-0415_1401_HNE,3,True,False,0.0173365397684228,0.01408270014382079,2,2
33,TK-1999-0415_D0531_HNN,2,True,False,0.0047844048124003,0.004479950862841028,0,0
33,TK-1999-0415_D0531_HNN,3,True,False,0.0084780986380071,0.008614569775052972,1,1
33,TK-1999-0415_D0531_HNN,4,True,False,0.0151346937181981,0.015211442183451033,2,2
33,TK-1999-0415_D0531_HNN,5,True,False,0.0283827843561097,0.03437156693718224,2,3
33,TK-1999-0415_1401_HNE,4,True,False,0.0203806569026569,0.02402329197831552,2,2
33,TK-1999-0415_1401_HNE,5,True,False,0.0297787209531821,0.04092871615167178,2,3
33,TK-1999-0415_1406_HNN,0,True,False,0.0006664971446733,0.0006873315973795501,0,0
33,TK-1999-0415_1406_HNN,1,True,False,0.0018225112474402,0.002341408938830063,0,0
33,TK-1999-0415_1406_HNN,2,True,False,0.0043445876757228,0.0066739437744927224,0,1
33,TK-1999-0415_1406_HNN,3,True,False,0.0096022886599454,0.011159864467582707,1,1
33,TK-1999-0415_1406_HNN,4,True,False,0.0110436977926134,0.01879677127058146,1,2
33,TK-1999-0415_1406_HNN,5,True,False,0.0364151215276268,0.03896925328228192,3,3
33,TK-1999-0415_8101_HNE,0,True,False,0.000687515449732,0.000624824783493724,0,0
33,TK-1999-0415_8101_HNE,1,True,False,0.0027753866907664,0.002984742856013583,0,0
33,TK-1999-0415_8101_HNE,2,True,False,0.0068724181930245,0.007105812767560797,1,1
33,TK-1999-0415_8101_HNE,3,True,False,0.0111751185015104,0.012666711370439229,1,2
33,TK-1999-0415_8101_HNE,4,True,False,0.0202971466063892,0.02267945754664837,2,3
33,TK-1999-0415_8101_HNE,5,True,False,0.0452368960888603,0.051496680698564286,3,4
33,INT-20250810_0000200_AKS_HNN,0,True,False,0.0006012756325914,0.0006583826018559127,0,0
33,INT-20250810_0000200_AKS_HNN,1,True,False,0.0017174039798183,0.002740824522386947,0,0
33,INT-20250810_0000200_AKS_HNN,2,True,False,0.0053925117894203,0.007776151501458321,1,1
33,INT-20250810_0000200_AKS_HNN,3,True,False,0.0089121583292302,0.013844067985855323,1,2
33,INT-20250810_0000200_AKS_HNN,4,True,False,0.0165550911998438,0.024531656628955532,2,2
33,INT-20250810_0000200_AKS_HNN,5,True,False,0.0196890845079372,0.045755110706353755,2,3
33,INT-20250810_0000200_BALB_HNE,0,True,False,0.0006899658862168,0.0006531840655879178,0,0
33,INT-20250810_0000200_BALB_HNE,1,True,False,0.0026106695139993,0.0022252349362156293,0,0
33,INT-20250810_0000200_BALB_HNE,2,True,False,0.007046844052413,0.006592951424231437,1,1
33,INT-20250810_0000200_BALB_HNE,3,True,False,0.012047332480814,0.012280973730447385,2,1
33,INT-20250810_0000200_BALB_HNE,4,True,False,0.0156512349701719,0.019668949320078736,2,2
33,INT-20250810_0000200_BALB_HNE,5,True,False,0.0300503494786283,0.03660172860218798,3,3
33,INT-20250810_0000200_GORD_HNN,0,True,False,0.0006177584190998,0.0006376128853768411,0,0
33,INT-20250810_0000200_GORD_HNN,1,True,False,0.0016752088296014,0.0021181040210701053,0,0
33,INT-20250810_0000200_GORD_HNN,2,True,False,0.0064112795915747,0.00432073283304714,1,0
33,INT-20250810_0000200_GORD_HNN,3,True,False,0.0111083389558956,0.008037793114502175,1,1
33,INT-20250810_0000200_GORD_HNN,4,True,False,0.0168847499336282,0.010940096035322356,2,2
33,INT-20250810_0000200_GORD_HNN,5,True,False,0.0322426447473707,0.02288545419121011,3,2
33,INT-20250810_0000200_SOMA_HNN,0,True,False,0.0006767745277628,0.0006555294637700974,0,0
33,INT-20250810_0000200_SOMA_HNN,1,True,False,0.0014722080456717,0.002128075126705905,0,0
33,INT-20250810_0000200_SOMA_HNN,2,True,False,0.005569754055062,0.006101104966188039,1,1
33,INT-20250810_0000200_SOMA_HNN,3,True,False,0.0096917805105971,0.010357714001698031,1,1
33,INT-20250810_0000200_SOMA_HNN,4,True,False,0.0182469979673815,0.016744614942024182,2,2
33,INT-20250810_0000200_SOMA_HNN,5,True,False,0.0278141890914987,0.03300124838069504,2,3
33,TK-1999-0294_1612_HNE,0,True,False,0.0006450131283096,0.0006629172092038402,0,0
33,TK-1999-0294_1612_HNE,1,True,False,0.0017983164677512,0.0020210965153952946,0,0
33,TK-1999-0294_1612_HNE,2,True,False,0.0093677472344248,0.00609749875129866,1,1
33,TK-1999-0294_1612_HNE,3,True,False,0.0169409464648548,0.010422848299294038,2,2
33,TK-1999-0294_1612_HNE,4,True,False,0.0299944239495549,0.016792553079658375,2,2
33,TK-1999-0294_1612_HNE,5,True,False,0.0473234885792635,0.031181505538205263,3,2
33,TK-2003-0179_1701_HNN,0,True,False,0.0006659748279088,0.0005967751334050344,0,0
33,TK-2003-0179_1701_HNN,1,True,False,0.0028153092827706,0.0019202282376827513,0,0
33,TK-2003-0179_1701_HNN,2,True,False,0.0067856902193034,0.0034427900084856348,1,0
33,TK-2003-0179_1701_HNN,3,True,False,0.0096290316869579,0.0059690226236154,1,1
33,TK-2003-0179_1701_HNN,4,True,False,0.0157425071246383,0.008273923409035298,2,1
33,TK-2003-0179_1701_HNN,5,True,False,0.0245282967792612,0.016601943617129716,2,2
33,TK-1999-0294_4101_HNE,0,True,False,0.0006648893894919,0.0006464258893551154,0,0
33,TK-1999-0294_4101_HNE,1,True,False,0.0020584439313901,0.0026940882368432827,0,0
33,TK-1999-0294_4101_HNE,2,True,False,0.0048337822970674,0.00832026058963136,0,1
33,TK-1999-0294_4101_HNE,3,True,False,0.008335485538343,0.017441154975749388,1,2
33,TK-1999-0294_4101_HNE,4,True,False,0.0138398342683572,0.02767591291696251,2,3
33,TK-1999-0294_4101_HNE,5,True,False,0.022263228998506,0.04684474221510981,2,3
33,TK-1999-0294_4107_HNE,0,True,False,0.0006472230356812,0.0006056211753324122,0,0
33,TK-1999-0294_4107_HNE,1,True,False,0.0023234091310658,0.002149662503905877,0,0
33,TK-1999-0294_4107_HNE,2,True,False,0.0073597231926892,0.006426359843886559,1,1
33,TK-1999-0294_4107_HNE,3,True,False,0.0167120479586348,0.011048813655974704,2,2
33,TK-1999-0294_4107_HNE,4,True,False,0.0334529268299979,0.017896281174730837,3,2
33,TK-1999-0294_4107_HNE,5,True,False,0.0623267356764858,0.032456434015650626,4,3
33,TK-1999-0294_5401_HNE,0,True,False,0.0006297095978038,0.001324950139962895,0,0
33,TK-1999-0294_5401_HNE,1,True,False,0.002892568851816,0.006702619916258489,0,0
33,TK-1999-0294_5401_HNE,2,True,False,0.0058592889035195,0.014141893727441082,1,1
33,TK-1999-0294_5401_HNE,3,True,False,0.0103623899004706,0.02269330055311467,1,2
33,TK-1999-0294_5401_HNE,4,True,False,0.0224942867694157,0.03747379933846075,2,2
33,TK-1999-0294_5401_HNE,5,True,False,0.0488452209788634,0.06613750426457944,3,4
33,EMSC-20200122_0000127_GOMA_HNE,0,True,False,0.0006228413347651,0.0005990024890312342,0,0
33,EMSC-20200122_0000127_GOMA_HNE,1,True,False,0.0020103480383126,0.0019891058475851936,0,0
33,EMSC-20200122_0000127_GOMA_HNE,2,True,False,0.0040638437292848,0.003809481422258591,0,0
33,EMSC-20200122_0000127_GOMA_HNE,3,True,False,0.0073136696755738,0.006751459679971647,1,1
33,EMSC-20200122_0000127_GOMA_HNE,4,True,False,0.0119219761157325,0.01130501271706195,1,2
33,EMSC-20200122_0000127_GOMA_HNE,5,True,False,0.0174181632486838,0.02000640964452452,2,2
33,EMSC-20200122_0000127_SOMA_HNN,0,True,False,0.0006230247556445,0.0006410102540930268,0,0
33,EMSC-20200122_0000127_SOMA_HNN,1,True,False,0.0014905465794115,0.001959284796598036,0,0
33,EMSC-20200122_0000127_SOMA_HNN,2,True,False,0.0038725203086068,0.005187190565758895,0,1
33,EMSC-20200122_0000127_SOMA_HNN,3,True,False,0.0078799959031343,0.010523724514435366,1,1
33,EMSC-20200122_0000127_SOMA_HNN,4,True,False,0.015726763542507,0.014126526266161201,2,2
33,EMSC-20200122_0000127_SOMA_HNN,5,True,False,0.0247664940503752,0.0287301506334288,2,3
34,TK-1999-0077_YPT_HNN,4,True,False,0.1,0.045569184846651324,4,3
34,TK-1999-0077_YPT_HNN,5,True,False,0.1,0.08598734371623026,4,4
34,TK-1999-0077_1612_HNE,0,True,False,0.0005031304294832,0.00048422626429189645,0,0
34,TK-1999-0077_1612_HNE,1,True,False,0.0017861043433595,0.0017493886514143451,0,0
34,TK-1999-0077_YPT_HNN,0,True,False,0.0005097606353135,0.00047831942416539064,0,0
34,TK-1999-0077_YPT_HNN,1,True,False,0.0031874413708291,0.001722385957272162,0,0
34,TK-1999-0077_YPT_HNN,2,True,False,0.0120183593449208,0.004174168192374757,2,0
34,TK-1999-0077_YPT_HNN,3,True,False,0.0309827766078791,0.010081668420343404,3,2
34,TK-1999-0077_1612_HNE,2,True,False,0.0057797406236098,0.004076081355666607,1,0
34,TK-1999-0077_1612_HNE,3,True,False,0.0262507532250312,0.008187081077299357,2,1
34,TK-1999-0077_1612_HNE,4,True,False,0.0545075686693328,0.01720726837118602,3,2
34,TK-1999-0077_1612_HNE,5,True,False,0.1,0.04553707494229468,4,3
34,TK-1999-0077_4101_HNE,0,True,False,0.0004850769613039,0.0005153478942534544,0,0
34,TK-1999-0077_4101_HNE,1,True,False,0.003474019152143,0.0018657318605096887,0,0
34,TK-1999-0077_4101_HNE,2,True,False,0.0061308212316404,0.005348895255165718,1,0
34,TK-1999-0077_4101_HNE,3,True,False,0.0138102360988032,0.013105128888568464,2,2
34,TK-1999-0077_4101_HNE,4,True,False,0.0442277972102309,0.036713448282204526,3,3
34,TK-1999-0077_4101_HNE,5,True,False,0.1,0.09675795030630396,4,4
34,TK-1999-0077_4106_HNN,0,True,False,0.0004879564686437,0.0005084665059753273,0,0
34,TK-1999-0077_4106_HNN,1,True,False,0.0014777464121113,0.001981255864671816,0,0
34,TK-1999-0077_4106_HNN,2,True,False,0.0045987271317885,0.008236760989373069,0,2
34,TK-1999-0077_4106_HNN,3,True,False,0.0066063414412554,0.02079700486717864,1,2
34,TK-1999-0077_4106_HNN,4,True,False,0.0272425763371541,0.05121515696315921,2,3
34,TK-1999-0077_4106_HNN,5,True,False,0.0786776787273246,0.11855075809456733,4,4
34,TK-1999-0077_5401_HNE,0,True,False,0.0005384583401332,0.0005629213883264977,0,0
34,TK-1999-0077_5401_HNE,1,True,False,0.0018698065371468,0.0029886320551915833,0,0
34,TK-1999-0077_5401_HNE,2,True,False,0.0036000792274427,0.009869401766153137,0,1
34,TK-1999-0077_5401_HNE,3,True,False,0.0184585587756597,0.02377051282680412,2,2
34,TK-1999-0077_5401_HNE,4,True,False,0.0633414138338066,0.06153245223587865,4,4
34,TK-1999-0077_5401_HNE,5,True,False,0.1,0.08534301079610168,4,4
34,TK-1999-0415_487_HNN,0,True,False,0.000493358361343,0.0004410463999996863,0,0
34,TK-1999-0415_487_HNN,1,True,False,0.0016085607411234,0.0013615196223062413,0,0
34,TK-1999-0415_487_HNN,2,True,False,0.0049788654092857,0.0029976102794163945,0,0
34,TK-1999-0415_487_HNN,3,True,False,0.0063525843666345,0.004438503693525864,1,0
34,TK-1999-0415_487_HNN,4,True,False,0.0117621125084471,0.007857556522151404,1,1
34,TK-1999-0415_487_HNN,5,True,False,0.0194280831284577,0.016061447351655888,2,2
34,TK-1999-0415_496_HNN,0,True,False,0.0005506580057801,0.0004964716793930339,0,0
34,TK-1999-0415_496_HNN,1,True,False,0.0021615156922586,0.0020831799072135466,0,0
34,TK-1999-0415_496_HNN,2,True,False,0.0089577248052807,0.006082751236662669,1,1
34,TK-1999-0415_496_HNN,3,True,False,0.0148755171805221,0.010564692924501242,2,2
34,TK-1999-0415_496_HNN,4,True,False,0.0168013485959502,0.018160003771159925,2,2
34,TK-1999-0415_496_HNN,5,True,False,0.029333292700699,0.03502829916509087,2,3
34,TK-1999-0415_498_HNN,0,True,False,0.0004960700112742,0.0005092844777126316,0,0
34,TK-1999-0415_498_HNN,1,True,False,0.0016083389434855,0.0017887833940945363,0,0
34,TK-1999-0415_C0362_HNN,0,True,False,0.0004927242224028,0.0004590184972684001,0,0
34,TK-1999-0415_C0362_HNN,1,True,False,0.0020012527348622,0.001439572834122996,0,0
34,TK-1999-0415_C0362_HNN,2,True,False,0.0117573401425901,0.0038023441485683027,1,0
34,TK-1999-0415_C0362_HNN,3,True,False,0.0194091278873201,0.00694406487408928,2,1
34,TK-1999-0415_498_HNN,2,True,False,0.0037741379016992,0.00470220727703167,0,1
34,TK-1999-0415_498_HNN,3,True,False,0.0078433341018146,0.00816589432800083,1,1
34,TK-1999-0415_498_HNN,4,True,False,0.0126799143064539,0.01700740395968217,2,2
34,TK-1999-0415_498_HNN,5,True,False,0.0382445484064813,0.037036574707383474,3,3
34,TK-1999-0415_C0362_HNN,4,True,False,0.0584529814262721,0.013382667488125081,3,1
34,TK-1999-0415_C0362_HNN,5,True,False,0.1,0.024152766124377403,4,2
34,TK-1999-0415_C0375_HNN,0,True,False,0.0004663574206009,0.00048105206932036324,0,0
34,TK-1999-0415_C0375_HNN,1,True,False,0.0010965608164174,0.0016463700689510884,0,0
34,TK-1999-0415_C0375_HNN,2,True,False,0.002146327979412,0.00415295230204322,0,0
34,TK-1999-0415_C0375_HNN,3,True,False,0.0039512228752176,0.00718363836928837,0,1
34,TK-1999-0415_C0375_HNN,4,True,False,0.0099412655028659,0.01575305997078344,1,2
34,TK-1999-0415_C0375_HNN,5,True,False,0.0186813412848566,0.029690181863350703,2,2
34,TK-1999-0415_C1058_HNE,0,True,False,0.000477611392983,0.0005054144024163634,0,0
34,TK-1999-0415_C1058_HNE,1,True,False,0.0013963939618287,0.0021235493999155223,0,0
34,TK-1999-0415_C1058_HNE,2,True,False,0.0045354350336101,0.006935519492351681,0,1
34,TK-1999-0415_C1058_HNE,3,True,False,0.0129788724308183,0.014246004590396289,2,2
34,TK-1999-0415_C1058_HNE,4,True,False,0.0572098869957432,0.03588843570235855,3,3
34,TK-1999-0415_C1058_HNE,5,True,False,0.1,0.06785382287766174,4,4
34,TK-1999-0415_C1059_HNN,0,True,False,0.0004933660949666,0.00046114340537614206,0,0
34,TK-1999-0415_C1059_HNN,1,True,False,0.0015486382415434,0.0015120009994783908,0,0
34,TK-1999-0415_C1059_HNN,2,True,False,0.0038930569945439,0.004854924706188467,0,0
34,TK-1999-0415_C1059_HNN,3,True,False,0.0071373232496591,0.008225590657855424,1,1
34,TK-1999-0415_C1059_HNN,4,True,False,0.0168705098523065,0.016091198321761143,2,2
34,TK-1999-0415_C1059_HNN,5,True,False,0.0305901687713249,0.03730007903913845,3,3
34,TK-1999-0415_C1060_HNE,0,True,False,0.0005063313401842,0.0005608223484118854,0,0
34,TK-1999-0415_C1060_HNE,1,True,False,0.0017392401995948,0.001941430904871727,0,0
34,TK-1999-0415_C1060_HNE,2,True,False,0.0063847639173394,0.00480285242834017,1,0
34,TK-1999-0415_C1060_HNE,3,True,False,0.0110411336918194,0.010236899347622709,1,1
34,TK-1999-0415_C1060_HNE,4,True,False,0.0253465976825163,0.016219785227790228,2,2
34,TK-1999-0415_C1060_HNE,5,True,False,0.0843320964498426,0.0339539438689199,4,2
34,TK-1999-0415_C1061_HNE,0,True,False,0.0004721629234397,0.00048244079353408615,0,0
34,TK-1999-0415_C1061_HNE,1,True,False,0.0013832704537737,0.0016160005189157682,0,0
34,TK-1999-0415_C1061_HNE,2,True,False,0.0029740591455317,0.004133185025360134,0,0
34,TK-1999-0415_C1061_HNE,3,True,False,0.0060326296718314,0.007497538408795302,1,1
34,TK-1999-0415_C1061_HNE,4,True,False,0.0129034418009492,0.012566444226829416,2,2
34,TK-1999-0415_C1061_HNE,5,True,False,0.0356976127432383,0.021777309904936107,3,3
34,TK-1999-0415_C1062_HNE,0,True,False,0.0004871857531512,0.0004963024531015624,0,0
34,TK-1999-0415_C1062_HNE,1,True,False,0.0018251962151089,0.0017937139481070986,0,0
34,TK-1999-0415_C1062_HNE,2,True,False,0.0062645154840894,0.004884446479998288,1,0
34,TK-1999-0415_C1062_HNE,3,True,False,0.013066303008476,0.0093856647687986,2,1
34,TK-1999-0415_C1062_HNE,4,True,False,0.0216211902544255,0.01910911537029131,2,2
34,TK-1999-0415_C1062_HNE,5,True,False,0.0529308338503489,0.04775498751785869,3,3
34,TK-1999-0415_D0531_HNN,0,True,False,0.0004932792025729,0.0004437256306286483,0,0
34,TK-1999-0415_D0531_HNN,1,True,False,0.0020987519674248,0.0012822032881931022,0,0
34,TK-1999-0415_1401_HNE,0,True,False,0.0004882795664883,0.0005255810590235811,0,0
34,TK-1999-0415_1401_HNE,1,True,False,0.0017769691019079,0.0020547519412015664,0,0
34,TK-1999-0415_1401_HNE,2,True,False,0.0062262341999455,0.006938040485638148,1,0
34,TK-1999-0415_1401_HNE,3,True,False,0.012213050508713,0.01237458400371736,2,1
34,TK-1999-0415_D0531_HNN,2,True,False,0.0041760286741244,0.003044200836325418,0,0
34,TK-1999-0415_D0531_HNN,3,True,False,0.0069822306433046,0.0050425649490278245,1,0
34,TK-1999-0415_D0531_HNN,4,True,False,0.0120504881203946,0.009490361651943224,2,1
34,TK-1999-0415_D0531_HNN,5,True,False,0.0217811131229699,0.020221852669654334,2,2
34,TK-1999-0415_1401_HNE,4,True,False,0.0460331891304747,0.027768077855428668,3,3
34,TK-1999-0415_1401_HNE,5,True,False,0.0634107708558168,0.04854155841865575,4,3
34,TK-1999-0415_1406_HNN,0,True,False,0.0004849865114349,0.0005830580346157716,0,0
34,TK-1999-0415_1406_HNN,1,True,False,0.002388100504398,0.0021450508293878066,0,0
34,TK-1999-0415_1406_HNN,2,True,False,0.0060990590410057,0.006063254305680333,1,1
34,TK-1999-0415_1406_HNN,3,True,False,0.0106510854912215,0.01191839488587295,1,2
34,TK-1999-0415_1406_HNN,4,True,False,0.0160501410911172,0.023560274314395082,2,2
34,TK-1999-0415_1406_HNN,5,True,False,0.0492164072975693,0.05828895333444973,3,4
34,TK-1999-0415_8101_HNE,0,True,False,0.0005030374909513,0.0005219116699002596,0,0
34,TK-1999-0415_8101_HNE,1,True,False,0.0022824648117863,0.002209117067119037,0,0
34,TK-1999-0415_8101_HNE,2,True,False,0.0123764900900246,0.00855527177720453,2,1
34,TK-1999-0415_8101_HNE,3,True,False,0.0237503930391526,0.016782162143827786,2,2
34,TK-1999-0415_8101_HNE,4,True,False,0.04871358776787,0.05005989693507996,3,3
34,TK-1999-0415_8101_HNE,5,True,False,0.1,0.0990260811785422,4,4
34,INT-20250810_0000200_AKS_HNN,0,True,False,0.0004526817567061,0.0004964269827854774,0,0
34,INT-20250810_0000200_AKS_HNN,1,True,False,0.0014375794550265,0.0016338637146777787,0,0
34,INT-20250810_0000200_AKS_HNN,2,True,False,0.0036410079284358,0.004885419946559763,0,0
34,INT-20250810_0000200_AKS_HNN,3,True,False,0.0051515517275265,0.008832032479701893,1,1
34,INT-20250810_0000200_AKS_HNN,4,True,False,0.0079945655413086,0.016789750810427002,1,2
34,INT-20250810_0000200_AKS_HNN,5,True,False,0.0153183796238051,0.04095863333059114,2,3
34,INT-20250810_0000200_BALB_HNE,0,True,False,0.0004861135185105,0.0004826471557260373,0,0
34,INT-20250810_0000200_BALB_HNE,1,True,False,0.0016629150118944,0.0017187324354510833,0,0
34,INT-20250810_0000200_BALB_HNE,2,True,False,0.0048304902235753,0.006157175095268141,0,1
34,INT-20250810_0000200_BALB_HNE,3,True,False,0.010425197935595,0.011187474085005979,1,1
34,INT-20250810_0000200_BALB_HNE,4,True,False,0.018774322073276,0.020780810282078628,2,2
34,INT-20250810_0000200_BALB_HNE,5,True,False,0.0311676523897272,0.03841408894715254,3,3
34,INT-20250810_0000200_GORD_HNN,0,True,False,0.000496310644352,0.000497499993464117,0,0
34,INT-20250810_0000200_GORD_HNN,1,True,False,0.0025744102329411,0.0015298950054398303,0,0
34,INT-20250810_0000200_GORD_HNN,2,True,False,0.0044451577443767,0.0035470662409541436,0,0
34,INT-20250810_0000200_GORD_HNN,3,True,False,0.0068446857515334,0.006348919262540537,1,1
34,INT-20250810_0000200_GORD_HNN,4,True,False,0.0151372462035276,0.01140699119554803,2,1
34,INT-20250810_0000200_GORD_HNN,5,True,False,0.0346756628800928,0.019676838725078197,3,2
34,INT-20250810_0000200_SOMA_HNN,0,True,False,0.0004952441980287,0.0004970661996538111,0,0
34,INT-20250810_0000200_SOMA_HNN,1,True,False,0.0012504909653424,0.0016344988836468238,0,0
34,INT-20250810_0000200_SOMA_HNN,2,True,False,0.0028341618249212,0.00481778065005874,0,0
34,INT-20250810_0000200_SOMA_HNN,3,True,False,0.0063382634164356,0.008295258379411743,1,1
34,INT-20250810_0000200_SOMA_HNN,4,True,False,0.0093279482791654,0.014412856319837648,1,2
34,INT-20250810_0000200_SOMA_HNN,5,True,False,0.0180866602480665,0.02632253929169002,2,2
34,TK-1999-0294_1612_HNE,0,True,False,0.0005031951216958,0.0004809258520490093,0,0
34,TK-1999-0294_1612_HNE,1,True,False,0.0017613841548166,0.001670335043530627,0,0
34,TK-1999-0294_1612_HNE,2,True,False,0.0054956869786342,0.004842206818923453,1,0
34,TK-1999-0294_1612_HNE,3,True,False,0.008534347320907,0.009990556532035417,1,1
34,TK-1999-0294_1612_HNE,4,True,False,0.0196923299734658,0.018022455267545923,2,2
34,TK-1999-0294_1612_HNE,5,True,False,0.0475816355868764,0.03889803594760787,3,3
34,TK-2003-0179_1701_HNN,0,True,False,0.0004914085176911,0.0004783782473486757,0,0
34,TK-2003-0179_1701_HNN,1,True,False,0.0016000931577639,0.001391560193569753,0,0
34,TK-2003-0179_1701_HNN,2,True,False,0.0060575054497532,0.0029192832894885594,1,0
34,TK-2003-0179_1701_HNN,3,True,False,0.0146337977751209,0.005476465507288614,2,1
34,TK-2003-0179_1701_HNN,4,True,False,0.0216801294641423,0.009222046317412089,2,1
34,TK-2003-0179_1701_HNN,5,True,False,0.0441044037740671,0.016121677021409903,3,2
34,TK-1999-0294_4101_HNE,0,True,False,0.0004642825251658,0.0004952331127737115,0,0
34,TK-1999-0294_4101_HNE,1,True,False,0.001393800830016,0.0016799791365895394,0,0
34,TK-1999-0294_4101_HNE,2,True,False,0.0029235595684206,0.004846491186458725,0,0
34,TK-1999-0294_4101_HNE,3,True,False,0.0056259823216653,0.009362748559151852,1,2
34,TK-1999-0294_4101_HNE,4,True,False,0.0084187728625709,0.022657331273643763,1,3
34,TK-1999-0294_4101_HNE,5,True,False,0.0172354735825708,0.059515938781716904,2,4
34,TK-1999-0294_4107_HNE,0,True,False,0.0004874322795984,0.00045159453558747903,0,0
34,TK-1999-0294_4107_HNE,1,True,False,0.0017700423804229,0.001651815548344789,0,0
34,TK-1999-0294_4107_HNE,2,True,False,0.005091128752901,0.005457917036486803,1,1
34,TK-1999-0294_4107_HNE,3,True,False,0.0126808679203016,0.010968110251336684,2,2
34,TK-1999-0294_4107_HNE,4,True,False,0.0396444527102828,0.020412142958833267,3,3
34,TK-1999-0294_4107_HNE,5,True,False,0.1,0.03898689605420776,4,4
34,TK-1999-0294_5401_HNE,0,True,False,0.0005207723533168,0.000598036151408794,0,0
34,TK-1999-0294_5401_HNE,1,True,False,0.0015329052118316,0.003013124101148955,0,0
34,TK-1999-0294_5401_HNE,2,True,False,0.0033552993756606,0.00831880820406387,0,1
34,TK-1999-0294_5401_HNE,3,True,False,0.0045294634364582,0.018029342772944514,0,2
34,TK-1999-0294_5401_HNE,4,True,False,0.0081726503689008,0.03688355561299986,1,3
34,TK-1999-0294_5401_HNE,5,True,False,0.0189567226402613,0.05410392877367172,2,4
34,EMSC-20200122_0000127_GOMA_HNE,0,True,False,0.0004762000570032,0.0004827992685593068,0,0
34,EMSC-20200122_0000127_GOMA_HNE,1,True,False,0.0017861730832373,0.0016463827225175556,0,0
34,EMSC-20200122_0000127_GOMA_HNE,2,True,False,0.0059503413371376,0.004002168769867429,1,0
34,EMSC-20200122_0000127_GOMA_HNE,3,True,False,0.010972226638481,0.00801781135439392,1,1
34,EMSC-20200122_0000127_GOMA_HNE,4,True,False,0.0169246235096096,0.012648217453944533,2,2
34,EMSC-20200122_0000127_GOMA_HNE,5,True,False,0.0283017015242851,0.021913859123461076,2,3
34,EMSC-20200122_0000127_SOMA_HNN,0,True,False,0.0004950263397623,0.00046720656213973066,0,0
34,EMSC-20200122_0000127_SOMA_HNN,1,True,False,0.0013722313971001,0.0013235390669363242,0,0
34,EMSC-20200122_0000127_SOMA_HNN,2,True,False,0.0042457239904,0.0031076211200721814,0,0
34,EMSC-20200122_0000127_SOMA_HNN,3,True,False,0.0065799579162187,0.006675753964517311,1,1
34,EMSC-20200122_0000127_SOMA_HNN,4,True,False,0.0110295040433182,0.011912138197705485,1,1
34,EMSC-20200122_0000127_SOMA_HNN,5,True,False,0.0231285013279377,0.02249884456597743,2,2
35,TK-1999-0077_YPT_HNN,4,True,False,0.0386183947901549,0.02338838938639805,3,3
35,TK-1999-0077_YPT_HNN,5,True,False,0.1,0.05398560706939607,4,4
35,TK-1999-0077_1612_HNE,0,True,False,0.0008995877192795,0.0007351350025994278,0,0
35,TK-1999-0077_1612_HNE,1,True,False,0.004494511629554,0.002028193357006113,0,0
35,TK-1999-0077_YPT_HNN,0,True,False,0.0007969619280089,0.0007703591392004617,0,0
35,TK-1999-0077_YPT_HNN,1,True,False,0.0021263977202192,0.0026185451363435848,0,0
35,TK-1999-0077_YPT_HNN,2,True,False,0.0086769553380104,0.005952722837539659,1,0
35,TK-1999-0077_YPT_HNN,3,True,False,0.0152432475943609,0.011181269629294497,2,2
35,TK-1999-0077_4101_HNE,0,True,False,0.0010230800672615,0.0009655586139960974,0,0
35,TK-1999-0077_4101_HNE,1,True,False,0.0032456931248525,0.0038985301564075318,0,0
35,TK-1999-0077_4101_HNE,2,True,False,0.0104883616855594,0.010622506301035273,1,2
35,TK-1999-0077_4101_HNE,3,True,False,0.0470716961321833,0.02306658732922553,3,3
35,TK-1999-0077_1612_HNE,2,True,False,0.0127757780515852,0.0036690750790031946,2,0
35,TK-1999-0077_1612_HNE,3,True,False,0.020670788848503,0.007800265660184468,2,1
35,TK-1999-0077_1612_HNE,4,True,False,0.030063084886964,0.012100969799785314,3,2
35,TK-1999-0077_1612_HNE,5,True,False,0.0625200301245229,0.030724912446077245,4,2
35,TK-1999-0077_4101_HNE,4,True,False,0.1,0.07416222528391062,4,4
35,TK-1999-0077_4101_HNE,5,True,False,0.1,0.11019021916286216,4,4
35,TK-1999-0077_4106_HNN,0,True,False,0.0008667753405686,0.0010657880839267443,0,0
35,TK-1999-0077_4106_HNN,1,True,False,0.0029699530375867,0.005503270392064633,0,0
35,TK-1999-0077_4106_HNN,2,True,False,0.0047356528624058,0.019603531648682528,0,2
35,TK-1999-0077_4106_HNN,3,True,False,0.0138788439200213,0.039793173341608874,2,3
35,TK-1999-0077_4106_HNN,4,True,False,0.0599939190275714,0.07645324268042754,3,4
35,TK-1999-0077_4106_HNN,5,True,False,0.1,0.11404125033925988,4,4
35,TK-1999-0077_5401_HNE,0,True,False,0.0011994041004294,0.0008718846123441193,0,0
35,TK-1999-0077_5401_HNE,1,True,False,0.0038668512196412,0.0047986013694250144,0,0
35,TK-1999-0077_5401_HNE,2,True,False,0.0157205257820908,0.0126835471698979,2,1
35,TK-1999-0077_5401_HNE,3,True,False,0.0273625938171321,0.03623474297014409,2,2
35,TK-1999-0077_5401_HNE,4,True,False,0.0723488353402342,0.05320773823018135,4,4
35,TK-1999-0077_5401_HNE,5,True,False,0.1,0.07838362763168115,4,4
35,TK-1999-0415_487_HNN,0,True,False,0.0009332752530677,0.0008633734938591008,0,0
35,TK-1999-0415_487_HNN,1,True,False,0.0052298286266681,0.0032854249349145268,1,0
35,TK-1999-0415_487_HNN,2,True,False,0.0106246395402398,0.007380809241059418,1,1
35,TK-1999-0415_487_HNN,3,True,False,0.0203263811125566,0.014338167969926537,2,2
35,TK-1999-0415_487_HNN,4,True,False,0.0354807322592715,0.030042552633332536,3,2
35,TK-1999-0415_487_HNN,5,True,False,0.1,0.07193792594544694,4,4
35,TK-1999-0415_496_HNN,0,True,False,0.0012632973582896,0.0009921639928199258,0,0
35,TK-1999-0415_496_HNN,1,True,False,0.0036936480304985,0.0045715402883568105,0,1
35,TK-1999-0415_496_HNN,2,True,False,0.0072326430212739,0.010902803145992204,1,1
35,TK-1999-0415_496_HNN,3,True,False,0.0163507377195998,0.020166106391881797,2,2
35,TK-1999-0415_496_HNN,4,True,False,0.0220903381017181,0.031913605207421536,2,2
35,TK-1999-0415_496_HNN,5,True,False,0.050505440251902,0.05915130242532977,3,3
35,TK-1999-0415_498_HNN,0,True,False,0.0006676297306786,0.0008688156803640875,0,0
35,TK-1999-0415_498_HNN,1,True,False,0.00279946258421,0.0031588092511991178,0,0
35,TK-1999-0415_498_HNN,2,True,False,0.0086152352343181,0.0075625799192419055,1,1
35,TK-1999-0415_498_HNN,3,True,False,0.0123981012243708,0.013730794586609781,2,2
35,TK-1999-0415_498_HNN,4,True,False,0.0205513128842647,0.0281408212269202,2,3
35,TK-1999-0415_498_HNN,5,True,False,0.0515838789770187,0.05322202380552577,3,3
35,TK-1999-0415_C0362_HNN,0,True,False,0.0008284400473959,0.000808607881995487,0,0
35,TK-1999-0415_C0362_HNN,1,True,False,0.0031115693654276,0.001953318904742805,0,0
35,TK-1999-0415_C0362_HNN,2,True,False,0.0078275078086704,0.0038440226524848005,1,0
35,TK-1999-0415_C0362_HNN,3,True,False,0.01357189911281,0.006353755386267107,2,1
35,TK-1999-0415_C0362_HNN,4,True,False,0.0227584983751929,0.00990008870197068,2,1
35,TK-1999-0415_C0362_HNN,5,True,False,0.0642523447389188,0.017702640646276212,4,2
35,TK-1999-0415_C0375_HNN,0,True,False,0.000942430959643,0.0011200932472728927,0,0
35,TK-1999-0415_C0375_HNN,1,True,False,0.0055331716350699,0.004019064933658626,1,0
35,TK-1999-0415_C0375_HNN,2,True,False,0.0113160181932257,0.010002888046848306,1,1
35,TK-1999-0415_C0375_HNN,3,True,False,0.0158718833704396,0.01627540773885315,2,2
35,TK-1999-0415_C0375_HNN,4,True,False,0.0180991589852993,0.032891054973786533,2,3
35,TK-1999-0415_C0375_HNN,5,True,False,0.046936932025215,0.06479458256407242,3,3
35,TK-1999-0415_C1058_HNE,0,True,False,0.0008508401778165,0.0008117760346774168,0,0
35,TK-1999-0415_C1058_HNE,1,True,False,0.0046534436271392,0.0028131507189418877,0,0
35,TK-1999-0415_C1058_HNE,2,True,False,0.0156163495051495,0.009373507517701912,2,1
35,TK-1999-0415_C1058_HNE,3,True,False,0.024693864341233,0.022425855310996834,2,2
35,TK-1999-0415_C1058_HNE,4,True,False,0.0747434027353811,0.05139966269293446,4,2
35,TK-1999-0415_C1058_HNE,5,True,False,0.1,0.06503184676105833,4,4
35,TK-1999-0415_C1059_HNN,0,True,False,0.0008826186942096,0.0010483139417703502,0,0
35,TK-1999-0415_C1059_HNN,1,True,False,0.0033835646894393,0.0043502960233459415,0,1
35,TK-1999-0415_C1059_HNN,2,True,False,0.0078584946530726,0.010330771080281865,1,1
35,TK-1999-0415_C1059_HNN,3,True,False,0.017774886233644,0.020815508829074805,2,2
35,TK-1999-0415_C1059_HNN,4,True,False,0.0296668503944855,0.04402925826802234,2,3
35,TK-1999-0415_C1059_HNN,5,True,False,0.1,0.07279188371229184,4,4
35,TK-1999-0415_C1060_HNE,0,True,False,0.0008297324948242,0.0008213114282245495,0,0
35,TK-1999-0415_C1060_HNE,1,True,False,0.0021612608223659,0.002661732829291681,0,0
35,TK-1999-0415_C1060_HNE,2,True,False,0.0081791218379167,0.005816363453575964,1,1
35,TK-1999-0415_C1060_HNE,3,True,False,0.0161463417577041,0.009967783018919927,2,1
35,TK-1999-0415_C1060_HNE,4,True,False,0.0284225140923014,0.016968831140179,2,2
35,TK-1999-0415_C1060_HNE,5,True,False,0.0588150203005828,0.04230385712782518,3,3
35,TK-1999-0415_C1061_HNE,0,True,False,0.0010894904567554,0.001008542713115928,0,0
35,TK-1999-0415_C1061_HNE,1,True,False,0.0065200744411667,0.004408244270306954,1,0
35,TK-1999-0415_C1061_HNE,2,True,False,0.0136744005838069,0.009175944453629454,2,1
35,TK-1999-0415_C1061_HNE,3,True,False,0.0206789809043483,0.015148258284193142,2,2
35,TK-1999-0415_C1061_HNE,4,True,False,0.0464505894019291,0.024790658512204394,3,3
35,TK-1999-0415_C1061_HNE,5,True,False,0.1,0.05207575616513548,4,3
35,TK-1999-0415_C1062_HNE,0,True,False,0.000764377748922,0.0007941945470446216,0,0
35,TK-1999-0415_C1062_HNE,1,True,False,0.0023234999551503,0.0026906945965498087,0,0
35,TK-1999-0415_C1062_HNE,2,True,False,0.0080791814436227,0.006551887536031711,1,1
35,TK-1999-0415_C1062_HNE,3,True,False,0.0122888489754514,0.012117293125662823,2,2
35,TK-1999-0415_C1062_HNE,4,True,False,0.0181419801084522,0.02322387099366132,2,2
35,TK-1999-0415_C1062_HNE,5,True,False,0.0323506201088229,0.05561017497772452,3,3
35,TK-1999-0415_D0531_HNN,0,True,False,0.000850197265037,0.0007612819690722061,0,0
35,TK-1999-0415_D0531_HNN,1,True,False,0.0022036958267313,0.0028097490059844723,0,0
35,TK-1999-0415_1401_HNE,0,True,False,0.000791688120832,0.00091755465075469,0,0
35,TK-1999-0415_1401_HNE,1,True,False,0.0024920241938891,0.00387432065912374,0,0
35,TK-1999-0415_1401_HNE,2,True,False,0.0072616442175062,0.008206966543138095,1,2
35,TK-1999-0415_1401_HNE,3,True,False,0.0108555815198834,0.013434437439564111,1,2
35,TK-1999-0415_D0531_HNN,2,True,False,0.0069275183281256,0.007137218235676803,1,1
35,TK-1999-0415_D0531_HNN,3,True,False,0.013470197531506,0.01244274226186628,2,2
35,TK-1999-0415_D0531_HNN,4,True,False,0.0208729152052004,0.02250269235440986,2,2
35,TK-1999-0415_D0531_HNN,5,True,False,0.0506195850501184,0.05340226600234262,3,3
35,TK-1999-0415_1401_HNE,4,True,False,0.0152460216426351,0.02230592626931921,2,3
35,TK-1999-0415_1401_HNE,5,True,False,0.0218927397438672,0.03979523780616778,2,3
35,TK-1999-0415_1406_HNN,0,True,False,0.0006366047145882,0.0008724481612057043,0,0
35,TK-1999-0415_1406_HNN,1,True,False,0.0021949082601939,0.0033281816495095307,0,0
35,TK-1999-0415_8101_HNE,0,True,False,0.0008109340034366,0.0008690093483642444,0,0
35,TK-1999-0415_8101_HNE,1,True,False,0.0023894913977629,0.003898341822349672,0,0
35,TK-1999-0415_8101_HNE,2,True,False,0.0061049635897001,0.007509170983928495,1,1
35,TK-1999-0415_8101_HNE,3,True,False,0.0085417036554681,0.011860415353138467,1,2
35,TK-1999-0415_1406_HNN,2,True,False,0.0060177165072117,0.0077829933585141795,1,1
35,TK-1999-0415_1406_HNN,3,True,False,0.011320331485648,0.012666071640731604,1,2
35,TK-1999-0415_1406_HNN,4,True,False,0.022868771895915,0.02337939046300568,2,2
35,TK-1999-0415_1406_HNN,5,True,False,0.0734714802868275,0.054764655072886144,4,3
35,TK-1999-0415_8101_HNE,4,True,False,0.0232279945964767,0.019398339204739972,2,3
35,TK-1999-0415_8101_HNE,5,True,False,0.0395287298313211,0.0439803871923608,3,4
35,INT-20250810_0000200_AKS_HNN,0,True,False,0.000812774875068,0.0010718522311425123,0,0
35,INT-20250810_0000200_AKS_HNN,1,True,False,0.0030817512505225,0.004953358912845855,0,1
35,INT-20250810_0000200_AKS_HNN,2,True,False,0.0076024609741604,0.010490675451658184,1,2
35,INT-20250810_0000200_AKS_HNN,3,True,False,0.012053895857375,0.022360810601593867,2,2
35,INT-20250810_0000200_AKS_HNN,4,True,False,0.0285165569642393,0.028238859257907638,2,3
35,INT-20250810_0000200_AKS_HNN,5,True,False,0.0732297318146037,0.0612011881235882,4,4
35,INT-20250810_0000200_BALB_HNE,0,True,False,0.0010409967187114,0.0009646430848230357,0,0
35,INT-20250810_0000200_BALB_HNE,1,True,False,0.0035158518592115,0.0032211263817710743,0,0
35,INT-20250810_0000200_BALB_HNE,2,True,False,0.0067586726693136,0.008456293574047468,1,1
35,INT-20250810_0000200_BALB_HNE,3,True,False,0.0123356993189698,0.015566107934580374,2,2
35,INT-20250810_0000200_BALB_HNE,4,True,False,0.0215979993664307,0.024191939497268618,2,2
35,INT-20250810_0000200_BALB_HNE,5,True,False,0.0388130853061444,0.051829905461329165,3,3
35,INT-20250810_0000200_GORD_HNN,0,True,False,0.0009642273248475,0.0008492912397161525,0,0
35,INT-20250810_0000200_GORD_HNN,1,True,False,0.0042198273195995,0.0026411944437685644,0,0
35,INT-20250810_0000200_GORD_HNN,2,True,False,0.0095666400153143,0.006329771393433193,1,1
35,INT-20250810_0000200_GORD_HNN,3,True,False,0.0159586506182372,0.011033693453468019,2,2
35,INT-20250810_0000200_GORD_HNN,4,True,False,0.0242580443065758,0.016744348363297072,2,2
35,INT-20250810_0000200_GORD_HNN,5,True,False,0.0546973251746004,0.035675000817395955,3,3
35,INT-20250810_0000200_SOMA_HNN,0,True,False,0.001014911132954,0.0009224000730685459,0,0
35,INT-20250810_0000200_SOMA_HNN,1,True,False,0.0031706327001235,0.003946355221425396,0,0
35,INT-20250810_0000200_SOMA_HNN,2,True,False,0.0113719568519822,0.008166217103542928,1,1
35,INT-20250810_0000200_SOMA_HNN,3,True,False,0.0181098416829637,0.01452387269939814,2,2
35,INT-20250810_0000200_SOMA_HNN,4,True,False,0.0211398394639169,0.023029501705044305,2,2
35,INT-20250810_0000200_SOMA_HNN,5,True,False,0.0303810224545444,0.05779719249754172,3,3
35,TK-1999-0294_1612_HNE,0,True,False,0.0010622411814323,0.0008137178136722039,0,0
35,TK-1999-0294_1612_HNE,1,True,False,0.0070187387853426,0.003326048278350556,1,0
35,TK-1999-0294_1612_HNE,2,True,False,0.0149888180488696,0.006982149343325056,2,1
35,TK-1999-0294_1612_HNE,3,True,False,0.0253402324386395,0.012386535943911363,2,2
35,TK-1999-0294_1612_HNE,4,True,False,0.0374114932076343,0.01891847932690224,3,2
35,TK-1999-0294_1612_HNE,5,True,False,0.0685462739321996,0.03556946769126576,4,3
35,TK-2003-0179_1701_HNN,0,True,False,0.0008190114650194,0.0007580440824137425,0,0
35,TK-2003-0179_1701_HNN,1,True,False,0.0023837316021346,0.0022604684810698977,0,0
35,TK-2003-0179_1701_HNN,2,True,False,0.004416164938702,0.003580303080465771,0,0
35,TK-2003-0179_1701_HNN,3,True,False,0.006767721795965,0.005499528422506813,1,1
35,TK-2003-0179_1701_HNN,4,True,False,0.0132409166624526,0.007814847257498219,2,1
35,TK-2003-0179_1701_HNN,5,True,False,0.0167184245075763,0.016371256111212245,2,2
35,TK-1999-0294_4101_HNE,0,True,False,0.0007810738627856,0.0008958877125091829,0,0
35,TK-1999-0294_4101_HNE,1,True,False,0.0025176784459525,0.003979809983365554,0,0
35,TK-1999-0294_4101_HNE,2,True,False,0.0065493057102395,0.011724112987243414,1,1
35,TK-1999-0294_4101_HNE,3,True,False,0.0127215084761033,0.02200424784076803,2,2
35,TK-1999-0294_4101_HNE,4,True,False,0.0214186559431612,0.03003927900430425,2,2
35,TK-1999-0294_4101_HNE,5,True,False,0.0313638913987306,0.0555384327698058,3,3
35,TK-1999-0294_4107_HNE,0,True,False,0.0008054435080823,0.0007639282799251303,0,0
35,TK-1999-0294_4107_HNE,1,True,False,0.0033281676024132,0.0024748436846835664,0,0
35,TK-1999-0294_4107_HNE,2,True,False,0.0082726526605769,0.006753090697363746,1,1
35,TK-1999-0294_4107_HNE,3,True,False,0.017709099390116,0.012277862692719192,2,2
35,TK-1999-0294_4107_HNE,4,True,False,0.0301706545351301,0.022022332796168668,3,3
35,TK-1999-0294_4107_HNE,5,True,False,0.0481911226342354,0.04017896823901337,3,3
35,TK-1999-0294_5401_HNE,0,True,False,0.0011408214574566,0.0016457311902915276,0,0
35,TK-1999-0294_5401_HNE,1,True,False,0.0029393083337824,0.007357515180544598,0,0
35,TK-1999-0294_5401_HNE,2,True,False,0.0085245118191038,0.015499834046757695,1,2
35,TK-1999-0294_5401_HNE,3,True,False,0.0157811437922298,0.024943219578181592,2,2
35,TK-1999-0294_5401_HNE,4,True,False,0.028395162864229,0.04170115297195191,2,3
35,TK-1999-0294_5401_HNE,5,True,False,0.0669184833228955,0.07972512977854533,4,4
35,EMSC-20200122_0000127_GOMA_HNE,0,True,False,0.0007624225915461,0.0007544910208350639,0,0
35,EMSC-20200122_0000127_GOMA_HNE,1,True,False,0.0019601782417925,0.002327625359638675,0,0
35,EMSC-20200122_0000127_GOMA_HNE,2,True,False,0.0041306078244843,0.004600025696417412,0,0
35,EMSC-20200122_0000127_GOMA_HNE,3,True,False,0.0070421968587878,0.007489491850142097,1,1
35,EMSC-20200122_0000127_GOMA_HNE,4,True,False,0.0103399389883763,0.010783678666265891,1,2
35,EMSC-20200122_0000127_GOMA_HNE,5,True,False,0.0210398729158759,0.022760255778533713,2,2
35,EMSC-20200122_0000127_SOMA_HNN,0,True,False,0.0008617756692648,0.0008838182646031128,0,0
35,EMSC-20200122_0000127_SOMA_HNN,1,True,False,0.0026480648903084,0.00302435510098309,0,0
35,EMSC-20200122_0000127_SOMA_HNN,2,True,False,0.0071598234239266,0.007583737451391122,1,1
35,EMSC-20200122_0000127_SOMA_HNN,3,True,False,0.0156134591918839,0.01242468107276963,2,2
35,EMSC-20200122_0000127_SOMA_HNN,4,True,False,0.0237546982412805,0.02112184960616662,2,2
35,EMSC-20200122_0000127_SOMA_HNN,5,True,False,0.0360987633254058,0.04756007353935827,3,3
36,TK-1999-0077_YPT_HNN,4,True,False,0.1,0.043544463425108336,4,4
36,TK-1999-0077_YPT_HNN,5,True,False,0.1,0.08106900489677091,4,4
36,TK-1999-0077_1612_HNE,0,True,False,0.001104779948447,0.0007710708040901182,0,0
36,TK-1999-0077_1612_HNE,1,True,False,0.0067650373078813,0.0019352877527921922,1,0
36,TK-1999-0077_YPT_HNN,0,True,False,0.001135790635986,0.000975474342541018,0,0
36,TK-1999-0077_YPT_HNN,1,True,False,0.0068595336958977,0.0033820631992736976,1,0
36,TK-1999-0077_YPT_HNN,2,True,False,0.0134567729517143,0.007738373759120167,2,1
36,TK-1999-0077_YPT_HNN,3,True,False,0.035273749223079,0.021792181380106447,3,2
36,TK-1999-0077_4101_HNE,0,True,False,0.0009090672601799,0.0011479814078798427,0,0
36,TK-1999-0077_4101_HNE,1,True,False,0.0029333392452338,0.004496614695049453,0,1
36,TK-1999-0077_4101_HNE,2,True,False,0.0092790411358411,0.009103771802878828,1,2
36,TK-1999-0077_4101_HNE,3,True,False,0.0348486063711793,0.019817927015439836,3,3
36,TK-1999-0077_1612_HNE,2,True,False,0.0122347925501257,0.0036253028436385973,2,0
36,TK-1999-0077_1612_HNE,3,True,False,0.0196795783350014,0.00777931970342303,2,1
36,TK-1999-0077_1612_HNE,4,True,False,0.03074134324421,0.012953049964259774,3,2
36,TK-1999-0077_1612_HNE,5,True,False,0.0895105395419663,0.034682382143330796,4,4
36,TK-1999-0077_4101_HNE,4,True,False,0.0930980983605106,0.054277159815583696,4,4
36,TK-1999-0077_4101_HNE,5,True,False,0.1,0.09973204612042393,4,4
36,TK-1999-0077_4106_HNN,0,True,False,0.0009593227235565,0.0012703595554478019,0,0
36,TK-1999-0077_4106_HNN,1,True,False,0.0018546670587585,0.0062470919788635716,0,1
36,TK-1999-0077_4106_HNN,2,True,False,0.0056134208832094,0.01726442898639108,1,2
36,TK-1999-0077_4106_HNN,3,True,False,0.0183216581725462,0.03594676156239653,2,3
36,TK-1999-0077_4106_HNN,4,True,False,0.0728894746420419,0.06802806111272783,4,4
36,TK-1999-0077_4106_HNN,5,True,False,0.1,0.09545531279251192,4,4
36,TK-1999-0077_5401_HNE,0,True,False,0.000925412623306,0.0009995609131739423,0,0
36,TK-1999-0077_5401_HNE,1,True,False,0.0037922664109269,0.005143058408484897,0,1
36,TK-1999-0077_5401_HNE,2,True,False,0.012047442883285,0.013227538504958189,2,1
36,TK-1999-0077_5401_HNE,3,True,False,0.0202655122225072,0.03371577167688507,2,2
36,TK-1999-0077_5401_HNE,4,True,False,0.061155910129059,0.05709533406563994,4,4
36,TK-1999-0077_5401_HNE,5,True,False,0.1,0.07542791873927311,4,4
36,TK-1999-0415_487_HNN,0,True,False,0.0009577319416065,0.0009681334176334419,0,0
36,TK-1999-0415_487_HNN,1,True,False,0.0047597159928855,0.0032178654628791997,0,0
36,TK-1999-0415_496_HNN,0,True,False,0.001319229820628,0.0015622794714592807,0,0
36,TK-1999-0415_496_HNN,1,True,False,0.0035230467354666,0.006447912793716003,0,1
36,TK-1999-0415_496_HNN,2,True,False,0.0104537417552313,0.015170457669195019,1,2
36,TK-1999-0415_496_HNN,3,True,False,0.0187057629387127,0.02540169179317842,2,2
36,TK-1999-0415_487_HNN,2,True,False,0.0094487844919868,0.007241407517208914,1,1
36,TK-1999-0415_487_HNN,3,True,False,0.0155220445730261,0.013237232716471434,2,2
36,TK-1999-0415_487_HNN,4,True,False,0.0243652733346248,0.02610971719889377,2,2
36,TK-1999-0415_487_HNN,5,True,False,0.1,0.06711652050384222,4,4
36,TK-1999-0415_496_HNN,4,True,False,0.0363903218448872,0.042223578590550946,3,3
36,TK-1999-0415_496_HNN,5,True,False,0.0866593956716614,0.09353706610824422,4,4
36,TK-1999-0415_498_HNN,0,True,False,0.0011609908227281,0.0010322817201768514,0,0
36,TK-1999-0415_498_HNN,1,True,False,0.0043635731361636,0.003595459682197054,0,0
36,TK-1999-0415_498_HNN,2,True,False,0.0095816545544861,0.009520998966300228,1,1
36,TK-1999-0415_498_HNN,3,True,False,0.0170761283241458,0.01861670024889296,2,2
36,TK-1999-0415_498_HNN,4,True,False,0.0252638156025231,0.03681511918399191,2,2
36,TK-1999-0415_498_HNN,5,True,False,0.1,0.06538599880418292,4,4
36,TK-1999-0415_C0362_HNN,0,True,False,0.0009468266683726,0.0008528069760033755,0,0
36,TK-1999-0415_C0362_HNN,1,True,False,0.0025975843938763,0.0018052206171248965,0,0
36,TK-1999-0415_C0362_HNN,2,True,False,0.0067122356233294,0.002754446804858357,1,0
36,TK-1999-0415_C0362_HNN,3,True,False,0.0112651661628823,0.005135387225214993,1,1
36,TK-1999-0415_C0362_HNN,4,True,False,0.0190468706483702,0.008564378757886092,2,1
36,TK-1999-0415_C0362_HNN,5,True,False,0.0486368416206401,0.014311937091720083,3,2
36,TK-1999-0415_C0375_HNN,0,True,False,0.0043017944940537,0.0018553717864804064,0,0
36,TK-1999-0415_C0375_HNN,1,True,False,0.0070154412151704,0.006871007098049973,1,1
36,TK-1999-0415_C1058_HNE,0,True,False,0.0010610138662155,0.0008948014414427149,0,0
36,TK-1999-0415_C1058_HNE,1,True,False,0.0064644836257297,0.003065822401764669,1,0
36,TK-1999-0415_C1058_HNE,2,True,False,0.0133044082581023,0.009220725044664748,2,2
36,TK-1999-0415_C1058_HNE,3,True,False,0.0249292133859733,0.023063257181288047,2,2
36,TK-1999-0415_C0375_HNN,2,True,False,0.01485852585854,0.014543512249036956,2,2
36,TK-1999-0415_C0375_HNN,3,True,False,0.0221804979128578,0.03459583020821791,2,2
36,TK-1999-0415_C0375_HNN,4,True,False,0.0659864775536114,0.05300240986459578,4,3
36,TK-1999-0415_C0375_HNN,5,True,False,0.1,0.09483783690181806,4,4
36,TK-1999-0415_C1058_HNE,4,True,False,0.0627155848615748,0.05192626745765111,4,4
36,TK-1999-0415_C1058_HNE,5,True,False,0.1,0.06807180731673321,4,4
36,TK-1999-0415_C1059_HNN,0,True,False,0.0008845637283986,0.0011976818938003767,0,0
36,TK-1999-0415_C1059_HNN,1,True,False,0.0033080721625496,0.004632110119432563,0,0
36,TK-1999-0415_C1059_HNN,2,True,False,0.0070412526918408,0.00981409767812703,1,1
36,TK-1999-0415_C1059_HNN,3,True,False,0.0149192845658607,0.0173818490089688,2,2
36,TK-1999-0415_C1059_HNN,4,True,False,0.0247065288390443,0.044158885172662685,2,3
36,TK-1999-0415_C1059_HNN,5,True,False,0.1,0.0796349979814726,4,4
36,TK-1999-0415_C1060_HNE,0,True,False,0.0009242190556465,0.001005494951203678,0,0
36,TK-1999-0415_C1060_HNE,1,True,False,0.0048465118588747,0.003233672302459267,0,0
36,TK-1999-0415_C1060_HNE,2,True,False,0.0125159385243206,0.00736792327402976,2,1
36,TK-1999-0415_C1060_HNE,3,True,False,0.023819786062753,0.013829878269460739,2,2
36,TK-1999-0415_C1060_HNE,4,True,False,0.0374744696440237,0.025300062300647404,3,2
36,TK-1999-0415_C1060_HNE,5,True,False,0.1,0.07334248333642387,4,4
36,TK-1999-0415_C1061_HNE,0,True,False,0.0012719902150803,0.0010321859521412288,0,0
36,TK-1999-0415_C1061_HNE,1,True,False,0.005953056910194,0.0036689622829940527,1,0
36,TK-1999-0415_C1062_HNE,0,True,False,0.0012227925292007,0.0010327351805894545,0,0
36,TK-1999-0415_C1062_HNE,1,True,False,0.0063056707329943,0.003995821971724396,1,0
36,TK-1999-0415_C1062_HNE,2,True,False,0.0102214477321152,0.009879468298815185,1,1
36,TK-1999-0415_C1062_HNE,3,True,False,0.0162789185676224,0.019163991162649423,2,2
36,TK-1999-0415_C1061_HNE,2,True,False,0.0123139317062533,0.007973250493115073,2,1
36,TK-1999-0415_C1061_HNE,3,True,False,0.0163723044189178,0.0125977550437632,2,2
36,TK-1999-0415_C1061_HNE,4,True,False,0.0332186011416884,0.020227792776907484,3,2
36,TK-1999-0415_C1061_HNE,5,True,False,0.097778950605157,0.04691654701514857,4,4
36,TK-1999-0415_C1062_HNE,4,True,False,0.0303733924655257,0.041920965665320074,3,3
36,TK-1999-0415_C1062_HNE,5,True,False,0.0746444051822352,0.08493898558592708,4,4
36,TK-1999-0415_D0531_HNN,0,True,False,0.0008968366209615,0.0010591626649198514,0,0
36,TK-1999-0415_D0531_HNN,1,True,False,0.0032833848169224,0.0037812221109658887,0,0
36,TK-1999-0415_D0531_HNN,2,True,False,0.0072034034954391,0.008335045486793773,1,1
36,TK-1999-0415_D0531_HNN,3,True,False,0.0162228432216818,0.015440876398243172,2,2
36,TK-1999-0415_D0531_HNN,4,True,False,0.029547644387161,0.031117319302074387,2,2
36,TK-1999-0415_D0531_HNN,5,True,False,0.0772304576147304,0.0677084418117669,4,4
36,TK-1999-0415_1401_HNE,0,True,False,0.0009059590411658,0.0011215496799687424,0,0
36,TK-1999-0415_1401_HNE,1,True,False,0.0028592446310597,0.004464186860648816,0,0
36,TK-1999-0415_1401_HNE,2,True,False,0.0061000437544195,0.009005954785834708,1,1
36,TK-1999-0415_1401_HNE,3,True,False,0.0083228804265049,0.013822003486857746,1,2
36,TK-1999-0415_1401_HNE,4,True,False,0.013555185598313,0.02214870598781866,2,2
36,TK-1999-0415_1401_HNE,5,True,False,0.0202679903937982,0.04131151338612905,2,3
36,TK-1999-0415_1406_HNN,0,True,False,0.0012205135119962,0.001154946823748534,0,0
36,TK-1999-0415_1406_HNN,1,True,False,0.003279144511526,0.0044207517751370705,0,0
36,TK-1999-0415_1406_HNN,2,True,False,0.0111544468966327,0.009766955449895583,1,1
36,TK-1999-0415_1406_HNN,3,True,False,0.0246197909852435,0.016162032455098257,2,2
36,TK-1999-0415_1406_HNN,4,True,False,0.0684469203443847,0.03700036025814343,4,2
36,TK-1999-0415_1406_HNN,5,True,False,0.1,0.08339157826222446,4,4
36,TK-1999-0415_8101_HNE,0,True,False,0.0009433863671008,0.0011340910484808088,0,0
36,TK-1999-0415_8101_HNE,1,True,False,0.0034291521231726,0.004944016095441322,0,0
36,TK-1999-0415_8101_HNE,2,True,False,0.0069110412603235,0.010815994024785945,1,1
36,TK-1999-0415_8101_HNE,3,True,False,0.0184482885716997,0.017809626705352525,2,2
36,TK-1999-0415_8101_HNE,4,True,False,0.0328651775100996,0.03264283468771527,3,3
36,TK-1999-0415_8101_HNE,5,True,False,0.0688007017153489,0.05415122004236959,4,3
36,INT-20250810_0000200_AKS_HNN,0,True,False,0.0010383875779193,0.0011717938990699643,0,0
36,INT-20250810_0000200_AKS_HNN,1,True,False,0.0033024953768798,0.004933417814573322,0,0
36,INT-20250810_0000200_AKS_HNN,2,True,False,0.0087804789295855,0.011213403590239129,1,2
36,INT-20250810_0000200_AKS_HNN,3,True,False,0.0135414787403417,0.02374458454435839,2,2
36,INT-20250810_0000200_AKS_HNN,4,True,False,0.0290735018333792,0.03169121518746089,2,2
36,INT-20250810_0000200_AKS_HNN,5,True,False,0.0741020738379293,0.06810309319170711,4,4
36,INT-20250810_0000200_BALB_HNE,0,True,False,0.0009430411848674,0.0010231025487136788,0,0
36,INT-20250810_0000200_BALB_HNE,1,True,False,0.0026563843687456,0.003562754898656796,0,0
36,INT-20250810_0000200_BALB_HNE,2,True,False,0.0059918652942863,0.007923315439012769,1,1
36,INT-20250810_0000200_BALB_HNE,3,True,False,0.0091779203687463,0.013301676270235247,1,1
36,INT-20250810_0000200_BALB_HNE,4,True,False,0.0152080762368113,0.020398913151960737,2,2
36,INT-20250810_0000200_BALB_HNE,5,True,False,0.0279192532513823,0.04556445696803657,2,3
36,INT-20250810_0000200_GORD_HNN,0,True,False,0.0009838537549268,0.0009309905330854133,0,0
36,INT-20250810_0000200_GORD_HNN,1,True,False,0.003548079156712,0.00284617305579165,0,0
36,INT-20250810_0000200_GORD_HNN,2,True,False,0.0071292094724937,0.005639275677761603,1,1
36,INT-20250810_0000200_GORD_HNN,3,True,False,0.0114050254413539,0.00985984346003902,1,1
36,INT-20250810_0000200_GORD_HNN,4,True,False,0.0191045991750429,0.013851719603788747,2,2
36,INT-20250810_0000200_GORD_HNN,5,True,False,0.0419090573520276,0.02986222843714219,3,2
36,INT-20250810_0000200_SOMA_HNN,0,True,False,0.0008493009725778,0.000991792047985042,0,0
36,INT-20250810_0000200_SOMA_HNN,1,True,False,0.0033773551767643,0.0034429204223110467,0,0
36,INT-20250810_0000200_SOMA_HNN,2,True,False,0.0107919849347452,0.007523051475486457,1,1
36,INT-20250810_0000200_SOMA_HNN,3,True,False,0.0128273284788329,0.013761874627428254,2,2
36,INT-20250810_0000200_SOMA_HNN,4,True,False,0.0184104516964286,0.021768721724922238,2,2
36,INT-20250810_0000200_SOMA_HNN,5,True,False,0.02660559038351,0.05992470313461642,2,3
36,TK-1999-0294_1612_HNE,0,True,False,0.0012045040175455,0.0008154121747842282,0,0
36,TK-1999-0294_1612_HNE,1,True,False,0.0050256627441127,0.0022461882533585595,1,0
36,TK-1999-0294_1612_HNE,2,True,False,0.010801276971094,0.0053896221961211065,1,1
36,TK-1999-0294_1612_HNE,3,True,False,0.0189114872075092,0.009761032397843239,2,2
36,TK-1999-0294_1612_HNE,4,True,False,0.026522006754395,0.018445745026297273,2,2
36,TK-1999-0294_1612_HNE,5,True,False,0.0422926471360979,0.03362663808789324,3,2
36,TK-2003-0179_1701_HNN,0,True,False,0.0008742048783564,0.0008878404596817564,0,0
36,TK-2003-0179_1701_HNN,1,True,False,0.0020305155013613,0.0026542486934206778,0,0
36,TK-2003-0179_1701_HNN,2,True,False,0.0036921552062185,0.003865866877244122,0,0
36,TK-2003-0179_1701_HNN,3,True,False,0.0075789975311176,0.006515030373735332,1,1
36,TK-2003-0179_1701_HNN,4,True,False,0.0128743159444745,0.009031299129631715,2,2
36,TK-2003-0179_1701_HNN,5,True,False,0.0204343768294879,0.021066970171557602,2,2
36,TK-1999-0294_4101_HNE,0,True,False,0.001187598267126,0.0013088646005929815,0,0
36,TK-1999-0294_4101_HNE,1,True,False,0.0047357798936981,0.0054807002463322756,0,0
36,TK-1999-0294_4101_HNE,2,True,False,0.0102314920190223,0.016953662920184697,1,1
36,TK-1999-0294_4101_HNE,3,True,False,0.0186633044194038,0.024143333929829914,2,2
36,TK-1999-0294_4101_HNE,4,True,False,0.0299443688013893,0.03757236734978465,2,2
36,TK-1999-0294_4101_HNE,5,True,False,0.086884188593044,0.07833624334555135,4,3
36,TK-1999-0294_4107_HNE,0,True,False,0.0011086633889489,0.0008923472033395885,0,0
36,TK-1999-0294_4107_HNE,1,True,False,0.0036232758607737,0.0029144361708487326,0,0
36,TK-1999-0294_4107_HNE,2,True,False,0.0082850790919195,0.007185227842942932,1,1
36,TK-1999-0294_4107_HNE,3,True,False,0.0175729419936822,0.014130633224077576,2,2
36,TK-1999-0294_4107_HNE,4,True,False,0.0276586728382254,0.026470972943552523,2,2
36,TK-1999-0294_4107_HNE,5,True,False,0.0420767357855675,0.04116498303356946,3,4
36,TK-1999-0294_5401_HNE,0,True,False,0.0008540139141488,0.0016870197272241337,0,0
36,TK-1999-0294_5401_HNE,1,True,False,0.0027008842757108,0.007348493279217747,0,0
36,EMSC-20200122_0000127_GOMA_HNE,0,True,False,0.0009114611734699,0.0008486429431086765,0,0
36,EMSC-20200122_0000127_GOMA_HNE,1,True,False,0.0023647367582297,0.0025983399944420143,0,0
36,EMSC-20200122_0000127_GOMA_HNE,2,True,False,0.0048021619829542,0.005512329295799508,0,1
36,EMSC-20200122_0000127_GOMA_HNE,3,True,False,0.0090823297665649,0.009826518871477109,1,2
36,TK-1999-0294_5401_HNE,2,True,False,0.0066889462685424,0.016771432365473207,1,1
36,TK-1999-0294_5401_HNE,3,True,False,0.0150412843219381,0.02469678787128745,2,2
36,TK-1999-0294_5401_HNE,4,True,False,0.0231721971443418,0.03796294441373534,2,2
36,TK-1999-0294_5401_HNE,5,True,False,0.0547594652676929,0.07589632911414612,3,4
36,EMSC-20200122_0000127_GOMA_HNE,4,True,False,0.0165209943639771,0.01472909067397608,2,2
36,EMSC-20200122_0000127_GOMA_HNE,5,True,False,0.0270958739384691,0.041658159090770655,2,3
36,EMSC-20200122_0000127_SOMA_HNN,0,True,False,0.0009682905741219,0.0010137656607493953,0,0
36,EMSC-20200122_0000127_SOMA_HNN,1,True,False,0.0033972799426529,0.0037848876943565946,0,0
36,EMSC-20200122_0000127_SOMA_HNN,2,True,False,0.0108231367665876,0.00911048129506853,1,1
36,EMSC-20200122_0000127_SOMA_HNN,3,True,False,0.0148588009915899,0.014619157890232314,2,2
36,EMSC-20200122_0000127_SOMA_HNN,4,True,False,0.0239409126828046,0.02684335670563578,2,2
36,EMSC-20200122_0000127_SOMA_HNN,5,True,False,0.057829128069274,0.06444075056625241,3,3
37,TK-1999-0077_YPT_HNN,4,True,False,0.0852043044611603,0.044006579494857444,4,3
37,TK-1999-0077_YPT_HNN,5,True,False,0.1,0.0724872989351223,4,4
37,TK-1999-0077_1612_HNE,0,True,False,0.0012004568356174,0.0007859036237938411,0,0
37,TK-1999-0077_1612_HNE,1,True,False,0.0065565982347627,0.0019385191798698598,1,0
37,TK-1999-0077_YPT_HNN,0,True,False,0.0013763319130181,0.0009478526685038534,0,0
37,TK-1999-0077_YPT_HNN,1,True,False,0.0070727840913657,0.003099693143862965,1,0
37,TK-1999-0077_YPT_HNN,2,True,False,0.0142377870815092,0.008098931304970603,2,1
37,TK-1999-0077_YPT_HNN,3,True,False,0.0341390331763433,0.022397514097163184,3,2
37,TK-1999-0077_4101_HNE,0,True,False,0.0008426198387146,0.0012568948709845362,0,0
37,TK-1999-0077_4101_HNE,1,True,False,0.0034275431057734,0.004583366111454992,0,1
37,TK-1999-0077_4101_HNE,2,True,False,0.009555242341651,0.008923545515688589,1,2
37,TK-1999-0077_4101_HNE,3,True,False,0.0303454387701335,0.019985903729700952,3,3
37,TK-1999-0077_1612_HNE,2,True,False,0.0121664380738991,0.004004472000366496,2,0
37,TK-1999-0077_1612_HNE,3,True,False,0.0196741356473645,0.0073580685610426105,2,1
37,TK-1999-0077_1612_HNE,4,True,False,0.0293928021631775,0.011911637935350782,2,2
37,TK-1999-0077_1612_HNE,5,True,False,0.0592705680702581,0.03295384311129223,3,4
37,TK-1999-0077_4101_HNE,4,True,False,0.0794028078875805,0.050139974277915715,4,3
37,TK-1999-0077_4101_HNE,5,True,False,0.1,0.09495604369451678,4,4
37,TK-1999-0077_4106_HNN,0,True,False,0.0008788004864239,0.0014525180379803835,0,0
37,TK-1999-0077_4106_HNN,1,True,False,0.0019807264847413,0.008202642447964805,0,1
37,TK-1999-0077_4106_HNN,2,True,False,0.007733753101583,0.02075839949936056,1,2
37,TK-1999-0077_4106_HNN,3,True,False,0.0203349602326812,0.03634985211749209,2,3
37,TK-1999-0077_4106_HNN,4,True,False,0.0697810030591259,0.06518001429975089,4,3
37,TK-1999-0077_4106_HNN,5,True,False,0.1,0.10294433404338531,4,4
37,TK-1999-0077_5401_HNE,0,True,False,0.0009999956806053,0.0010555040677391523,0,0
37,TK-1999-0077_5401_HNE,1,True,False,0.0036456070510514,0.00486922347650476,0,1
37,TK-1999-0077_5401_HNE,2,True,False,0.0107649520035742,0.012764141262481541,1,1
37,TK-1999-0077_5401_HNE,3,True,False,0.0177734402634393,0.029751424318246962,2,2
37,TK-1999-0077_5401_HNE,4,True,False,0.0421374781693427,0.04855377820177225,3,4
37,TK-1999-0077_5401_HNE,5,True,False,0.1,0.06906483870265108,4,4
37,TK-1999-0415_487_HNN,0,True,False,0.0012224371853526,0.0010501145068408265,0,0
37,TK-1999-0415_487_HNN,1,True,False,0.0044187654911385,0.003194938336610437,0,0
37,TK-1999-0415_496_HNN,0,True,False,0.0012479348251182,0.0016066778353487712,0,0
37,TK-1999-0415_496_HNN,1,True,False,0.0036779200537168,0.00604947294579444,0,1
37,TK-1999-0415_496_HNN,2,True,False,0.0106024659623393,0.014550835497013975,1,2
37,TK-1999-0415_496_HNN,3,True,False,0.0202240037625782,0.024349710495995974,2,2
37,TK-1999-0415_487_HNN,2,True,False,0.0089842948904167,0.006819082256857201,1,1
37,TK-1999-0415_487_HNN,3,True,False,0.0150137744336612,0.01274967249824224,2,2
37,TK-1999-0415_487_HNN,4,True,False,0.023681705848832,0.023713645928375084,2,2
37,TK-1999-0415_487_HNN,5,True,False,0.0717858060448669,0.05781696332487741,4,4
37,TK-1999-0415_496_HNN,4,True,False,0.0336871070678858,0.03962644829656299,3,3
37,TK-1999-0415_496_HNN,5,True,False,0.0751554688160745,0.08202908133927998,4,4
37,TK-1999-0415_498_HNN,0,True,False,0.0013892940209687,0.001080572065417096,0,0
37,TK-1999-0415_498_HNN,1,True,False,0.0042321486381208,0.0037231697549712384,0,0
37,TK-1999-0415_498_HNN,2,True,False,0.0096152619208636,0.009764548274099335,1,1
37,TK-1999-0415_498_HNN,3,True,False,0.0169984964848597,0.01939124275654793,2,2
37,TK-1999-0415_498_HNN,4,True,False,0.0237769275721455,0.03616045255822736,2,3
37,TK-1999-0415_498_HNN,5,True,False,0.0864845960853136,0.05955571511413801,4,3
37,TK-1999-0415_C0362_HNN,0,True,False,0.0008782401811416,0.0008316721414682704,0,0
37,TK-1999-0415_C0362_HNN,1,True,False,0.0026477667183293,0.0016546890120482276,0,0
37,TK-1999-0415_C0362_HNN,2,True,False,0.006424951405641,0.0026708181891292064,1,0
37,TK-1999-0415_C0362_HNN,3,True,False,0.0105568233759327,0.0056048993685717,1,1
37,TK-1999-0415_C0362_HNN,4,True,False,0.017641679398783,0.008322704640682665,2,1
37,TK-1999-0415_C0362_HNN,5,True,False,0.0384830090199759,0.014033415731494749,3,2
37,TK-1999-0415_C0375_HNN,0,True,False,0.0047087199142687,0.0017971183679764723,0,0
37,TK-1999-0415_C0375_HNN,1,True,False,0.0072229408460616,0.006881652486247584,1,1
37,TK-1999-0415_C0375_HNN,2,True,False,0.0154168302069875,0.01472185551518294,2,2
37,TK-1999-0415_C0375_HNN,3,True,False,0.0230751315638418,0.037451032686213075,2,2
37,TK-1999-0415_C0375_HNN,4,True,False,0.0568453590628017,0.0503365072723613,3,3
37,TK-1999-0415_C0375_HNN,5,True,False,0.1,0.08440973857819262,4,4
37,TK-1999-0415_C1058_HNE,0,True,False,0.0011797446435998,0.0009378263497940038,0,0
37,TK-1999-0415_C1058_HNE,1,True,False,0.0058445631529035,0.0031085169090991588,1,0
37,TK-1999-0415_C1058_HNE,2,True,False,0.0126920316701621,0.008854495473604954,2,1
37,TK-1999-0415_C1058_HNE,3,True,False,0.020699444613864,0.021953793790585013,2,2
37,TK-1999-0415_C1058_HNE,4,True,False,0.043851767213822,0.048709038108279985,3,2
37,TK-1999-0415_C1058_HNE,5,True,False,0.1,0.056976491226656725,4,4
37,TK-1999-0415_C1059_HNN,0,True,False,0.0009161662750579,0.0013581147865976547,0,0
37,TK-1999-0415_C1059_HNN,1,True,False,0.0034931275617766,0.004647535740455683,0,1
37,TK-1999-0415_C1059_HNN,2,True,False,0.006645221126701,0.009019001768007543,1,1
37,TK-1999-0415_C1059_HNN,3,True,False,0.0145326703545224,0.01640717346146253,2,2
37,TK-1999-0415_C1059_HNN,4,True,False,0.0238691181608193,0.04072840241788996,2,3
37,TK-1999-0415_C1059_HNN,5,True,False,0.0692236880947395,0.06623108192878423,4,4
37,TK-1999-0415_C1060_HNE,0,True,False,0.0008914246012785,0.0011195393523926098,0,0
37,TK-1999-0415_C1060_HNE,1,True,False,0.0053314186371201,0.003324129778516392,1,0
37,TK-1999-0415_C1060_HNE,2,True,False,0.0114544934540775,0.007395398360145558,1,1
37,TK-1999-0415_C1060_HNE,3,True,False,0.02294367492561,0.01401864328941736,2,2
37,TK-1999-0415_C1060_HNE,4,True,False,0.0344017900599853,0.025009089037710656,3,2
37,TK-1999-0415_C1060_HNE,5,True,False,0.1,0.05958536036324344,4,4
37,TK-1999-0415_C1061_HNE,0,True,False,0.0015104170311546,0.0010779804713215717,0,0
37,TK-1999-0415_C1061_HNE,1,True,False,0.0059264608290904,0.0038946326407057834,1,1
37,TK-1999-0415_C1061_HNE,2,True,False,0.0127383535469598,0.007861996505534256,2,1
37,TK-1999-0415_C1061_HNE,3,True,False,0.0173790043917529,0.012969899651385763,2,2
37,TK-1999-0415_C1061_HNE,4,True,False,0.0355316361589822,0.02160945633684252,3,2
37,TK-1999-0415_C1061_HNE,5,True,False,0.0940324172029788,0.048535949275732876,4,3
37,TK-1999-0415_C1062_HNE,0,True,False,0.0011969649334689,0.001055850055866748,0,0
37,TK-1999-0415_C1062_HNE,1,True,False,0.0055728088717272,0.003783396110630108,1,0
37,TK-1999-0415_C1062_HNE,2,True,False,0.0101031592994376,0.009346859043011583,1,1
37,TK-1999-0415_C1062_HNE,3,True,False,0.014376893655837,0.019356065087789937,2,2
37,TK-1999-0415_C1062_HNE,4,True,False,0.0233261157007896,0.03554197469292739,2,3
37,TK-1999-0415_C1062_HNE,5,True,False,0.0556804393261727,0.07351598228026411,3,4
37,TK-1999-0415_D0531_HNN,0,True,False,0.0008640123058076,0.0011879048521447764,0,0
37,TK-1999-0415_D0531_HNN,1,True,False,0.004081802983684,0.003714126092229475,0,0
37,TK-1999-0415_D0531_HNN,2,True,False,0.0080507665659773,0.008985731515754448,1,1
37,TK-1999-0415_D0531_HNN,3,True,False,0.0185515768585934,0.01691359628168801,2,2
37,TK-1999-0415_D0531_HNN,4,True,False,0.0326534130011135,0.032074042677399425,3,2
37,TK-1999-0415_D0531_HNN,5,True,False,0.0671757924594732,0.06625948476917799,4,4
37,TK-1999-0415_1401_HNE,0,True,False,0.0009227989103317,0.0012006924291266,0,0
37,TK-1999-0415_1401_HNE,1,True,False,0.002814550285959,0.004524762405583049,0,0
37,TK-1999-0415_1401_HNE,2,True,False,0.0054230735097478,0.008290227820255314,1,1
37,TK-1999-0415_1401_HNE,3,True,False,0.0079221491845174,0.012751481946533048,1,2
37,TK-1999-0415_1401_HNE,4,True,False,0.013721810043364,0.021181668129182717,2,2
37,TK-1999-0415_1401_HNE,5,True,False,0.0211680424076988,0.034933672355912784,2,3
37,TK-1999-0415_1406_HNN,0,True,False,0.0012059642266158,0.0012358063332839658,0,0
37,TK-1999-0415_1406_HNN,1,True,False,0.0032421779317188,0.004402647867453979,0,1
37,TK-1999-0415_1406_HNN,2,True,False,0.0107560902669228,0.00944400196569909,1,1
37,TK-1999-0415_1406_HNN,3,True,False,0.0235241464000554,0.016264912665826463,2,2
37,TK-1999-0415_1406_HNN,4,True,False,0.0545190322251297,0.03862817303216517,3,3
37,TK-1999-0415_1406_HNN,5,True,False,0.1,0.07194404753027922,4,4
37,TK-1999-0415_8101_HNE,0,True,False,0.0009191292045933,0.0012351111362952783,0,0
37,TK-1999-0415_8101_HNE,1,True,False,0.0035242616378965,0.00534314001140481,0,0
37,TK-1999-0415_8101_HNE,2,True,False,0.0088988109728473,0.012185325248300748,1,1
37,TK-1999-0415_8101_HNE,3,True,False,0.0194102177856708,0.018157710939675782,2,2
37,TK-1999-0415_8101_HNE,4,True,False,0.0356679646618012,0.033935597742802366,3,3
37,TK-1999-0415_8101_HNE,5,True,False,0.0712197759238436,0.04933570838331918,4,3
37,INT-20250810_0000200_AKS_HNN,0,True,False,0.0010363350314187,0.0013641441884780843,0,0
37,INT-20250810_0000200_AKS_HNN,1,True,False,0.0033905937840957,0.005140616720106404,0,1
37,INT-20250810_0000200_AKS_HNN,2,True,False,0.009889800892517,0.012022998649060536,1,2
37,INT-20250810_0000200_AKS_HNN,3,True,False,0.015680603020404,0.024108824837218212,2,2
37,INT-20250810_0000200_AKS_HNN,4,True,False,0.0319477118956909,0.03073790303851674,3,2
37,INT-20250810_0000200_AKS_HNN,5,True,False,0.0684793579229286,0.062089252837687445,4,3
37,INT-20250810_0000200_BALB_HNE,0,True,False,0.0010051108119912,0.0010692187417281943,0,0
37,INT-20250810_0000200_BALB_HNE,1,True,False,0.0026274331668794,0.0032615025378615143,0,0
37,INT-20250810_0000200_BALB_HNE,2,True,False,0.0065376408427204,0.00748654032157231,1,1
37,INT-20250810_0000200_BALB_HNE,3,True,False,0.0098096840852805,0.013776970197856878,1,2
37,INT-20250810_0000200_BALB_HNE,4,True,False,0.0164264854842729,0.02156521658496474,2,2
37,INT-20250810_0000200_BALB_HNE,5,True,False,0.0318273234347376,0.04236159635425453,3,3
37,INT-20250810_0000200_GORD_HNN,0,True,False,0.0009942147676104,0.0009522352811288945,0,0
37,INT-20250810_0000200_GORD_HNN,1,True,False,0.0036220184111391,0.0027504214250923123,0,0
37,INT-20250810_0000200_GORD_HNN,2,True,False,0.0069511307705504,0.005442821706457019,1,1
37,INT-20250810_0000200_GORD_HNN,3,True,False,0.0113363414833949,0.009723711599393179,1,1
37,INT-20250810_0000200_GORD_HNN,4,True,False,0.0188267232725037,0.014723678116850946,2,2
37,INT-20250810_0000200_GORD_HNN,5,True,False,0.0352614200303211,0.02580756196424345,3,3
37,INT-20250810_0000200_SOMA_HNN,0,True,False,0.0010165405444489,0.0012214191079881276,0,0
37,INT-20250810_0000200_SOMA_HNN,1,True,False,0.0047500517331701,0.004135477383197846,0,1
37,INT-20250810_0000200_SOMA_HNN,2,True,False,0.0119601631238721,0.008858735221604512,1,1
37,INT-20250810_0000200_SOMA_HNN,3,True,False,0.0143035060352104,0.01594575850854959,2,2
37,INT-20250810_0000200_SOMA_HNN,4,True,False,0.0202510247645343,0.02916030971604736,2,3
37,INT-20250810_0000200_SOMA_HNN,5,True,False,0.0334300603439214,0.05883431082213129,3,3
37,TK-1999-0294_1612_HNE,0,True,False,0.0012694404439154,0.0008610933773599459,0,0
37,TK-1999-0294_1612_HNE,1,True,False,0.0043065928697234,0.002084500065316584,0,0
37,TK-1999-0294_1612_HNE,2,True,False,0.0082958996974211,0.004875726125024364,1,1
37,TK-1999-0294_1612_HNE,3,True,False,0.0167453450534374,0.008169732596497658,2,1
37,TK-1999-0294_1612_HNE,4,True,False,0.0238536547584679,0.015073085139794842,2,2
37,TK-1999-0294_1612_HNE,5,True,False,0.0372593719417871,0.028050483376243145,3,2
37,TK-2003-0179_1701_HNN,0,True,False,0.0007845264872145,0.0009158979076429532,0,0
37,TK-2003-0179_1701_HNN,1,True,False,0.0017251003727614,0.002682693060185431,0,0
37,TK-2003-0179_1701_HNN,2,True,False,0.0039571989856843,0.0036739023695383176,0,0
37,TK-2003-0179_1701_HNN,3,True,False,0.0072248450873426,0.006619149829126432,1,1
37,TK-2003-0179_1701_HNN,4,True,False,0.012918310410326,0.008347056365256993,2,2
37,TK-2003-0179_1701_HNN,5,True,False,0.0198241031441643,0.020614412237226494,2,2
37,TK-1999-0294_4101_HNE,0,True,False,0.0012865450244546,0.0014172036943359946,0,0
37,TK-1999-0294_4101_HNE,1,True,False,0.005638517755943,0.005698232504032422,1,0
37,TK-1999-0294_4101_HNE,2,True,False,0.0118477356569721,0.01557147541329558,1,1
37,TK-1999-0294_4101_HNE,3,True,False,0.0224472772630585,0.024359330298551897,2,2
37,TK-1999-0294_4101_HNE,4,True,False,0.0326333891531563,0.03632631247946268,3,2
37,TK-1999-0294_4101_HNE,5,True,False,0.0801820917392224,0.07705325522424943,4,4
37,TK-1999-0294_4107_HNE,0,True,False,0.0011342672066585,0.000967584018111156,0,0
37,TK-1999-0294_4107_HNE,1,True,False,0.0034625596090384,0.002914855391682015,0,0
37,TK-1999-0294_4107_HNE,2,True,False,0.007711906847914,0.0073712893459499705,1,1
37,TK-1999-0294_4107_HNE,3,True,False,0.0165595281741138,0.01523781167150569,2,2
37,TK-1999-0294_4107_HNE,4,True,False,0.0268154335717897,0.027286533863339985,2,3
37,TK-1999-0294_4107_HNE,5,True,False,0.0434065706159679,0.03847572740005081,3,3
37,TK-1999-0294_5401_HNE,0,True,False,0.0008438073366447,0.001993932775370293,0,0
37,TK-1999-0294_5401_HNE,1,True,False,0.0033690893397847,0.008888119031601194,0,1
37,TK-1999-0294_5401_HNE,2,True,False,0.0087642595215606,0.015425668184053316,1,2
37,TK-1999-0294_5401_HNE,3,True,False,0.0168106468386173,0.02483207291099765,2,2
37,TK-1999-0294_5401_HNE,4,True,False,0.0245504336882073,0.04041752978170881,2,3
37,TK-1999-0294_5401_HNE,5,True,False,0.0649996411377387,0.07873719054299216,4,4
37,EMSC-20200122_0000127_GOMA_HNE,0,True,False,0.0008974483435923,0.0009024053450273535,0,0
37,EMSC-20200122_0000127_GOMA_HNE,1,True,False,0.002274706001362,0.0025912446308067874,0,0
37,EMSC-20200122_0000127_GOMA_HNE,2,True,False,0.004664806902119,0.005762849572135202,0,1
37,EMSC-20200122_0000127_GOMA_HNE,3,True,False,0.0093837624206043,0.010281742473737152,1,2
37,EMSC-20200122_0000127_GOMA_HNE,4,True,False,0.0172571352258338,0.01665349090916752,2,2
37,EMSC-20200122_0000127_GOMA_HNE,5,True,False,0.0289337462731905,0.03842272567122591,2,3
37,EMSC-20200122_0000127_SOMA_HNN,0,True,False,0.0012140289062242,0.0011503376860923082,0,0
37,EMSC-20200122_0000127_SOMA_HNN,1,True,False,0.0039335390893708,0.004368179861552943,0,0
37,EMSC-20200122_0000127_SOMA_HNN,2,True,False,0.0112087656785631,0.010200141475531832,1,1
37,EMSC-20200122_0000127_SOMA_HNN,3,True,False,0.0179349019380156,0.017283475666719495,2,2
37,EMSC-20200122_0000127_SOMA_HNN,4,True,False,0.0285405971208382,0.03340200966173497,2,2
37,EMSC-20200122_0000127_SOMA_HNN,5,True,False,0.0583931023529906,0.0695655515451148,3,4
38,TK-1999-0077_YPT_HNN,4,True,False,0.0349368589033512,0.023438337860542075,3,3
38,TK-1999-0077_YPT_HNN,5,True,False,0.1,0.051779680872107325,4,4
38,TK-1999-0077_1612_HNE,0,True,False,0.0007700814027051,0.0006921852789578399,0,0
38,TK-1999-0077_1612_HNE,1,True,False,0.0037052618642304,0.0021069763382848376,0,0
38,TK-1999-0077_YPT_HNN,0,True,False,0.0007750253802224,0.0006857155064194199,0,0
38,TK-1999-0077_YPT_HNN,1,True,False,0.0020665674424561,0.002364711180695421,0,0
38,TK-1999-0077_YPT_HNN,2,True,False,0.0061731226360155,0.0058033439687442045,1,0
38,TK-1999-0077_YPT_HNN,3,True,False,0.0170696755091691,0.010950049306665512,2,1
38,TK-1999-0077_1612_HNE,2,True,False,0.012330392919962,0.004807426583006084,2,0
38,TK-1999-0077_1612_HNE,3,True,False,0.0256649997407262,0.00937160888789436,2,1
38,TK-1999-0077_1612_HNE,4,True,False,0.0459939318898844,0.015594898570230007,3,2
38,TK-1999-0077_1612_HNE,5,True,False,0.1,0.04256632039795928,4,4
38,TK-1999-0077_4101_HNE,0,True,False,0.0007247482114209,0.0008379659204537279,0,0
38,TK-1999-0077_4101_HNE,1,True,False,0.0033530814643527,0.0033163248296212903,0,0
38,TK-1999-0077_4101_HNE,2,True,False,0.0076343960042778,0.00892585316751057,1,2
38,TK-1999-0077_4101_HNE,3,True,False,0.0255312019791314,0.01941090410060218,2,2
38,TK-1999-0077_4101_HNE,4,True,False,0.1,0.05122068206479897,4,3
38,TK-1999-0077_4101_HNE,5,True,False,0.1,0.10253042418303687,4,4
38,TK-1999-0077_4106_HNN,0,True,False,0.0008653584355512,0.0009142667417778094,0,0
38,TK-1999-0077_4106_HNN,1,True,False,0.0043570728145654,0.006485059530917633,0,0
38,TK-1999-0077_4106_HNN,2,True,False,0.0087353351519181,0.021802610022502934,1,2
38,TK-1999-0077_4106_HNN,3,True,False,0.016688135045779,0.04608535039626482,2,2
38,TK-1999-0077_4106_HNN,4,True,False,0.0846937416276047,0.0837495906003486,4,3
38,TK-1999-0077_4106_HNN,5,True,False,0.1,0.14747639412542557,4,4
38,TK-1999-0077_5401_HNE,0,True,False,0.0007290849128622,0.0007716873777939483,0,0
38,TK-1999-0077_5401_HNE,1,True,False,0.0031553513817657,0.004352845002104134,0,0
38,TK-1999-0077_5401_HNE,2,True,False,0.008490992927251,0.01141802426090593,1,1
38,TK-1999-0077_5401_HNE,3,True,False,0.027957407375363,0.02430164842626276,2,2
38,TK-1999-0077_5401_HNE,4,True,False,0.0540089756570065,0.049182635826030545,3,4
38,TK-1999-0077_5401_HNE,5,True,False,0.1,0.06627629218287881,4,4
38,TK-1999-0415_487_HNN,0,True,False,0.000735174781556,0.0008052358985878639,0,0
38,TK-1999-0415_487_HNN,1,True,False,0.003116219975354,0.0027809160559953043,0,0
38,TK-1999-0415_487_HNN,2,True,False,0.0105549517553632,0.007079813853825223,1,1
38,TK-1999-0415_487_HNN,3,True,False,0.0186134340774223,0.01339534672814472,2,2
38,TK-1999-0415_487_HNN,4,True,False,0.0290339084402889,0.022728877734183472,2,2
38,TK-1999-0415_487_HNN,5,True,False,0.0603201136631319,0.058477462061394675,4,3
38,TK-1999-0415_496_HNN,0,True,False,0.0010096145068573,0.0008789038254461512,0,0
38,TK-1999-0415_496_HNN,1,True,False,0.0034218558195893,0.003401810739339216,0,0
38,TK-1999-0415_496_HNN,2,True,False,0.0072720334619187,0.01020644584498179,1,1
38,TK-1999-0415_496_HNN,3,True,False,0.0090391680485609,0.016883849444268507,1,2
38,TK-1999-0415_496_HNN,4,True,False,0.0172472538732984,0.02683252024124576,2,2
38,TK-1999-0415_496_HNN,5,True,False,0.0334970603498813,0.05235156251341734,3,3
38,TK-1999-0415_498_HNN,0,True,False,0.0008493504313158,0.0007746198658423973,0,0
38,TK-1999-0415_498_HNN,1,True,False,0.0026272172141143,0.0029356630288912455,0,0
38,TK-1999-0415_498_HNN,2,True,False,0.009387964155511,0.00732911854689355,1,1
38,TK-1999-0415_498_HNN,3,True,False,0.0195969980385329,0.015223288176016984,2,2
38,TK-1999-0415_498_HNN,4,True,False,0.0257917166565629,0.02781218352034956,2,2
38,TK-1999-0415_498_HNN,5,True,False,0.0489132863110018,0.045240284431648806,3,3
38,TK-1999-0415_C0362_HNN,0,True,False,0.0007211755951128,0.0007149559416313578,0,0
38,TK-1999-0415_C0362_HNN,1,True,False,0.0031385696122732,0.0018056537484573336,0,0
38,TK-1999-0415_C0362_HNN,2,True,False,0.0084992156757565,0.0038230972219151812,1,0
38,TK-1999-0415_C0362_HNN,3,True,False,0.0164118318693985,0.0067673008998149,2,1
38,TK-1999-0415_C0362_HNN,4,True,False,0.0355524543385298,0.011055624353643451,3,1
38,TK-1999-0415_C0362_HNN,5,True,False,0.0860604239620795,0.020907283046685262,4,2
38,TK-1999-0415_C0375_HNN,0,True,False,0.0009827624678884,0.0010516987446173116,0,0
38,TK-1999-0415_C0375_HNN,1,True,False,0.0032342053654905,0.00420872466009953,0,0
38,TK-1999-0415_C0375_HNN,2,True,False,0.0114773973338505,0.010339593836902502,1,1
38,TK-1999-0415_C0375_HNN,3,True,False,0.0147084689968752,0.01612846675604709,2,2
38,TK-1999-0415_C0375_HNN,4,True,False,0.0205990454591606,0.02867083730405694,2,2
38,TK-1999-0415_C0375_HNN,5,True,False,0.0338737667684335,0.0634343035146164,3,3
38,TK-1999-0415_C1058_HNE,0,True,False,0.0007627095839201,0.000703390244305579,0,0
38,TK-1999-0415_C1058_HNE,1,True,False,0.0035812927796902,0.0024930385407329145,0,0
38,TK-1999-0415_C1058_HNE,2,True,False,0.0164146491940191,0.008856756095818265,2,0
38,TK-1999-0415_C1058_HNE,3,True,False,0.0294040462782965,0.022574599405380688,2,2
38,TK-1999-0415_C1058_HNE,4,True,False,0.0933102500679399,0.04744915943264339,4,2
38,TK-1999-0415_C1058_HNE,5,True,False,0.1,0.05784272631861852,4,4
38,TK-1999-0415_C1059_HNN,0,True,False,0.0010019966776799,0.000827742165063553,0,0
38,TK-1999-0415_C1059_HNN,1,True,False,0.0036933513810202,0.003842573158006793,0,0
38,TK-1999-0415_C1059_HNN,2,True,False,0.0121105922962588,0.009786685526916335,2,1
38,TK-1999-0415_C1059_HNN,3,True,False,0.0185764153841774,0.018902616403614333,2,2
38,TK-1999-0415_C1059_HNN,4,True,False,0.0331562814423978,0.040819337384345504,3,3
38,TK-1999-0415_C1059_HNN,5,True,False,0.1,0.06561447735357892,4,4
38,TK-1999-0415_C1060_HNE,0,True,False,0.0008866639849164,0.0007402457866460785,0,0
38,TK-1999-0415_C1060_HNE,1,True,False,0.0023918933709535,0.002590010161049157,0,0
38,TK-1999-0415_C1060_HNE,2,True,False,0.0057928067970923,0.006157384668769212,1,1
38,TK-1999-0415_C1060_HNE,3,True,False,0.0228293380204379,0.011155631836852392,2,1
38,TK-1999-0415_C1060_HNE,4,True,False,0.0331087888455462,0.019630481882895356,3,2
38,TK-1999-0415_C1060_HNE,5,True,False,0.1,0.04149553247008376,4,3
38,TK-1999-0415_C1061_HNE,0,True,False,0.0009130390755179,0.0008910886104421538,0,0
38,TK-1999-0415_C1061_HNE,1,True,False,0.0038691384132812,0.004046617376631697,0,0
38,TK-1999-0415_C1061_HNE,2,True,False,0.0153707138344889,0.0093332199322615,2,1
38,TK-1999-0415_C1061_HNE,3,True,False,0.0233740318905328,0.01494036163245239,2,2
38,TK-1999-0415_C1061_HNE,4,True,False,0.0452471479469394,0.022886402765331063,3,2
38,TK-1999-0415_C1061_HNE,5,True,False,0.1,0.044446397497329745,4,3
38,TK-1999-0415_C1062_HNE,0,True,False,0.0007269014796973,0.000676586330630578,0,0
38,TK-1999-0415_C1062_HNE,1,True,False,0.0018057959361032,0.0021797876727069412,0,0
38,TK-1999-0415_C1062_HNE,2,True,False,0.0037547109348143,0.005825128619885038,0,1
38,TK-1999-0415_C1062_HNE,3,True,False,0.0102281342193307,0.010280912771392987,1,1
38,TK-1999-0415_C1062_HNE,4,True,False,0.020791552353162,0.014905359883697669,2,2
38,TK-1999-0415_C1062_HNE,5,True,False,0.0278887770948022,0.03571556445629022,2,3
38,TK-1999-0415_D0531_HNN,0,True,False,0.0007155164960393,0.0006740730743984651,0,0
38,TK-1999-0415_D0531_HNN,1,True,False,0.0025059594454884,0.002324305403814224,0,0
38,TK-1999-0415_D0531_HNN,2,True,False,0.0054637062194002,0.006376058846927461,1,1
38,TK-1999-0415_D0531_HNN,3,True,False,0.0095305162517332,0.012556779396523223,1,2
38,TK-1999-0415_D0531_HNN,4,True,False,0.0166505237309556,0.020626830594419422,2,2
38,TK-1999-0415_D0531_HNN,5,True,False,0.0416619683696816,0.04685522297639128,3,3
38,TK-1999-0415_1401_HNE,0,True,False,0.0007441584022164,0.0007456131050087792,0,0
38,TK-1999-0415_1401_HNE,1,True,False,0.0025639658401856,0.0033250186127484166,0,0
38,TK-1999-0415_1401_HNE,2,True,False,0.0071553711135201,0.0080852265599756,1,0
38,TK-1999-0415_1401_HNE,3,True,False,0.017650912075809,0.014406270788123532,2,2
38,TK-1999-0415_1401_HNE,4,True,False,0.0198581517002633,0.02490466851233216,2,2
38,TK-1999-0415_1401_HNE,5,True,False,0.0272226712920749,0.04087630706963192,2,3
38,TK-1999-0415_1406_HNN,0,True,False,0.0006992842846629,0.0007559329838234354,0,0
38,TK-1999-0415_1406_HNN,1,True,False,0.0014025084331701,0.0026594177782069293,0,0
38,TK-1999-0415_1406_HNN,2,True,False,0.0036097839523363,0.00678665450572986,0,1
38,TK-1999-0415_1406_HNN,3,True,False,0.0084756111899457,0.011779505440053857,1,1
38,TK-1999-0415_1406_HNN,4,True,False,0.010996106810179,0.020408820697909957,1,2
38,TK-1999-0415_1406_HNN,5,True,False,0.0373687263308192,0.03948508192871316,3,3
38,TK-1999-0415_8101_HNE,0,True,False,0.0007340015610437,0.0007254960332090879,0,0
38,TK-1999-0415_8101_HNE,1,True,False,0.0026016448206241,0.0028647017314586175,0,0
38,TK-1999-0415_8101_HNE,2,True,False,0.0058341737031415,0.0071487862413083655,1,1
38,TK-1999-0415_8101_HNE,3,True,False,0.0110580811677468,0.011978581173767001,1,2
38,TK-1999-0415_8101_HNE,4,True,False,0.0178424466154307,0.021652027568994966,2,2
38,TK-1999-0415_8101_HNE,5,True,False,0.0435942710404429,0.05129253449146123,3,4
38,INT-20250810_0000200_AKS_HNN,0,True,False,0.0006899021866873,0.0008367004261048108,0,0
38,INT-20250810_0000200_AKS_HNN,1,True,False,0.0021498035673597,0.00389773407904047,0,0
38,INT-20250810_0000200_AKS_HNN,2,True,False,0.0062720628286257,0.010279597802122146,1,1
38,INT-20250810_0000200_AKS_HNN,3,True,False,0.0147200804807642,0.01933903898300824,2,2
38,INT-20250810_0000200_AKS_HNN,4,True,False,0.016054247282386,0.027084029002776306,2,3
38,INT-20250810_0000200_AKS_HNN,5,True,False,0.0374320385733495,0.05736439730678239,3,3
38,INT-20250810_0000200_BALB_HNE,0,True,False,0.000660883438747,0.0007468814558257393,0,0
38,INT-20250810_0000200_BALB_HNE,1,True,False,0.0032807543326059,0.0026109272858341644,0,0
38,INT-20250810_0000200_BALB_HNE,2,True,False,0.0080137371366055,0.00761159943916481,1,1
38,INT-20250810_0000200_BALB_HNE,3,True,False,0.011348281470698,0.01385239260104946,1,2
38,INT-20250810_0000200_BALB_HNE,4,True,False,0.0162794961971038,0.02183872697125204,2,2
38,INT-20250810_0000200_BALB_HNE,5,True,False,0.0318671947758067,0.0421975440465978,3,3
38,INT-20250810_0000200_GORD_HNN,0,True,False,0.0006956777273808,0.0007197652038448527,0,0
38,INT-20250810_0000200_GORD_HNN,1,True,False,0.0022632570007799,0.002328364055400843,0,0
38,INT-20250810_0000200_GORD_HNN,2,True,False,0.0074662392016622,0.004641464826027649,1,0
38,INT-20250810_0000200_GORD_HNN,3,True,False,0.0128771307140995,0.009462778342240337,2,1
38,INT-20250810_0000200_GORD_HNN,4,True,False,0.0192660911078742,0.013528203558969453,2,2
38,INT-20250810_0000200_GORD_HNN,5,True,False,0.0413769500908631,0.027064387319840802,3,3
38,INT-20250810_0000200_SOMA_HNN,0,True,False,0.0006908622353456,0.0008343208070896053,0,0
38,INT-20250810_0000200_SOMA_HNN,1,True,False,0.0033263860161898,0.003624114879745553,0,0
38,INT-20250810_0000200_SOMA_HNN,2,True,False,0.0082161030009685,0.008328349257378222,1,1
38,INT-20250810_0000200_SOMA_HNN,3,True,False,0.0170204199953582,0.014564977314887493,2,2
38,INT-20250810_0000200_SOMA_HNN,4,True,False,0.0292370433784006,0.021402087616693134,2,2
38,INT-20250810_0000200_SOMA_HNN,5,True,False,0.0478494892195433,0.04682161567943894,3,3
38,TK-1999-0294_1612_HNE,0,True,False,0.0007306395582438,0.0007441054464279943,0,0
38,TK-1999-0294_1612_HNE,1,True,False,0.0049827922654831,0.003047215506219009,0,0
38,TK-1999-0294_1612_HNE,2,True,False,0.0162664450070214,0.007698932321787171,2,1
38,TK-1999-0294_1612_HNE,3,True,False,0.0266899147444684,0.013819814524928347,2,2
38,TK-1999-0294_1612_HNE,4,True,False,0.0391471846347622,0.020643080837261362,3,2
38,TK-1999-0294_1612_HNE,5,True,False,0.0618696873985398,0.03795789084114768,4,2
38,TK-2003-0179_1701_HNN,0,True,False,0.0007543367845829,0.000643737643940681,0,0
38,TK-2003-0179_1701_HNN,1,True,False,0.0028059529325922,0.0019960520047006053,0,0
38,TK-2003-0179_1701_HNN,2,True,False,0.0062171290372615,0.0033907952873877163,1,0
38,TK-2003-0179_1701_HNN,3,True,False,0.0088671654507542,0.006005506912251472,1,1
38,TK-2003-0179_1701_HNN,4,True,False,0.0146299743058246,0.008297367113837493,2,1
38,TK-2003-0179_1701_HNN,5,True,False,0.0264811390886509,0.01934099786844599,2,2
38,TK-1999-0294_4101_HNE,0,True,False,0.0007223978285174,0.0007858945635086807,0,0
38,TK-1999-0294_4101_HNE,1,True,False,0.0022014692861252,0.003337800598391672,0,0
38,TK-1999-0294_4101_HNE,2,True,False,0.0057772423344369,0.010105295704114774,1,2
38,TK-1999-0294_4101_HNE,3,True,False,0.0083092758692296,0.02314260210607518,1,2
38,TK-1999-0294_4101_HNE,4,True,False,0.0145359233353397,0.03133497676344743,2,3
38,TK-1999-0294_4101_HNE,5,True,False,0.0236247157431885,0.05830868431264339,2,3
38,TK-1999-0294_4107_HNE,0,True,False,0.0007432521736369,0.0006744387849514192,0,0
38,TK-1999-0294_4107_HNE,1,True,False,0.0026302506699494,0.002215207433565218,0,0
38,TK-1999-0294_4107_HNE,2,True,False,0.0085256393412831,0.006784095410969105,1,1
38,TK-1999-0294_4107_HNE,3,True,False,0.0176771273371238,0.012384438337295271,2,2
38,TK-1999-0294_4107_HNE,4,True,False,0.0346757837080649,0.02205369791643936,3,2
38,TK-1999-0294_4107_HNE,5,True,False,0.0607934948713543,0.036002563301732904,4,3
38,TK-1999-0294_5401_HNE,0,True,False,0.0009541024998486,0.0019260158753755501,0,0
38,TK-1999-0294_5401_HNE,1,True,False,0.0035267787329093,0.007608161220930794,0,0
38,TK-1999-0294_5401_HNE,2,True,False,0.009334114554794,0.01388483404377756,1,1
38,TK-1999-0294_5401_HNE,3,True,False,0.0154541157405143,0.020654240816447976,2,2
38,TK-1999-0294_5401_HNE,4,True,False,0.0335208507004894,0.03538519298263245,3,3
38,TK-1999-0294_5401_HNE,5,True,False,0.0719659856426461,0.06885917148279835,4,4
38,EMSC-20200122_0000127_GOMA_HNE,0,True,False,0.0007143935072237,0.0006968264514293607,0,0
38,EMSC-20200122_0000127_GOMA_HNE,1,True,False,0.0020390101597262,0.0023619022971951426,0,0
38,EMSC-20200122_0000127_GOMA_HNE,2,True,False,0.0044591234876635,0.005260299193973273,0,0
38,EMSC-20200122_0000127_GOMA_HNE,3,True,False,0.0078862466759231,0.00861061705552463,1,1
38,EMSC-20200122_0000127_GOMA_HNE,4,True,False,0.0102764984124086,0.013141666337442681,1,2
38,EMSC-20200122_0000127_GOMA_HNE,5,True,False,0.0191598251260073,0.02353053820455783,2,2
38,EMSC-20200122_0000127_SOMA_HNN,0,True,False,0.0007034310691498,0.0007598185403029071,0,0
38,EMSC-20200122_0000127_SOMA_HNN,1,True,False,0.0021549688952056,0.0023688052762496246,0,0
38,EMSC-20200122_0000127_SOMA_HNN,2,True,False,0.0054777397783598,0.007249780531500564,1,1
38,EMSC-20200122_0000127_SOMA_HNN,3,True,False,0.013298191685482,0.012999735527303014,2,2
38,EMSC-20200122_0000127_SOMA_HNN,4,True,False,0.0189052971665307,0.01884173339567984,2,2
38,EMSC-20200122_0000127_SOMA_HNN,5,True,False,0.0365964399358334,0.037061785174812845,3,3
39,TK-1999-0077_YPT_HNN,4,True,False,0.0792392121509814,0.03329547688560783,4,3
39,TK-1999-0077_YPT_HNN,5,True,False,0.1,0.07276351677457141,4,4
39,TK-1999-0077_1612_HNE,0,True,False,0.0006027344352478,0.0006005055254268355,0,0
39,TK-1999-0077_1612_HNE,1,True,False,0.0021942324181427,0.002087538229557321,0,0
39,TK-1999-0077_YPT_HNN,0,True,False,0.0006384960283904,0.0005939199229064815,0,0
39,TK-1999-0077_YPT_HNN,1,True,False,0.0024941957424133,0.0019449138784896902,0,0
39,TK-1999-0077_YPT_HNN,2,True,False,0.0106867079983729,0.0049573497185761515,1,0
39,TK-1999-0077_YPT_HNN,3,True,False,0.0251966364046636,0.01171898760083791,2,2
39,TK-1999-0077_1612_HNE,2,True,False,0.0096612487748786,0.00551265915638803,1,0
39,TK-1999-0077_1612_HNE,3,True,False,0.0400454807309621,0.009681052493393209,3,1
39,TK-1999-0077_1612_HNE,4,True,False,0.0685869968423448,0.02307918419426906,4,2
39,TK-1999-0077_1612_HNE,5,True,False,0.1,0.0679051732507363,4,3
39,TK-1999-0077_4101_HNE,0,True,False,0.0006572563242687,0.0006196530477249358,0,0
39,TK-1999-0077_4101_HNE,1,True,False,0.0028921640515227,0.0021776885496374186,0,0
39,TK-1999-0077_4101_HNE,2,True,False,0.0059444144312752,0.006148558341567379,1,1
39,TK-1999-0077_4101_HNE,3,True,False,0.0141544391131088,0.015363799890872741,2,2
39,TK-1999-0077_4101_HNE,4,True,False,0.031871197061663,0.03749879276597536,3,3
39,TK-1999-0077_4101_HNE,5,True,False,0.1,0.10559987438867811,4,4
39,TK-1999-0077_4106_HNN,0,True,False,0.0005578796410895,0.0006449077482940866,0,0
39,TK-1999-0077_4106_HNN,1,True,False,0.0019688499128333,0.0028230272155198946,0,0
39,TK-1999-0077_4106_HNN,2,True,False,0.0045844586544961,0.009901088781706775,0,1
39,TK-1999-0077_4106_HNN,3,True,False,0.0096950884689303,0.024379926368456994,1,3
39,TK-1999-0077_4106_HNN,4,True,False,0.0328127523347471,0.06156417985928085,3,4
39,TK-1999-0077_4106_HNN,5,True,False,0.1,0.13003400679084173,4,4
39,TK-1999-0077_5401_HNE,0,True,False,0.0005959091273133,0.0006511740718475958,0,0
39,TK-1999-0077_5401_HNE,1,True,False,0.0013558784020303,0.0032342386467179964,0,0
39,TK-1999-0077_5401_HNE,2,True,False,0.0043988302602997,0.009743092227719193,0,1
39,TK-1999-0077_5401_HNE,3,True,False,0.0168375478254804,0.023717642881807315,2,3
39,TK-1999-0077_5401_HNE,4,True,False,0.0486361610714955,0.05481207250846579,3,4
39,TK-1999-0077_5401_HNE,5,True,False,0.1,0.07889531512408182,4,4
39,TK-1999-0415_487_HNN,0,True,False,0.000614423307525,0.0005379178922761814,0,0
39,TK-1999-0415_487_HNN,1,True,False,0.0021768726757319,0.0016244709748789463,0,0
39,TK-1999-0415_496_HNN,0,True,False,0.0006254876319842,0.0005391714466489748,0,0
39,TK-1999-0415_496_HNN,1,True,False,0.0015801164648899,0.0019541254642717596,0,0
39,TK-1999-0415_496_HNN,2,True,False,0.0066578168799747,0.0056314084385410265,1,1
39,TK-1999-0415_496_HNN,3,True,False,0.0119747763996357,0.011768081087990571,1,2
39,TK-1999-0415_487_HNN,2,True,False,0.0037812144741907,0.0032617908205567554,0,0
39,TK-1999-0415_487_HNN,3,True,False,0.0061728858135767,0.005238961360860623,1,0
39,TK-1999-0415_487_HNN,4,True,False,0.0128876264055942,0.008432197149375865,2,1
39,TK-1999-0415_487_HNN,5,True,False,0.0212364039643553,0.017108976678400282,2,2
39,TK-1999-0415_496_HNN,4,True,False,0.0167117829838091,0.021220816022627244,2,2
39,TK-1999-0415_496_HNN,5,True,False,0.0277796477853564,0.037699434357560666,2,3
39,TK-1999-0415_498_HNN,0,True,False,0.0005595126778367,0.0006209900211323596,0,0
39,TK-1999-0415_498_HNN,1,True,False,0.0019079679946779,0.0019501934178682706,0,0
39,TK-1999-0415_498_HNN,2,True,False,0.0030196089797436,0.004785164052276311,0,1
39,TK-1999-0415_498_HNN,3,True,False,0.0090204287780602,0.00942666000288494,1,1
39,TK-1999-0415_498_HNN,4,True,False,0.0161194194029198,0.017472507174339583,2,2
39,TK-1999-0415_498_HNN,5,True,False,0.0384001480874161,0.0390328860790176,3,3
39,TK-1999-0415_C0362_HNN,0,True,False,0.0006038247601256,0.0005950047012465051,0,0
39,TK-1999-0415_C0362_HNN,1,True,False,0.0031942397201441,0.0016235027681190317,0,0
39,TK-1999-0415_C0362_HNN,2,True,False,0.0123688005279782,0.004035735536342466,2,0
39,TK-1999-0415_C0362_HNN,3,True,False,0.0236655383301854,0.0071488529586976,2,1
39,TK-1999-0415_C0362_HNN,4,True,False,0.0573625739824759,0.014859594720958418,3,1
39,TK-1999-0415_C0362_HNN,5,True,False,0.1,0.026155180191538948,4,2
39,TK-1999-0415_C0375_HNN,0,True,False,0.0005614529903154,0.0006091389463009981,0,0
39,TK-1999-0415_C0375_HNN,1,True,False,0.0013739656420071,0.002154757207818895,0,0
39,TK-1999-0415_C1058_HNE,0,True,False,0.0005829747306682,0.0006466363640613768,0,0
39,TK-1999-0415_C1058_HNE,1,True,False,0.0020978592464543,0.002684795486897421,0,0
39,TK-1999-0415_C1058_HNE,2,True,False,0.0063223030929526,0.008129734819972556,1,1
39,TK-1999-0415_C1058_HNE,3,True,False,0.0219474949721704,0.020538858076664484,2,2
39,TK-1999-0415_C0375_HNN,2,True,False,0.0028204261752321,0.0056434070466461735,0,1
39,TK-1999-0415_C0375_HNN,3,True,False,0.0087893175911737,0.011804480414646608,1,1
39,TK-1999-0415_C0375_HNN,4,True,False,0.0147278873406964,0.01920641514870775,2,2
39,TK-1999-0415_C0375_HNN,5,True,False,0.0219978053073538,0.03702799546882383,2,2
39,TK-1999-0415_C1058_HNE,4,True,False,0.0647242565586648,0.05119958304039315,4,3
39,TK-1999-0415_C1058_HNE,5,True,False,0.1,0.07379470206361548,4,4
39,TK-1999-0415_C1059_HNN,0,True,False,0.0005727817937791,0.0005494238440510768,0,0
39,TK-1999-0415_C1059_HNN,1,True,False,0.0017284447256118,0.0017558485253505792,0,0
39,TK-1999-0415_C1059_HNN,2,True,False,0.0030228303094945,0.004831879834076847,0,1
39,TK-1999-0415_C1059_HNN,3,True,False,0.0067685865766849,0.009033718954906123,1,1
39,TK-1999-0415_C1059_HNN,4,True,False,0.016551764170879,0.0161443501357024,2,2
39,TK-1999-0415_C1059_HNN,5,True,False,0.0342996979956177,0.036815068657202216,3,3
39,TK-1999-0415_C1060_HNE,0,True,False,0.000758744390756,0.0007087435826118823,0,0
39,TK-1999-0415_C1060_HNE,1,True,False,0.0036758611471365,0.002405011212652716,0,0
39,TK-1999-0415_C1060_HNE,2,True,False,0.0097267644718348,0.005945883744324534,1,1
39,TK-1999-0415_C1060_HNE,3,True,False,0.0188833090399321,0.01254853069644071,2,1
39,TK-1999-0415_C1060_HNE,4,True,False,0.064106691230791,0.02278626002276675,4,2
39,TK-1999-0415_C1060_HNE,5,True,False,0.1,0.04856040242304629,4,3
39,TK-1999-0415_C1061_HNE,0,True,False,0.0005342438362731,0.0006280436736513615,0,0
39,TK-1999-0415_C1061_HNE,1,True,False,0.0017263633311981,0.0019140512989459556,0,0
39,TK-1999-0415_C1062_HNE,0,True,False,0.0006221512466008,0.0005991613397269415,0,0
39,TK-1999-0415_C1062_HNE,1,True,False,0.0022776541030823,0.0019670596059827737,0,0
39,TK-1999-0415_C1062_HNE,2,True,False,0.0075363803764423,0.005039960686649354,1,1
39,TK-1999-0415_C1062_HNE,3,True,False,0.0120486603055974,0.010377466659017903,2,1
39,TK-1999-0415_C1061_HNE,2,True,False,0.0050608555268846,0.00517861197525488,1,1
39,TK-1999-0415_C1061_HNE,3,True,False,0.0124806679569954,0.010577013067890542,2,1
39,TK-1999-0415_C1061_HNE,4,True,False,0.0305907163119395,0.01878480500177131,3,2
39,TK-1999-0415_C1061_HNE,5,True,False,0.0806631681851566,0.03982251189529719,4,2
39,TK-1999-0415_C1062_HNE,4,True,False,0.019998184506832,0.018319262335080817,2,2
39,TK-1999-0415_C1062_HNE,5,True,False,0.0497100125359971,0.05146618575421846,3,3
39,TK-1999-0415_D0531_HNN,0,True,False,0.0006117393835385,0.0005494950314990277,0,0
39,TK-1999-0415_D0531_HNN,1,True,False,0.0017689895975144,0.0015399687960109317,0,0
39,TK-1999-0415_D0531_HNN,2,True,False,0.0033025584393145,0.0029149834100604378,0,0
39,TK-1999-0415_D0531_HNN,3,True,False,0.0059215114993543,0.004991279710505851,1,0
39,TK-1999-0415_D0531_HNN,4,True,False,0.0108220947115443,0.008722307423785217,1,1
39,TK-1999-0415_D0531_HNN,5,True,False,0.01905247821001,0.018966731095668075,2,2
39,TK-1999-0415_1401_HNE,0,True,False,0.0006035510127061,0.0006240911608596769,0,0
39,TK-1999-0415_1401_HNE,1,True,False,0.0023492217473592,0.0025282810848295785,0,0
39,TK-1999-0415_1401_HNE,2,True,False,0.0069911118518211,0.007710657244860903,1,1
39,TK-1999-0415_1401_HNE,3,True,False,0.0181788585033837,0.013366371186185628,2,2
39,TK-1999-0415_1401_HNE,4,True,False,0.0515793925813779,0.026993378719299008,3,3
39,TK-1999-0415_1401_HNE,5,True,False,0.0523598861450004,0.04844231514843704,3,3
39,TK-1999-0415_1406_HNN,0,True,False,0.0006267949881548,0.0006565721213990732,0,0
39,TK-1999-0415_1406_HNN,1,True,False,0.0022791367274581,0.0020646344889628807,0,0
39,TK-1999-0415_8101_HNE,0,True,False,0.0005955492760273,0.0006371765397003854,0,0
39,TK-1999-0415_8101_HNE,1,True,False,0.0022369562171738,0.0026360202598326304,0,0
39,TK-1999-0415_8101_HNE,2,True,False,0.0107436610045074,0.0075346533160675,1,0
39,TK-1999-0415_8101_HNE,3,True,False,0.0217175853124759,0.015252935159550379,2,1
39,TK-1999-0415_1406_HNN,2,True,False,0.0063299135828594,0.005675940799127834,1,1
39,TK-1999-0415_1406_HNN,3,True,False,0.0093825008530912,0.011799776572515283,1,1
39,TK-1999-0415_1406_HNN,4,True,False,0.0156014285901692,0.021751442083541343,2,2
39,TK-1999-0415_1406_HNN,5,True,False,0.0367375285548141,0.05299922381548356,3,3
39,TK-1999-0415_8101_HNE,4,True,False,0.0396129933766255,0.03362404451290513,3,3
39,TK-1999-0415_8101_HNE,5,True,False,0.1,0.07574313407530296,4,4
39,INT-20250810_0000200_AKS_HNN,0,True,False,0.0005913824886338,0.0006606523618506794,0,0
39,INT-20250810_0000200_AKS_HNN,1,True,False,0.0020285579559197,0.0021452121650109212,0,0
39,INT-20250810_0000200_AKS_HNN,2,True,False,0.0037649712948139,0.005871412070655661,0,1
39,INT-20250810_0000200_AKS_HNN,3,True,False,0.0060775862051914,0.011408005716958967,1,1
39,INT-20250810_0000200_AKS_HNN,4,True,False,0.0094761614262739,0.022429936886654116,1,2
39,INT-20250810_0000200_AKS_HNN,5,True,False,0.0228366291898731,0.04994629245968982,2,3
39,INT-20250810_0000200_BALB_HNE,0,True,False,0.000654345798633,0.0006365685337148766,0,0
39,INT-20250810_0000200_BALB_HNE,1,True,False,0.0020818673921122,0.0021907514085392774,0,0
39,INT-20250810_0000200_BALB_HNE,2,True,False,0.0075667982948138,0.007148570395197284,1,1
39,INT-20250810_0000200_BALB_HNE,3,True,False,0.0141675326696383,0.01356694833232274,2,1
39,INT-20250810_0000200_BALB_HNE,4,True,False,0.0240566276619186,0.023150804510357316,2,2
39,INT-20250810_0000200_BALB_HNE,5,True,False,0.0429870403829239,0.04685936448779866,3,3
39,INT-20250810_0000200_GORD_HNN,0,True,False,0.0006272913082444,0.0006006097085914533,0,0
39,INT-20250810_0000200_GORD_HNN,1,True,False,0.0023209569575993,0.0016531445625160832,0,0
39,INT-20250810_0000200_GORD_HNN,2,True,False,0.0033684279490831,0.0032715627074506614,0,0
39,INT-20250810_0000200_GORD_HNN,3,True,False,0.0054453169252263,0.005342911221086221,1,1
39,INT-20250810_0000200_GORD_HNN,4,True,False,0.0086405099526596,0.009197570274751104,1,1
39,INT-20250810_0000200_GORD_HNN,5,True,False,0.0249036283197119,0.01650307301912608,2,2
39,INT-20250810_0000200_SOMA_HNN,0,True,False,0.0006108007661197,0.0006367691569695353,0,0
39,INT-20250810_0000200_SOMA_HNN,1,True,False,0.0017028465901261,0.002225204396240272,0,0
39,INT-20250810_0000200_SOMA_HNN,2,True,False,0.0042518664107667,0.006007218245878718,0,1
39,INT-20250810_0000200_SOMA_HNN,3,True,False,0.0066840759247745,0.010463145412535842,1,1
39,INT-20250810_0000200_SOMA_HNN,4,True,False,0.0113265996237486,0.01771186092920404,1,2
39,INT-20250810_0000200_SOMA_HNN,5,True,False,0.0348898031034464,0.03116290382970054,3,3
39,TK-1999-0294_1612_HNE,0,True,False,0.0006084173849056,0.0006006997294859009,0,0
39,TK-1999-0294_1612_HNE,1,True,False,0.0020602283899761,0.0019650876642671603,0,0
39,TK-1999-0294_1612_HNE,2,True,False,0.0050006344432413,0.005125664493054729,1,0
39,TK-1999-0294_1612_HNE,3,True,False,0.0071832982753886,0.008698173998396163,1,1
39,TK-1999-0294_1612_HNE,4,True,False,0.0195754515071709,0.016893306349257908,2,2
39,TK-1999-0294_1612_HNE,5,True,False,0.0444766723039715,0.034233279383094846,3,3
39,TK-2003-0179_1701_HNN,0,True,False,0.0006025349640952,0.0005681783136673382,0,0
39,TK-2003-0179_1701_HNN,1,True,False,0.002008052461232,0.0017214860252072316,0,0
39,TK-2003-0179_1701_HNN,2,True,False,0.0075040975682555,0.003298855081092552,1,0
39,TK-2003-0179_1701_HNN,3,True,False,0.0153788628943614,0.005997332877215806,2,1
39,TK-2003-0179_1701_HNN,4,True,False,0.0219234552230378,0.009432675316630362,2,1
39,TK-2003-0179_1701_HNN,5,True,False,0.0464511362673865,0.01707062331379379,3,2
39,TK-1999-0294_4101_HNE,0,True,False,0.0005562145742912,0.0006166352302461397,0,0
39,TK-1999-0294_4101_HNE,1,True,False,0.0015014912621944,0.0020344571779493067,0,0
39,TK-1999-0294_4101_HNE,2,True,False,0.0036550695167295,0.005509352364999267,0,0
39,TK-1999-0294_4101_HNE,3,True,False,0.0062844652643845,0.012111174701837677,1,2
39,TK-1999-0294_4101_HNE,4,True,False,0.0105268456332672,0.030522021881869157,1,3
39,TK-1999-0294_4101_HNE,5,True,False,0.0173857017995107,0.06026396035006898,2,3
39,TK-1999-0294_4107_HNE,0,True,False,0.0005904423498516,0.0005718897303527285,0,0
39,TK-1999-0294_4107_HNE,1,True,False,0.0020653548401583,0.002142481694541803,0,0
39,TK-1999-0294_4107_HNE,2,True,False,0.0058686740252927,0.005853916426662899,1,1
39,TK-1999-0294_4107_HNE,3,True,False,0.0149374311824703,0.011511238704476637,2,2
39,TK-1999-0294_4107_HNE,4,True,False,0.0439822398883295,0.020687660431122662,3,3
39,TK-1999-0294_4107_HNE,5,True,False,0.1,0.0376180414073291,4,3
39,TK-1999-0294_5401_HNE,0,True,False,0.0005892194836697,0.0007481716790230301,0,0
39,TK-1999-0294_5401_HNE,1,True,False,0.0019061010612771,0.003267486488805578,0,0
39,TK-1999-0294_5401_HNE,2,True,False,0.0029078773379157,0.00826059368506138,0,2
39,TK-1999-0294_5401_HNE,3,True,False,0.0044128108192893,0.016420590657528267,0,2
39,TK-1999-0294_5401_HNE,4,True,False,0.0107943325633907,0.030814837035106152,1,3
39,TK-1999-0294_5401_HNE,5,True,False,0.0219658424826217,0.05243524810289234,2,4
39,EMSC-20200122_0000127_GOMA_HNE,0,True,False,0.0005820389193854,0.0005907429457841814,0,0
39,EMSC-20200122_0000127_GOMA_HNE,1,True,False,0.0019520652803016,0.0014915403476370443,0,0
39,EMSC-20200122_0000127_GOMA_HNE,2,True,False,0.0056981731105958,0.0033972663591781698,1,0
39,EMSC-20200122_0000127_GOMA_HNE,3,True,False,0.0105735071901277,0.0069062639658922995,1,1
39,EMSC-20200122_0000127_GOMA_HNE,4,True,False,0.0172455767488937,0.01202722363095869,2,2
39,EMSC-20200122_0000127_GOMA_HNE,5,True,False,0.0249120553066259,0.02107702862262232,2,2
39,EMSC-20200122_0000127_SOMA_HNN,0,True,False,0.0005756707041851,0.0005583037150495747,0,0
39,EMSC-20200122_0000127_SOMA_HNN,1,True,False,0.0016628091706566,0.0014770038198747724,0,0
39,EMSC-20200122_0000127_SOMA_HNN,2,True,False,0.0044899406814683,0.0032367004668065217,0,0
39,EMSC-20200122_0000127_SOMA_HNN,3,True,False,0.0076647371689333,0.007776356413488818,1,1
39,EMSC-20200122_0000127_SOMA_HNN,4,True,False,0.0126692094246445,0.014603416108771977,2,1
39,EMSC-20200122_0000127_SOMA_HNN,5,True,False,0.0308748491038757,0.02134759337137442,3,2
40,TK-1999-0077_YPT_HNN,4,True,False,0.03687504020115,0.021916800716979608,3,3
40,TK-1999-0077_YPT_HNN,5,True,False,0.1,0.06115099624963315,4,4
40,TK-1999-0077_1612_HNE,0,True,False,0.0007070567405543,0.0005801808561175797,0,0
40,TK-1999-0077_1612_HNE,1,True,False,0.0036660701589248,0.0019289289397533935,0,0
40,TK-1999-0077_YPT_HNN,0,True,False,0.0006245824721981,0.0005808768929016686,0,0
40,TK-1999-0077_YPT_HNN,1,True,False,0.0032384142728248,0.0018445810847545923,0,0
40,TK-1999-0077_YPT_HNN,2,True,False,0.0068166209106739,0.005173872105852222,1,0
40,TK-1999-0077_YPT_HNN,3,True,False,0.0175858231680792,0.011791335741154032,2,1
40,TK-1999-0077_1612_HNE,2,True,False,0.0150417208732377,0.005555840694196631,2,0
40,TK-1999-0077_1612_HNE,3,True,False,0.0295205229410219,0.01137800279784005,2,1
40,TK-1999-0077_1612_HNE,4,True,False,0.0560957899397294,0.017697539232417712,3,2
40,TK-1999-0077_1612_HNE,5,True,False,0.1,0.057848410643717416,4,3
40,TK-1999-0077_4101_HNE,0,True,False,0.0005803429106908,0.0006627338150303623,0,0
40,TK-1999-0077_4101_HNE,1,True,False,0.0017870791205807,0.0025601032706248487,0,0
40,TK-1999-0077_4101_HNE,2,True,False,0.0060614342137092,0.006549161691600088,1,1
40,TK-1999-0077_4101_HNE,3,True,False,0.0105827025992463,0.014186655602574075,1,2
40,TK-1999-0077_4101_HNE,4,True,False,0.0309395131097822,0.02478482070162092,3,3
40,TK-1999-0077_4101_HNE,5,True,False,0.1,0.08204468649754387,4,4
40,TK-1999-0077_4106_HNN,0,True,False,0.0005867889613364,0.0007248833358675788,0,0
40,TK-1999-0077_4106_HNN,1,True,False,0.0022679469397374,0.00400089465073617,0,0
40,TK-1999-0077_4106_HNN,2,True,False,0.0087677032295676,0.015229281515582118,1,2
40,TK-1999-0077_4106_HNN,3,True,False,0.0139884036401685,0.03636672824662,2,2
40,TK-1999-0077_4106_HNN,4,True,False,0.0265969729543435,0.07838192792676744,2,3
40,TK-1999-0077_4106_HNN,5,True,False,0.1,0.11951492465591888,4,4
40,TK-1999-0077_5401_HNE,0,True,False,0.0006518918046601,0.0006925239375250495,0,0
40,TK-1999-0077_5401_HNE,1,True,False,0.0034839340045329,0.003926560201972451,0,0
40,TK-1999-0077_5401_HNE,2,True,False,0.0088994604464656,0.010625002490656087,1,1
40,TK-1999-0077_5401_HNE,3,True,False,0.0264685712308438,0.02518865300402689,2,2
40,TK-1999-0077_5401_HNE,4,True,False,0.0540196818293238,0.04912402625966733,3,4
40,TK-1999-0077_5401_HNE,5,True,False,0.1,0.07104652331944257,4,4
40,TK-1999-0415_487_HNN,0,True,False,0.0005865976925593,0.0006073648435770269,0,0
40,TK-1999-0415_487_HNN,1,True,False,0.0015502450746127,0.0019356309489047228,0,0
40,TK-1999-0415_496_HNN,0,True,False,0.0008565449217352,0.0007810476778943348,0,0
40,TK-1999-0415_496_HNN,1,True,False,0.0048734022052503,0.003948036757503239,0,0
40,TK-1999-0415_496_HNN,2,True,False,0.01026430292717,0.010488078391467086,1,1
40,TK-1999-0415_496_HNN,3,True,False,0.0130699628081087,0.019629619763937962,2,2
40,TK-1999-0415_487_HNN,2,True,False,0.0040797546253297,0.004311262375686925,0,0
40,TK-1999-0415_487_HNN,3,True,False,0.010887549740973,0.007607614090122122,1,1
40,TK-1999-0415_487_HNN,4,True,False,0.0154900796392483,0.013470469395641286,2,2
40,TK-1999-0415_487_HNN,5,True,False,0.0321971915651676,0.026023077949161498,3,2
40,TK-1999-0415_496_HNN,4,True,False,0.0201473042262481,0.02768400463669722,2,2
40,TK-1999-0415_496_HNN,5,True,False,0.052671862912789,0.04783894088137309,3,3
40,TK-1999-0415_498_HNN,0,True,False,0.0006680205888002,0.0006882627249131084,0,0
40,TK-1999-0415_498_HNN,1,True,False,0.0024858220655179,0.002269454640200612,0,0
40,TK-1999-0415_498_HNN,2,True,False,0.0064469832788361,0.00645293414054815,1,1
40,TK-1999-0415_498_HNN,3,True,False,0.0162078517097914,0.012034518517872747,2,2
40,TK-1999-0415_498_HNN,4,True,False,0.0258527498784958,0.025188777456723165,2,2
40,TK-1999-0415_498_HNN,5,True,False,0.0343688504361029,0.036983047968779464,3,2
40,TK-1999-0415_C0362_HNN,0,True,False,0.0006377459895747,0.0005799359758169694,0,0
40,TK-1999-0415_C0362_HNN,1,True,False,0.0024188604417136,0.0015276004949700563,0,0
40,TK-1999-0415_C0362_HNN,2,True,False,0.0083398484878272,0.0035246948568531536,1,0
40,TK-1999-0415_C0362_HNN,3,True,False,0.0147643635772166,0.006302119545882755,2,1
40,TK-1999-0415_C0362_HNN,4,True,False,0.0306597323435518,0.010047472751783105,3,1
40,TK-1999-0415_C0362_HNN,5,True,False,0.0710036976924226,0.01829636203312562,4,2
40,TK-1999-0415_C0375_HNN,0,True,False,0.0006683814520566,0.0010934551007454807,0,0
40,TK-1999-0415_C0375_HNN,1,True,False,0.0040764955485559,0.004296997698554255,0,0
40,TK-1999-0415_C0375_HNN,2,True,False,0.0114925010579446,0.010176080144496584,1,1
40,TK-1999-0415_C0375_HNN,3,True,False,0.0167530537928585,0.016183829416079522,2,2
40,TK-1999-0415_C0375_HNN,4,True,False,0.023479103099897,0.027097488397267264,2,2
40,TK-1999-0415_C0375_HNN,5,True,False,0.0423839421371232,0.0543433644522966,3,3
40,TK-1999-0415_C1058_HNE,0,True,False,0.0006549566971707,0.0006511826514465285,0,0
40,TK-1999-0415_C1058_HNE,1,True,False,0.002927074572201,0.002338278551301572,0,0
40,TK-1999-0415_C1058_HNE,2,True,False,0.0116070113285075,0.00807957373495606,1,0
40,TK-1999-0415_C1058_HNE,3,True,False,0.0298848787109985,0.02104886087688077,2,2
40,TK-1999-0415_C1058_HNE,4,True,False,0.0724070758240436,0.03764822537705431,4,2
40,TK-1999-0415_C1058_HNE,5,True,False,0.1,0.050191790819722144,4,3
40,TK-1999-0415_C1059_HNN,0,True,False,0.0006944433548933,0.0006805678623541358,0,0
40,TK-1999-0415_C1059_HNN,1,True,False,0.0026219308326472,0.0031021666518878527,0,0
40,TK-1999-0415_C1059_HNN,2,True,False,0.0088282326377192,0.008274005169232693,1,1
40,TK-1999-0415_C1059_HNN,3,True,False,0.0165880528064622,0.01590619632624458,2,2
40,TK-1999-0415_C1059_HNN,4,True,False,0.0247368199061855,0.034795272170775014,2,2
40,TK-1999-0415_C1059_HNN,5,True,False,0.0574459940630597,0.050121053863715785,3,3
40,TK-1999-0415_C1060_HNE,0,True,False,0.0006752901637182,0.0006154268843573722,0,0
40,TK-1999-0415_C1060_HNE,1,True,False,0.0025179061320159,0.0018996137487007265,0,0
40,TK-1999-0415_C1060_HNE,2,True,False,0.0044748540547021,0.004820714693657881,0,0
40,TK-1999-0415_C1060_HNE,3,True,False,0.0097031352629213,0.009116485028621883,1,1
40,TK-1999-0415_C1060_HNE,4,True,False,0.0231462550369236,0.013856929531629054,2,2
40,TK-1999-0415_C1060_HNE,5,True,False,0.0479543345534643,0.02638024558989159,3,2
40,TK-1999-0415_C1061_HNE,0,True,False,0.0006310194324275,0.0006528137529363142,0,0
40,TK-1999-0415_C1061_HNE,1,True,False,0.0021127964904555,0.002278761730919186,0,0
40,TK-1999-0415_C1061_HNE,2,True,False,0.0067163173840677,0.006404836743875908,1,1
40,TK-1999-0415_C1061_HNE,3,True,False,0.0134827494866436,0.011161062268859647,2,2
40,TK-1999-0415_C1061_HNE,4,True,False,0.0225490827189023,0.017054156313967825,2,2
40,TK-1999-0415_C1061_HNE,5,True,False,0.0481637505762633,0.03195114613876782,3,3
40,TK-1999-0415_C1062_HNE,0,True,False,0.0005754264326093,0.0006069058831580772,0,0
40,TK-1999-0415_C1062_HNE,1,True,False,0.0021159563039443,0.001962714677027839,0,0
40,TK-1999-0415_C1062_HNE,2,True,False,0.0038161885720556,0.004475609668508962,0,1
40,TK-1999-0415_C1062_HNE,3,True,False,0.0068766292362224,0.009465937348684585,1,1
40,TK-1999-0415_C1062_HNE,4,True,False,0.013153985506162,0.01333865918103255,2,2
40,TK-1999-0415_C1062_HNE,5,True,False,0.0252282608262696,0.031878768391757586,2,3
40,TK-1999-0415_D0531_HNN,0,True,False,0.0006221897571408,0.0005653273855496427,0,0
40,TK-1999-0415_D0531_HNN,1,True,False,0.0018652201481196,0.001614326446570148,0,0
40,TK-1999-0415_D0531_HNN,2,True,False,0.0050346501862645,0.003658786665565267,1,0
40,TK-1999-0415_D0531_HNN,3,True,False,0.0079367746873376,0.007957123903466364,1,1
40,TK-1999-0415_D0531_HNN,4,True,False,0.0126903422658689,0.014542318677493222,2,2
40,TK-1999-0415_D0531_HNN,5,True,False,0.0212180525656303,0.02738549675834086,2,3
40,TK-1999-0415_1401_HNE,0,True,False,0.0006597567835016,0.0006208403794459378,0,0
40,TK-1999-0415_1401_HNE,1,True,False,0.0024298835203577,0.0026156802768909177,0,0
40,TK-1999-0415_1401_HNE,2,True,False,0.0069700147220096,0.007758187221086079,1,0
40,TK-1999-0415_1401_HNE,3,True,False,0.0161332715221535,0.014014107265805084,2,2
40,TK-1999-0415_1401_HNE,4,True,False,0.0255122943044838,0.02215493236089944,2,2
40,TK-1999-0415_1401_HNE,5,True,False,0.0308849211675618,0.03815287178922677,3,3
40,TK-1999-0415_1406_HNN,0,True,False,0.0006333002481296,0.0006479881563580279,0,0
40,TK-1999-0415_1406_HNN,1,True,False,0.0021847435705139,0.0021153372153950765,0,0
40,TK-1999-0415_1406_HNN,2,True,False,0.0041739401465396,0.006071838177524181,0,1
40,TK-1999-0415_1406_HNN,3,True,False,0.0086853971105894,0.010984060120243968,1,1
40,TK-1999-0415_1406_HNN,4,True,False,0.0122072694263687,0.018346083566343718,2,2
40,TK-1999-0415_1406_HNN,5,True,False,0.0242553525026062,0.035388233240008844,2,3
40,TK-1999-0415_8101_HNE,0,True,False,0.0006702532950703,0.0005930529383227037,0,0
40,TK-1999-0415_8101_HNE,1,True,False,0.0027476633987435,0.002586727743034127,0,0
40,TK-1999-0415_8101_HNE,2,True,False,0.0073167037658952,0.006702005451556111,1,0
40,TK-1999-0415_8101_HNE,3,True,False,0.0124167297735905,0.0134454457828678,2,1
40,TK-1999-0415_8101_HNE,4,True,False,0.0193654472846033,0.02220672030744096,2,2
40,TK-1999-0415_8101_HNE,5,True,False,0.0444997544789809,0.04887046846311865,3,4
40,INT-20250810_0000200_AKS_HNN,0,True,False,0.0006199594299366,0.0006211908498968532,0,0
40,INT-20250810_0000200_AKS_HNN,1,True,False,0.0015294591050604,0.0025813924095575763,0,0
40,INT-20250810_0000200_AKS_HNN,2,True,False,0.0041854185444857,0.00682875116497915,0,1
40,INT-20250810_0000200_AKS_HNN,3,True,False,0.0104596254108077,0.012108093383709263,1,2
40,INT-20250810_0000200_AKS_HNN,4,True,False,0.0146431232860754,0.022290557357994754,2,2
40,INT-20250810_0000200_AKS_HNN,5,True,False,0.0207353235988158,0.0393907395390859,2,3
40,INT-20250810_0000200_BALB_HNE,0,True,False,0.0006570002812468,0.0006459242918310256,0,0
40,INT-20250810_0000200_BALB_HNE,1,True,False,0.002462353875289,0.0024177514136347516,0,0
40,INT-20250810_0000200_BALB_HNE,2,True,False,0.0075126256644709,0.006341033164916096,1,1
40,INT-20250810_0000200_BALB_HNE,3,True,False,0.013079222741107,0.012957598217213493,2,1
40,INT-20250810_0000200_BALB_HNE,4,True,False,0.0165857508662926,0.01947130653634041,2,2
40,INT-20250810_0000200_BALB_HNE,5,True,False,0.0310253073164057,0.03633376172398206,3,3
40,INT-20250810_0000200_GORD_HNN,0,True,False,0.0005868538762987,0.0006183311728928321,0,0
40,INT-20250810_0000200_GORD_HNN,1,True,False,0.0015276442759127,0.0019454670345452215,0,0
40,INT-20250810_0000200_SOMA_HNN,0,True,False,0.0006582874674263,0.0006207981181662948,0,0
40,INT-20250810_0000200_SOMA_HNN,1,True,False,0.0014972562335769,0.0018612193695618485,0,0
40,INT-20250810_0000200_SOMA_HNN,2,True,False,0.0047256977213399,0.005685312024675423,0,1
40,INT-20250810_0000200_SOMA_HNN,3,True,False,0.0082057872709105,0.009973722020575851,1,1
40,INT-20250810_0000200_GORD_HNN,2,True,False,0.0038555240529073,0.004167113952966835,0,0
40,INT-20250810_0000200_GORD_HNN,3,True,False,0.0114903556534555,0.007155052542337417,1,1
40,INT-20250810_0000200_GORD_HNN,4,True,False,0.0143576723735883,0.01037752078077261,2,2
40,INT-20250810_0000200_GORD_HNN,5,True,False,0.026524629275311,0.02025496183877497,2,2
40,INT-20250810_0000200_SOMA_HNN,4,True,False,0.0151659683060795,0.01641246604183621,2,2
40,INT-20250810_0000200_SOMA_HNN,5,True,False,0.0225204536652792,0.029584433411123184,2,3
40,TK-1999-0294_1612_HNE,0,True,False,0.0006278267057997,0.0006200310991516533,0,0
40,TK-1999-0294_1612_HNE,1,True,False,0.0015580529046033,0.0018905501468877352,0,0
40,TK-1999-0294_1612_HNE,2,True,False,0.004996113101895,0.005972408588732236,0,1
40,TK-1999-0294_1612_HNE,3,True,False,0.0158802441326971,0.009999687086828139,2,2
40,TK-1999-0294_1612_HNE,4,True,False,0.0235567270175401,0.014651110616086113,2,2
40,TK-1999-0294_1612_HNE,5,True,False,0.0429207567993509,0.027241713894518755,3,3
40,TK-2003-0179_1701_HNN,0,True,False,0.0006413860209651,0.0005808960265720385,0,0
40,TK-2003-0179_1701_HNN,1,True,False,0.0026169194816223,0.001789441458217291,0,0
40,TK-2003-0179_1701_HNN,2,True,False,0.0069741246808307,0.003432766733328201,1,0
40,TK-2003-0179_1701_HNN,3,True,False,0.0103215466258641,0.005698751810613942,1,1
40,TK-2003-0179_1701_HNN,4,True,False,0.0158287038920522,0.008347093024211159,2,2
40,TK-2003-0179_1701_HNN,5,True,False,0.0260762354049766,0.015773733836082736,2,2
40,TK-1999-0294_4101_HNE,0,True,False,0.0006456815147575,0.0005934010786972784,0,0
40,TK-1999-0294_4101_HNE,1,True,False,0.0019383489739176,0.0024457805241827816,0,0
40,TK-1999-0294_4101_HNE,2,True,False,0.0045107210544215,0.007377495522964983,0,1
40,TK-1999-0294_4101_HNE,3,True,False,0.008259814503019,0.016312068482645874,1,2
40,TK-1999-0294_4101_HNE,4,True,False,0.0131789765042646,0.026092543923838033,2,3
40,TK-1999-0294_4101_HNE,5,True,False,0.0213266160274384,0.04082121978053207,2,3
40,TK-1999-0294_4107_HNE,0,True,False,0.0006216140103963,0.0005778213883485767,0,0
40,TK-1999-0294_4107_HNE,1,True,False,0.0021464873685816,0.002087029460999397,0,0
40,TK-1999-0294_4107_HNE,2,True,False,0.006175319707123,0.005882562308508132,1,1
40,TK-1999-0294_4107_HNE,3,True,False,0.0150897879622777,0.010280300414991131,2,2
40,TK-1999-0294_4107_HNE,4,True,False,0.0300220780506095,0.01591000400751887,3,2
40,TK-1999-0294_4107_HNE,5,True,False,0.0616281402912095,0.030751895153944407,4,3
40,TK-1999-0294_5401_HNE,0,True,False,0.0006140300332993,0.0011042858874033305,0,0
40,TK-1999-0294_5401_HNE,1,True,False,0.0021735183094501,0.006186985678386575,0,0
40,TK-1999-0294_5401_HNE,2,True,False,0.0060342752109192,0.012143884255944561,1,1
40,TK-1999-0294_5401_HNE,3,True,False,0.0104904449710483,0.021142145596634573,1,2
40,TK-1999-0294_5401_HNE,4,True,False,0.0159927088000515,0.03508904102805575,2,2
40,TK-1999-0294_5401_HNE,5,True,False,0.0365554136305108,0.06414175331255459,3,4
40,EMSC-20200122_0000127_GOMA_HNE,0,True,False,0.0006024519267016,0.0005835092111857896,0,0
40,EMSC-20200122_0000127_GOMA_HNE,1,True,False,0.0019037944198079,0.0014742835133005137,0,0
40,EMSC-20200122_0000127_GOMA_HNE,2,True,False,0.0042457562521793,0.003128549061340184,0,0
40,EMSC-20200122_0000127_GOMA_HNE,3,True,False,0.0070884166315462,0.006832902393714591,1,1
40,EMSC-20200122_0000127_GOMA_HNE,4,True,False,0.0121405901329957,0.010730191230951534,2,2
40,EMSC-20200122_0000127_GOMA_HNE,5,True,False,0.0154902756588496,0.01756929899066405,2,2
40,EMSC-20200122_0000127_SOMA_HNN,0,True,False,0.0006338198710094,0.0005717195917904297,0,0
40,EMSC-20200122_0000127_SOMA_HNN,1,True,False,0.001404742330768,0.0016908128176926066,0,0
40,EMSC-20200122_0000127_SOMA_HNN,2,True,False,0.0035075462871338,0.0038443370982520508,0,0
40,EMSC-20200122_0000127_SOMA_HNN,3,True,False,0.0063679583518697,0.00930040382844698,1,1
40,EMSC-20200122_0000127_SOMA_HNN,4,True,False,0.0129784643832723,0.013026242805621856,2,2
40,EMSC-20200122_0000127_SOMA_HNN,5,True,False,0.0235221484531372,0.021665719212241724,2,2
41,TK-1999-0077_YPT_HNN,0,True,False,0.0003403422568304,0.00033209104293867336,0,0
41,TK-1999-0077_YPT_HNN,1,True,False,0.0010561602102145,0.0010728371174366454,0,0
41,TK-1999-0077_YPT_HNN,2,True,False,0.003221427677361,0.003140655091819929,0,0
41,TK-1999-0077_YPT_HNN,3,True,False,0.0131727912524334,0.005592497525773902,2,1
41,TK-1999-0077_YPT_HNN,4,True,False,0.0316960760208329,0.014729349427047055,3,2
41,TK-1999-0077_YPT_HNN,5,True,False,0.1,0.05253260577332493,4,4
41,TK-1999-0077_1612_HNE,0,True,False,0.0003400834276695,0.00032574424302645756,0,0
41,TK-1999-0077_1612_HNE,1,True,False,0.0010808979599207,0.0010718157494482873,0,0
41,TK-1999-0077_4101_HNE,0,True,False,0.0003352608646603,0.00032489003654827194,0,0
41,TK-1999-0077_4101_HNE,1,True,False,0.0011286807342507,0.001042164962482815,0,0
41,TK-1999-0077_4101_HNE,2,True,False,0.0028834734442915,0.002513195969776272,0,0
41,TK-1999-0077_4101_HNE,3,True,False,0.0096915291583811,0.006026564763997558,1,2
41,TK-1999-0077_1612_HNE,2,True,False,0.0043567137352691,0.002832653795135169,0,0
41,TK-1999-0077_1612_HNE,3,True,False,0.0105063453677607,0.006085697215154216,1,1
41,TK-1999-0077_1612_HNE,4,True,False,0.0405231714612564,0.013134176214807981,3,2
41,TK-1999-0077_1612_HNE,5,True,False,0.0954622410948455,0.03247774231009056,4,3
41,TK-1999-0077_4101_HNE,4,True,False,0.0191930327985019,0.012904349938073885,2,1
41,TK-1999-0077_4101_HNE,5,True,False,0.0708289852215031,0.06484995448319601,4,4
41,TK-1999-0077_4106_HNN,0,True,False,0.0003468188093135,0.0003575200321504428,0,0
41,TK-1999-0077_4106_HNN,1,True,False,0.0014523571727641,0.001230782608107262,0,0
41,TK-1999-0077_4106_HNN,2,True,False,0.0045420012887632,0.00561906824367714,0,0
41,TK-1999-0077_4106_HNN,3,True,False,0.0113861302682761,0.01882398676793651,1,1
41,TK-1999-0077_4106_HNN,4,True,False,0.0182247836642934,0.05235236723713537,2,3
41,TK-1999-0077_4106_HNN,5,True,False,0.0749840358110973,0.14152164821301066,4,4
41,TK-1999-0077_5401_HNE,0,True,False,0.0003308504856703,0.00037023879359757833,0,0
41,TK-1999-0077_5401_HNE,1,True,False,0.0009663129787735,0.0013447420417115768,0,0
41,TK-1999-0077_5401_HNE,2,True,False,0.0028212867673141,0.005421463700087227,0,0
41,TK-1999-0077_5401_HNE,3,True,False,0.0050759204062146,0.0165355845336119,1,1
41,TK-1999-0077_5401_HNE,4,True,False,0.011019417103656,0.037129426543864356,1,3
41,TK-1999-0077_5401_HNE,5,True,False,0.0633222798578447,0.08034285878678546,4,4
41,TK-1999-0415_487_HNN,0,True,False,0.0003470341314275,0.0003081714625123896,0,0
41,TK-1999-0415_487_HNN,1,True,False,0.0014926721158149,0.0009111921830436005,0,0
41,TK-1999-0415_496_HNN,0,True,False,0.0003336090403025,0.00032370754103705376,0,0
41,TK-1999-0415_496_HNN,1,True,False,0.0009209130173532,0.0009495922360945219,0,0
41,TK-1999-0415_496_HNN,2,True,False,0.0020234677175131,0.002025628510845226,0,0
41,TK-1999-0415_496_HNN,3,True,False,0.0023157478093151,0.0038323431056797386,0,0
41,TK-1999-0415_487_HNN,2,True,False,0.0029667078857594,0.002085332171551301,0,0
41,TK-1999-0415_487_HNN,3,True,False,0.0093586224644013,0.0033752282423326688,1,0
41,TK-1999-0415_487_HNN,4,True,False,0.012095354522183,0.00618170294113051,2,1
41,TK-1999-0415_487_HNN,5,True,False,0.0185449921730222,0.012826940022964764,2,2
41,TK-1999-0415_496_HNN,4,True,False,0.0048738565521824,0.006161814422058399,0,1
41,TK-1999-0415_496_HNN,5,True,False,0.0127863673977302,0.015018904147571102,2,2
41,TK-1999-0415_498_HNN,0,True,False,0.0003379890011065,0.00035669174806646334,0,0
41,TK-1999-0415_498_HNN,1,True,False,0.0010302923374353,0.001021769470983594,0,0
41,TK-1999-0415_498_HNN,2,True,False,0.0016198513765087,0.002280751677336079,0,0
41,TK-1999-0415_498_HNN,3,True,False,0.0032543371598015,0.003549243951575827,0,0
41,TK-1999-0415_498_HNN,4,True,False,0.005354114234682,0.007205867650346053,1,1
41,TK-1999-0415_498_HNN,5,True,False,0.01146788101582,0.013907743239587274,1,2
41,TK-1999-0415_C0362_HNN,0,True,False,0.0003419934150611,0.00036088751250404154,0,0
41,TK-1999-0415_C0362_HNN,1,True,False,0.0016211688250037,0.0012076865811654022,0,0
41,TK-1999-0415_C0362_HNN,2,True,False,0.010629190496796,0.003841729453755847,1,0
41,TK-1999-0415_C0362_HNN,3,True,False,0.0254887967575105,0.007946057978835571,2,1
41,TK-1999-0415_C0362_HNN,4,True,False,0.0730266870226774,0.017170471417408094,4,2
41,TK-1999-0415_C0362_HNN,5,True,False,0.1,0.04120288721763141,4,2
41,TK-1999-0415_C0375_HNN,0,True,False,0.0003514489776733,0.0003416170465040329,0,0
41,TK-1999-0415_C0375_HNN,1,True,False,0.0016709642113659,0.001028835708704226,0,0
41,TK-1999-0415_C0375_HNN,2,True,False,0.0022163066547586,0.002159002139662452,0,0
41,TK-1999-0415_C0375_HNN,3,True,False,0.0028421170474555,0.004297806898629795,0,0
41,TK-1999-0415_C0375_HNN,4,True,False,0.0039175859634382,0.006925372439929435,0,1
41,TK-1999-0415_C0375_HNN,5,True,False,0.0061659160456933,0.012503740100516721,1,1
41,TK-1999-0415_C1058_HNE,0,True,False,0.0003561209638081,0.00037225157508968045,0,0
41,TK-1999-0415_C1058_HNE,1,True,False,0.0012847257264659,0.0015835766228138512,0,0
41,TK-1999-0415_C1058_HNE,2,True,False,0.0047663438652833,0.00767309237381449,0,1
41,TK-1999-0415_C1058_HNE,3,True,False,0.010238532064692,0.019193682315988485,1,2
41,TK-1999-0415_C1058_HNE,4,True,False,0.0626198333651807,0.05192026720003456,4,4
41,TK-1999-0415_C1058_HNE,5,True,False,0.1,0.07015771173140666,4,4
41,TK-1999-0415_C1059_HNN,0,True,False,0.0003198676432861,0.0003595739977280126,0,0
41,TK-1999-0415_C1059_HNN,1,True,False,0.0009225442453772,0.0011789322748894104,0,0
41,TK-1999-0415_C1059_HNN,2,True,False,0.0019837520091303,0.0030575260025026314,0,0
41,TK-1999-0415_C1059_HNN,3,True,False,0.0039748878786082,0.0058695750871635205,0,1
41,TK-1999-0415_C1059_HNN,4,True,False,0.0085634225805739,0.009733682967616153,1,1
41,TK-1999-0415_C1059_HNN,5,True,False,0.0133079549392471,0.01876539666392275,2,2
41,TK-1999-0415_C1060_HNE,0,True,False,0.0003334685377026,0.00034633274955458147,0,0
41,TK-1999-0415_C1060_HNE,1,True,False,0.0009680694284216,0.0011687531581000715,0,0
41,TK-1999-0415_C1060_HNE,2,True,False,0.0025530348739571,0.003413500930379533,0,0
41,TK-1999-0415_C1060_HNE,3,True,False,0.0048237599142782,0.006765265327644094,0,1
41,TK-1999-0415_C1060_HNE,4,True,False,0.0109902370643562,0.011156988431479966,1,1
41,TK-1999-0415_C1060_HNE,5,True,False,0.0275828205848962,0.02221424954122938,2,2
41,TK-1999-0415_C1061_HNE,0,True,False,0.0003249859322243,0.00035148904111836156,0,0
41,TK-1999-0415_C1061_HNE,1,True,False,0.0009372718864019,0.001037681152332347,0,0
41,TK-1999-0415_C1061_HNE,2,True,False,0.001567505740328,0.0019510833022014227,0,0
41,TK-1999-0415_C1061_HNE,3,True,False,0.0031528921267065,0.003357545891549247,0,0
41,TK-1999-0415_C1061_HNE,4,True,False,0.0049939411924576,0.0058409571759348265,0,1
41,TK-1999-0415_C1061_HNE,5,True,False,0.0068499428081899,0.009743145715402734,1,2
41,TK-1999-0415_C1062_HNE,0,True,False,0.0003373119476386,0.00034242630353480423,0,0
41,TK-1999-0415_C1062_HNE,1,True,False,0.0010058600395842,0.0009243187077117767,0,0
41,TK-1999-0415_C1062_HNE,2,True,False,0.002189864849599,0.001776982462690699,0,0
41,TK-1999-0415_C1062_HNE,3,True,False,0.0030030607172705,0.0031443728421814863,0,0
41,TK-1999-0415_C1062_HNE,4,True,False,0.005815043010571,0.006169376025680616,1,1
41,TK-1999-0415_C1062_HNE,5,True,False,0.0126935201919803,0.01300933777559645,2,1
41,TK-1999-0415_D0531_HNN,0,True,False,0.0003337338210616,0.00031952470474745984,0,0
41,TK-1999-0415_D0531_HNN,1,True,False,0.0010267281052541,0.0009955817242783182,0,0
41,TK-1999-0415_D0531_HNN,2,True,False,0.0024303654389174,0.0018636527726434778,0,0
41,TK-1999-0415_D0531_HNN,3,True,False,0.0068463343097364,0.0031842850796480983,1,0
41,TK-1999-0415_D0531_HNN,4,True,False,0.009844277677656,0.0052948607345522924,1,0
41,TK-1999-0415_D0531_HNN,5,True,False,0.0146562142824033,0.009577148453948922,2,1
41,TK-1999-0415_1401_HNE,0,True,False,0.0003395022146104,0.00035149290034205884,0,0
41,TK-1999-0415_1401_HNE,1,True,False,0.0011263829686654,0.0013718193203409955,0,0
41,TK-1999-0415_1401_HNE,2,True,False,0.0038895116819882,0.004941055832013354,0,0
41,TK-1999-0415_1401_HNE,3,True,False,0.0104069424687013,0.00936477906071708,1,1
41,TK-1999-0415_1401_HNE,4,True,False,0.0284205478816735,0.018466657612751822,2,2
41,TK-1999-0415_1401_HNE,5,True,False,0.0810465969987772,0.04153428825110203,4,3
41,TK-1999-0415_1406_HNN,0,True,False,0.0003343566455919,0.00034109570674685415,0,0
41,TK-1999-0415_1406_HNN,1,True,False,0.0009346402536408,0.0011097645953748786,0,0
41,TK-1999-0415_1406_HNN,2,True,False,0.0017411798448512,0.0028816546604852394,0,0
41,TK-1999-0415_1406_HNN,3,True,False,0.0021579681896011,0.005343286677018393,0,1
41,TK-1999-0415_1406_HNN,4,True,False,0.0054410416705043,0.010211801035431406,1,1
41,TK-1999-0415_1406_HNN,5,True,False,0.011873410245584,0.017773824734373927,1,2
41,TK-1999-0415_8101_HNE,0,True,False,0.0003396176015391,0.0003389179911445657,0,0
41,TK-1999-0415_8101_HNE,1,True,False,0.0010502390705394,0.0011610414048550239,0,0
41,TK-1999-0415_8101_HNE,2,True,False,0.0020156140421926,0.0035162954416438704,0,0
41,TK-1999-0415_8101_HNE,3,True,False,0.0088667052912239,0.009379627941826223,1,1
41,TK-1999-0415_8101_HNE,4,True,False,0.0263895848186644,0.019513136031285974,2,3
41,TK-1999-0415_8101_HNE,5,True,False,0.0559619282191686,0.05290217756632547,3,4
41,INT-20250810_0000200_AKS_HNN,0,True,False,0.0003294476049756,0.00033627090368784,0,0
41,INT-20250810_0000200_AKS_HNN,1,True,False,0.0008900739551167,0.0010860398386023649,0,0
41,INT-20250810_0000200_AKS_HNN,2,True,False,0.0030782455222704,0.0032460069071373436,0,0
41,INT-20250810_0000200_AKS_HNN,3,True,False,0.005488046930751,0.0062785131429678315,1,1
41,INT-20250810_0000200_AKS_HNN,4,True,False,0.0092534887400909,0.011879971328167746,1,1
41,INT-20250810_0000200_AKS_HNN,5,True,False,0.0114236926374561,0.025139742365299055,1,2
41,INT-20250810_0000200_BALB_HNE,0,True,False,0.0003484715815531,0.0003576884723464937,0,0
41,INT-20250810_0000200_BALB_HNE,1,True,False,0.0012148087322126,0.001300531039340199,0,0
41,INT-20250810_0000200_BALB_HNE,2,True,False,0.0030971057820425,0.004303863037984017,0,1
41,INT-20250810_0000200_BALB_HNE,3,True,False,0.0064087639714983,0.0103210180827183,1,1
41,INT-20250810_0000200_BALB_HNE,4,True,False,0.012536967094194,0.01724478319453958,2,2
41,INT-20250810_0000200_BALB_HNE,5,True,False,0.0239366749620088,0.029952785129473868,2,2
41,INT-20250810_0000200_GORD_HNN,0,True,False,0.0003460795228245,0.0003470237980323112,0,0
41,INT-20250810_0000200_GORD_HNN,1,True,False,0.001139401495086,0.0010728700999902863,0,0
41,INT-20250810_0000200_GORD_HNN,2,True,False,0.0049021996937717,0.0024772102030996873,0,0
41,INT-20250810_0000200_GORD_HNN,3,True,False,0.0097993851559067,0.004179611833378251,1,1
41,INT-20250810_0000200_GORD_HNN,4,True,False,0.0146552379761019,0.00850762577271727,2,1
41,INT-20250810_0000200_GORD_HNN,5,True,False,0.026751692102485,0.01542815808544352,2,2
41,INT-20250810_0000200_SOMA_HNN,0,True,False,0.0003311878352176,0.0003577727222014589,0,0
41,INT-20250810_0000200_SOMA_HNN,1,True,False,0.0009696513567786,0.0011823863023242174,0,0
41,INT-20250810_0000200_SOMA_HNN,2,True,False,0.0030389290957689,0.003069441458560553,0,0
41,INT-20250810_0000200_SOMA_HNN,3,True,False,0.0049398648285045,0.0072924395703018625,0,1
41,INT-20250810_0000200_SOMA_HNN,4,True,False,0.0091264847352831,0.012194319238411829,1,2
41,INT-20250810_0000200_SOMA_HNN,5,True,False,0.0141783474606646,0.02170140090629379,2,2
41,TK-1999-0294_1612_HNE,0,True,False,0.00034245193352,0.00034720902200053303,0,0
41,TK-1999-0294_1612_HNE,1,True,False,0.001173864446617,0.001181944344215026,0,0
41,TK-1999-0294_1612_HNE,2,True,False,0.0039878680277321,0.003860855181015379,0,0
41,TK-1999-0294_1612_HNE,3,True,False,0.011182321433182,0.009866758089948881,1,1
41,TK-1999-0294_1612_HNE,4,True,False,0.0203171959326439,0.018584294748120463,2,2
41,TK-1999-0294_1612_HNE,5,True,False,0.0418815142601125,0.04300394766140579,3,4
41,TK-2003-0179_1701_HNN,0,True,False,0.0003457302920062,0.00034516030909097234,0,0
41,TK-2003-0179_1701_HNN,1,True,False,0.00117772791124,0.0011530171467905447,0,0
41,TK-2003-0179_1701_HNN,2,True,False,0.0053660698160366,0.00292118462213099,1,0
41,TK-2003-0179_1701_HNN,3,True,False,0.0164457402281046,0.005836341549539735,2,1
41,TK-2003-0179_1701_HNN,4,True,False,0.0282444219614289,0.00978411772018275,2,1
41,TK-2003-0179_1701_HNN,5,True,False,0.0613022344119219,0.019650763369839036,4,2
41,TK-1999-0294_4101_HNE,0,True,False,0.0003395256273655,0.00034282713371251207,0,0
41,TK-1999-0294_4101_HNE,1,True,False,0.0010346429454174,0.0011363196251463162,0,0
41,TK-1999-0294_4101_HNE,2,True,False,0.0038930268362211,0.003246397186372888,0,0
41,TK-1999-0294_4101_HNE,3,True,False,0.0056596548497293,0.008462758164568294,1,2
41,TK-1999-0294_4101_HNE,4,True,False,0.0083936479925884,0.019404905598300784,1,3
41,TK-1999-0294_4101_HNE,5,True,False,0.020619473407386,0.06121321745089304,2,4
41,TK-1999-0294_4107_HNE,0,True,False,0.0003464641604655,0.0003316872873365452,0,0
41,TK-1999-0294_4107_HNE,1,True,False,0.0012966580417256,0.0011705729273004874,0,0
41,TK-1999-0294_4107_HNE,2,True,False,0.0052157454477694,0.0056317547000246816,1,0
41,TK-1999-0294_4107_HNE,3,True,False,0.0144950975554581,0.012915320968541963,2,2
41,TK-1999-0294_4107_HNE,4,True,False,0.0507648952494956,0.025377599298413073,3,3
41,TK-1999-0294_4107_HNE,5,True,False,0.1,0.046978763703954166,4,4
41,TK-1999-0294_5401_HNE,0,True,False,0.0003191738880801,0.00047742248004022743,0,0
41,TK-1999-0294_5401_HNE,1,True,False,0.0010252097404574,0.0031334219873752475,0,0
41,EMSC-20200122_0000127_GOMA_HNE,0,True,False,0.0003367308708027,0.00035266477962333245,0,0
41,EMSC-20200122_0000127_GOMA_HNE,1,True,False,0.0010270769224964,0.0010365800044394695,0,0
41,EMSC-20200122_0000127_GOMA_HNE,2,True,False,0.0034839067350496,0.002923233225705912,0,0
41,EMSC-20200122_0000127_GOMA_HNE,3,True,False,0.0086388423910703,0.006989052250246576,1,1
41,TK-1999-0294_5401_HNE,2,True,False,0.005899274689709,0.00920730031863445,1,0
41,TK-1999-0294_5401_HNE,3,True,False,0.0092353774202923,0.018459202759775806,1,1
41,TK-1999-0294_5401_HNE,4,True,False,0.0118591137378911,0.04410938591001331,1,2
41,TK-1999-0294_5401_HNE,5,True,False,0.0250426582281484,0.058090033173472735,2,4
41,EMSC-20200122_0000127_GOMA_HNE,4,True,False,0.0163023226766916,0.012611951012874007,2,2
41,EMSC-20200122_0000127_GOMA_HNE,5,True,False,0.0314392698040061,0.020051711228975606,3,2
41,EMSC-20200122_0000127_SOMA_HNN,0,True,False,0.0003424897480894,0.0003155651263916361,0,0
41,EMSC-20200122_0000127_SOMA_HNN,1,True,False,0.0009335920071689,0.0009967733770103674,0,0
41,EMSC-20200122_0000127_SOMA_HNN,2,True,False,0.0026829697033296,0.002418598376104441,0,0
41,EMSC-20200122_0000127_SOMA_HNN,3,True,False,0.0040085405471716,0.004582088074273467,0,1
41,EMSC-20200122_0000127_SOMA_HNN,4,True,False,0.0066054340842287,0.007164462294300317,1,1
41,EMSC-20200122_0000127_SOMA_HNN,5,True,False,0.0174202595154491,0.017809367613762877,2,2
42,TK-1999-0077_YPT_HNN,4,True,False,0.0367843006366493,0.022909419300949,3,2
42,TK-1999-0077_YPT_HNN,5,True,False,0.1,0.05359613677479788,4,4
42,TK-1999-0077_1612_HNE,0,True,False,0.0007682257492592,0.0006393156304291988,0,0
42,TK-1999-0077_1612_HNE,1,True,False,0.0042371848728518,0.002001475854214733,0,0
42,TK-1999-0077_YPT_HNN,0,True,False,0.0007703700964232,0.0006377739223274749,0,0
42,TK-1999-0077_YPT_HNN,1,True,False,0.0021214243988854,0.002190377408025203,0,0
42,TK-1999-0077_YPT_HNN,2,True,False,0.0070339903387062,0.005581265878570494,1,0
42,TK-1999-0077_YPT_HNN,3,True,False,0.0154116138125739,0.011137445529754951,2,2
42,TK-1999-0077_4101_HNE,0,True,False,0.0006812849760278,0.0008205277172226312,0,0
42,TK-1999-0077_4101_HNE,1,True,False,0.00308334732245,0.00352654518676796,0,0
42,TK-1999-0077_4101_HNE,2,True,False,0.0086550246474036,0.008753102958562482,1,2
42,TK-1999-0077_4101_HNE,3,True,False,0.0267242121400424,0.019445065871045185,2,2
42,TK-1999-0077_1612_HNE,2,True,False,0.0131516380707846,0.004340887067640096,2,0
42,TK-1999-0077_1612_HNE,3,True,False,0.019330387450994,0.008110842381991182,2,1
42,TK-1999-0077_1612_HNE,4,True,False,0.0307343403165485,0.013868786563497687,3,2
42,TK-1999-0077_1612_HNE,5,True,False,0.0630413629756597,0.0421106006981785,4,4
42,TK-1999-0077_4101_HNE,4,True,False,0.0839608996004834,0.05500429705455827,4,3
42,TK-1999-0077_4101_HNE,5,True,False,0.1,0.09804784014037854,4,4
42,TK-1999-0077_4106_HNN,0,True,False,0.0008713050854647,0.0009806773094294201,0,0
42,TK-1999-0077_4106_HNN,1,True,False,0.0039301717864071,0.007200604309891683,0,1
42,TK-1999-0077_4106_HNN,2,True,False,0.0062283409741287,0.02256484204097085,1,2
42,TK-1999-0077_4106_HNN,3,True,False,0.0203722110761527,0.045475781426996494,2,2
42,TK-1999-0077_4106_HNN,4,True,False,0.0868550203963701,0.07973817353880153,4,3
42,TK-1999-0077_4106_HNN,5,True,False,0.1,0.12563598829155523,4,4
42,TK-1999-0077_5401_HNE,0,True,False,0.0007259645314659,0.0007439147021676894,0,0
42,TK-1999-0077_5401_HNE,1,True,False,0.0029697527999457,0.004309754992258978,0,0
42,TK-1999-0077_5401_HNE,2,True,False,0.0101058311939028,0.011481269974139004,1,1
42,TK-1999-0077_5401_HNE,3,True,False,0.0245175122647856,0.025914900304135645,2,2
42,TK-1999-0077_5401_HNE,4,True,False,0.0453413830659216,0.05082092063529054,3,4
42,TK-1999-0077_5401_HNE,5,True,False,0.1,0.06636775258598877,4,4
42,TK-1999-0415_487_HNN,0,True,False,0.0007188018402693,0.0007786036115844503,0,0
42,TK-1999-0415_487_HNN,1,True,False,0.0031702669907633,0.002777045603583987,0,0
42,TK-1999-0415_496_HNN,0,True,False,0.0011481587516599,0.0008565305035909696,0,0
42,TK-1999-0415_496_HNN,1,True,False,0.003376116849553,0.003508963819075532,0,0
42,TK-1999-0415_496_HNN,2,True,False,0.006573697654142,0.010274009648773884,1,1
42,TK-1999-0415_496_HNN,3,True,False,0.0121654729082699,0.01671552776786049,2,2
42,TK-1999-0415_487_HNN,2,True,False,0.0079984261163382,0.00682557663439385,1,1
42,TK-1999-0415_487_HNN,3,True,False,0.0162042432708153,0.012491867084590663,2,2
42,TK-1999-0415_487_HNN,4,True,False,0.0275068855939859,0.021476908385607608,2,2
42,TK-1999-0415_487_HNN,5,True,False,0.0736474272471642,0.054394000339627324,4,3
42,TK-1999-0415_496_HNN,4,True,False,0.020255091934597,0.02666265784498258,2,2
42,TK-1999-0415_496_HNN,5,True,False,0.0390059260625486,0.05205800573251831,3,3
42,TK-1999-0415_498_HNN,0,True,False,0.0008793240708039,0.0007873641249558833,0,0
42,TK-1999-0415_498_HNN,1,True,False,0.0027449892763624,0.003132063337384975,0,0
42,TK-1999-0415_498_HNN,2,True,False,0.0091263617518263,0.007275916282926384,1,1
42,TK-1999-0415_498_HNN,3,True,False,0.0133051873485584,0.015431330327590994,2,2
42,TK-1999-0415_498_HNN,4,True,False,0.0215216809426632,0.027229176903194367,2,2
42,TK-1999-0415_498_HNN,5,True,False,0.0547415487199044,0.045278672281367414,3,3
42,TK-1999-0415_C0362_HNN,0,True,False,0.0006825829634363,0.0006700953265600599,0,0
42,TK-1999-0415_C0362_HNN,1,True,False,0.0030759432254544,0.0017503396837995604,0,0
42,TK-1999-0415_C0362_HNN,2,True,False,0.0082860604674145,0.0035573275639249704,1,0
42,TK-1999-0415_C0362_HNN,3,True,False,0.0140039479567047,0.006268491043056918,2,1
42,TK-1999-0415_C0362_HNN,4,True,False,0.0245146725112777,0.010035066991484596,2,1
42,TK-1999-0415_C0362_HNN,5,True,False,0.0637428747809363,0.01799544031479411,4,2
42,TK-1999-0415_C0375_HNN,0,True,False,0.0011752273060975,0.001033488364701711,0,0
42,TK-1999-0415_C0375_HNN,1,True,False,0.0038679672674217,0.004297698367323363,0,0
42,TK-1999-0415_C0375_HNN,2,True,False,0.0109010819094468,0.00995323784434286,1,1
42,TK-1999-0415_C0375_HNN,3,True,False,0.0166970609275537,0.01644663181380671,2,2
42,TK-1999-0415_C0375_HNN,4,True,False,0.0202277957068353,0.02876924507451083,2,2
42,TK-1999-0415_C0375_HNN,5,True,False,0.0425040824567461,0.06014304527273931,3,3
42,TK-1999-0415_C1058_HNE,0,True,False,0.0007372195420859,0.0006584187466746335,0,0
42,TK-1999-0415_C1058_HNE,1,True,False,0.003677419744696,0.002518235511780522,0,0
42,TK-1999-0415_C1058_HNE,2,True,False,0.0158337006619397,0.008806517279794202,2,1
42,TK-1999-0415_C1058_HNE,3,True,False,0.0250280235880288,0.021143689330172105,2,2
42,TK-1999-0415_C1058_HNE,4,True,False,0.0730399533485517,0.03833946594661865,4,2
42,TK-1999-0415_C1058_HNE,5,True,False,0.1,0.05595637649776671,4,4
42,TK-1999-0415_C1059_HNN,0,True,False,0.0008633234466685,0.0008818805713166425,0,0
42,TK-1999-0415_C1059_HNN,1,True,False,0.003674658613401,0.00398920272002912,0,0
42,TK-1999-0415_C1059_HNN,2,True,False,0.0088508372668578,0.009873233102770091,1,1
42,TK-1999-0415_C1059_HNN,3,True,False,0.0173931952029294,0.019631942183257516,2,2
42,TK-1999-0415_C1059_HNN,4,True,False,0.0311808965801999,0.03979856957538686,3,3
42,TK-1999-0415_C1059_HNN,5,True,False,0.1,0.06644171938772721,4,4
42,TK-1999-0415_C1060_HNE,0,True,False,0.0009221863763589,0.0007210485630328077,0,0
42,TK-1999-0415_C1060_HNE,1,True,False,0.0023398434414886,0.0026024528031251995,0,0
42,TK-1999-0415_C1060_HNE,2,True,False,0.0078010198902848,0.005984151404094356,1,1
42,TK-1999-0415_C1060_HNE,3,True,False,0.017167335184508,0.010131606083432524,2,1
42,TK-1999-0415_C1060_HNE,4,True,False,0.0280917380518528,0.01855002085940228,2,2
42,TK-1999-0415_C1060_HNE,5,True,False,0.0631222685485679,0.04309194294966176,4,3
42,TK-1999-0415_C1061_HNE,0,True,False,0.0011000924570163,0.0008705301389172318,0,0
42,TK-1999-0415_C1061_HNE,1,True,False,0.0060691291215497,0.003955397563492731,1,0
42,TK-1999-0415_C1061_HNE,2,True,False,0.0126553014683746,0.008753069321735097,2,1
42,TK-1999-0415_C1061_HNE,3,True,False,0.0207134757556309,0.014740140241220735,2,2
42,TK-1999-0415_C1061_HNE,4,True,False,0.0392975270873393,0.021910545040232432,3,2
42,TK-1999-0415_C1061_HNE,5,True,False,0.1,0.044345337376715414,4,3
42,TK-1999-0415_C1062_HNE,0,True,False,0.0007027668190803,0.0006591822270533179,0,0
42,TK-1999-0415_C1062_HNE,1,True,False,0.0014251629205322,0.0021791966039045514,0,0
42,TK-1999-0415_C1062_HNE,2,True,False,0.0046335058995393,0.004901056800756863,0,1
42,TK-1999-0415_C1062_HNE,3,True,False,0.010050778447258,0.009340662572107266,1,1
42,TK-1999-0415_C1062_HNE,4,True,False,0.0140071717856482,0.013027480010659337,2,2
42,TK-1999-0415_C1062_HNE,5,True,False,0.024276116194459,0.03160290537016712,2,3
42,TK-1999-0415_D0531_HNN,0,True,False,0.0007303442432223,0.000650169610968842,0,0
42,TK-1999-0415_D0531_HNN,1,True,False,0.0022128056105163,0.0023244355589492837,0,0
42,TK-1999-0415_D0531_HNN,2,True,False,0.0052053703060108,0.006487502261935187,1,1
42,TK-1999-0415_D0531_HNN,3,True,False,0.0115462260089786,0.011482826914982017,1,2
42,TK-1999-0415_D0531_HNN,4,True,False,0.0167648735460432,0.017855760997217085,2,2
42,TK-1999-0415_D0531_HNN,5,True,False,0.0368686730020491,0.04201931496964898,3,3
42,TK-1999-0415_1401_HNE,0,True,False,0.0006973115259308,0.0007157900890330599,0,0
42,TK-1999-0415_1401_HNE,1,True,False,0.0023610598743909,0.0032600632962301096,0,0
42,TK-1999-0415_1401_HNE,2,True,False,0.0068381458336297,0.0076963925826280186,1,1
42,TK-1999-0415_1401_HNE,3,True,False,0.0125634903274844,0.012768707299974227,2,2
42,TK-1999-0415_1401_HNE,4,True,False,0.0152812799360251,0.02111232608895318,2,2
42,TK-1999-0415_1401_HNE,5,True,False,0.0224253586661454,0.037325325435594185,2,3
42,TK-1999-0415_1406_HNN,0,True,False,0.000670829311428,0.0006994955807285015,0,0
42,TK-1999-0415_1406_HNN,1,True,False,0.0016520268045846,0.002451968706169448,0,0
42,TK-1999-0415_1406_HNN,2,True,False,0.004689102068587,0.006226517930484886,0,1
42,TK-1999-0415_1406_HNN,3,True,False,0.0079674170868636,0.010575044827626374,1,1
42,TK-1999-0415_1406_HNN,4,True,False,0.0135658319882568,0.017903744577844497,2,2
42,TK-1999-0415_1406_HNN,5,True,False,0.0333722750094159,0.03611166115529186,3,3
42,TK-1999-0415_8101_HNE,0,True,False,0.0006916015797687,0.0006836267977287286,0,0
42,TK-1999-0415_8101_HNE,1,True,False,0.0023696655126635,0.0026016500020086247,0,0
42,TK-1999-0415_8101_HNE,2,True,False,0.0046606312311308,0.006844491919914301,0,1
42,TK-1999-0415_8101_HNE,3,True,False,0.0089986716635148,0.011327675676267534,1,2
42,TK-1999-0415_8101_HNE,4,True,False,0.0202585860802124,0.019051410485210387,2,2
42,TK-1999-0415_8101_HNE,5,True,False,0.0366327326329556,0.0442041444888242,3,3
42,INT-20250810_0000200_AKS_HNN,0,True,False,0.0006571017165473,0.0007981553885585931,0,0
42,INT-20250810_0000200_AKS_HNN,1,True,False,0.0023197734920501,0.003729167419308499,0,0
42,INT-20250810_0000200_AKS_HNN,2,True,False,0.0050166949870817,0.009569401806629014,1,1
42,INT-20250810_0000200_AKS_HNN,3,True,False,0.008858221446087,0.017435458882855515,1,2
42,INT-20250810_0000200_AKS_HNN,4,True,False,0.0158171127975443,0.023956388827157782,2,3
42,INT-20250810_0000200_AKS_HNN,5,True,False,0.0538027485993106,0.04831617233725917,3,3
42,INT-20250810_0000200_BALB_HNE,0,True,False,0.0006162552873678,0.0007612017311510052,0,0
42,INT-20250810_0000200_BALB_HNE,1,True,False,0.0028014539774742,0.002944719756609115,0,0
42,INT-20250810_0000200_BALB_HNE,2,True,False,0.007159258506711,0.007112658315922904,1,1
42,INT-20250810_0000200_BALB_HNE,3,True,False,0.0106272829845887,0.012839022262248027,1,1
42,INT-20250810_0000200_BALB_HNE,4,True,False,0.0157466600711714,0.019119005228952986,2,2
42,INT-20250810_0000200_BALB_HNE,5,True,False,0.0317374259083598,0.03753544354523479,3,3
42,INT-20250810_0000200_GORD_HNN,0,True,False,0.0006419344024925,0.0006905975825933262,0,0
42,INT-20250810_0000200_GORD_HNN,1,True,False,0.0029430802057859,0.002210337439656014,0,0
42,INT-20250810_0000200_GORD_HNN,2,True,False,0.0064489981571065,0.004540827560865373,1,1
42,INT-20250810_0000200_GORD_HNN,3,True,False,0.0112872268246202,0.008923339766793867,1,1
42,INT-20250810_0000200_GORD_HNN,4,True,False,0.0178022910065626,0.012117808677500522,2,2
42,INT-20250810_0000200_GORD_HNN,5,True,False,0.0289720172358304,0.02375671697076742,2,2
42,INT-20250810_0000200_SOMA_HNN,0,True,False,0.0006021939995085,0.0007947091892113137,0,0
42,INT-20250810_0000200_SOMA_HNN,1,True,False,0.0028132192220656,0.003394842687588026,0,0
42,INT-20250810_0000200_SOMA_HNN,2,True,False,0.0075420444860185,0.007610709447536164,1,1
42,INT-20250810_0000200_SOMA_HNN,3,True,False,0.0145692704616404,0.012882980397484018,2,2
42,INT-20250810_0000200_SOMA_HNN,4,True,False,0.0224299397699033,0.019839474943205978,2,2
42,INT-20250810_0000200_SOMA_HNN,5,True,False,0.0291035278078481,0.04784252585746541,2,3
42,TK-1999-0294_1612_HNE,0,True,False,0.0007345185517728,0.0006764184643156501,0,0
42,TK-1999-0294_1612_HNE,1,True,False,0.0059584779308137,0.002748607095381523,1,0
42,TK-1999-0294_1612_HNE,2,True,False,0.0124252275912523,0.00658939452140614,2,1
42,TK-1999-0294_1612_HNE,3,True,False,0.0236988223873403,0.011889222919853792,2,2
42,TK-1999-0294_1612_HNE,4,True,False,0.0356631984375885,0.018158937070065145,3,2
42,TK-1999-0294_1612_HNE,5,True,False,0.0619782243012272,0.03377755657717187,4,2
42,TK-2003-0179_1701_HNN,0,True,False,0.0007267324794446,0.000646740384446427,0,0
42,TK-2003-0179_1701_HNN,1,True,False,0.0024956667436014,0.0019949543242856493,0,0
42,TK-2003-0179_1701_HNN,2,True,False,0.0049866622486866,0.0034099872275671073,0,0
42,TK-2003-0179_1701_HNN,3,True,False,0.0069924002667394,0.005839039965848972,1,1
42,TK-2003-0179_1701_HNN,4,True,False,0.0127318680089387,0.0077173016664200825,2,1
42,TK-2003-0179_1701_HNN,5,True,False,0.0193487903481258,0.016776211565065095,2,2
42,TK-1999-0294_4101_HNE,0,True,False,0.000678365816794,0.0007324143126561863,0,0
42,TK-1999-0294_4101_HNE,1,True,False,0.0021406627547709,0.0032147507933139824,0,0
42,TK-1999-0294_4101_HNE,2,True,False,0.0048734288284752,0.009279870870735743,0,1
42,TK-1999-0294_4101_HNE,3,True,False,0.0107459554580465,0.021537159014444338,1,2
42,TK-1999-0294_4101_HNE,4,True,False,0.0179028516032282,0.029217652080716437,2,3
42,TK-1999-0294_4101_HNE,5,True,False,0.0309695392453247,0.05125415470502271,3,3
42,TK-1999-0294_4107_HNE,0,True,False,0.0006919050653458,0.0006480340474023211,0,0
42,TK-1999-0294_4107_HNE,1,True,False,0.0025693915017893,0.0022089157582938015,0,0
42,TK-1999-0294_4107_HNE,2,True,False,0.0074069810595795,0.006314174386649155,1,1
42,TK-1999-0294_4107_HNE,3,True,False,0.016379579321105,0.01143862150193564,2,2
42,TK-1999-0294_4107_HNE,4,True,False,0.0291721302327026,0.020482951925922505,2,3
42,TK-1999-0294_4107_HNE,5,True,False,0.0488810730096301,0.03415548824494407,3,3
42,TK-1999-0294_5401_HNE,0,True,False,0.0010356927125562,0.002012956724518821,0,0
42,TK-1999-0294_5401_HNE,1,True,False,0.0029391778341595,0.007828063617852977,0,0
42,EMSC-20200122_0000127_GOMA_HNE,0,True,False,0.0006860110856926,0.0006391412216871626,0,0
42,EMSC-20200122_0000127_GOMA_HNE,1,True,False,0.0018323123496825,0.0020998574233179494,0,0
42,EMSC-20200122_0000127_GOMA_HNE,2,True,False,0.0038865752208604,0.004330804170187937,0,0
42,EMSC-20200122_0000127_GOMA_HNE,3,True,False,0.006780384643903,0.0070783448451425006,1,1
42,TK-1999-0294_5401_HNE,2,True,False,0.0085421891585821,0.014666601869675154,1,2
42,TK-1999-0294_5401_HNE,3,True,False,0.0160819858739224,0.023061212480800702,2,2
42,TK-1999-0294_5401_HNE,4,True,False,0.0293024019538228,0.04131817025470732,2,3
42,TK-1999-0294_5401_HNE,5,True,False,0.0689355075520687,0.07546142553315642,4,4
42,EMSC-20200122_0000127_GOMA_HNE,4,True,False,0.0089893779683062,0.009887265117579572,1,2
42,EMSC-20200122_0000127_GOMA_HNE,5,True,False,0.0179034843795172,0.017439824125300415,2,2
42,EMSC-20200122_0000127_SOMA_HNN,0,True,False,0.0006176247066835,0.0007020068850011115,0,0
42,EMSC-20200122_0000127_SOMA_HNN,1,True,False,0.0020508528205115,0.002227965681317873,0,0
42,EMSC-20200122_0000127_SOMA_HNN,2,True,False,0.0051513429935307,0.006660770576760537,1,1
42,EMSC-20200122_0000127_SOMA_HNN,3,True,False,0.011509834579415,0.012878041212685576,1,2
42,EMSC-20200122_0000127_SOMA_HNN,4,True,False,0.0209523538924142,0.018125193906986085,2,2
42,EMSC-20200122_0000127_SOMA_HNN,5,True,False,0.0318414291191283,0.039330593176583765,3,3
43,TK-1999-0077_YPT_HNN,4,True,False,0.0385801772289754,0.02308649593588988,3,3
43,TK-1999-0077_YPT_HNN,5,True,False,0.1,0.05788564248786402,4,4
43,TK-1999-0077_1612_HNE,0,True,False,0.0005444861848344,0.0005405828133226519,0,0
43,TK-1999-0077_1612_HNE,1,True,False,0.0029114287266404,0.001895633202152514,0,0
43,TK-1999-0077_YPT_HNN,0,True,False,0.0005612841837466,0.0005261448661611755,0,0
43,TK-1999-0077_YPT_HNN,1,True,False,0.0024437480770568,0.001657096177004498,0,0
43,TK-1999-0077_YPT_HNN,2,True,False,0.0065081496220802,0.004333777091152072,1,0
43,TK-1999-0077_YPT_HNN,3,True,False,0.0168344013380145,0.008724060141154216,2,1
43,TK-1999-0077_4101_HNE,0,True,False,0.0005787611954773,0.0005431989066177564,0,0
43,TK-1999-0077_4101_HNE,1,True,False,0.0014736309789118,0.0019324881453123986,0,0
43,TK-1999-0077_4101_HNE,2,True,False,0.0034884217405091,0.004761198139152109,0,1
43,TK-1999-0077_4101_HNE,3,True,False,0.0091756863001545,0.009869851478280768,1,2
43,TK-1999-0077_1612_HNE,2,True,False,0.0149759097238619,0.004904098096659389,2,0
43,TK-1999-0077_1612_HNE,3,True,False,0.0313781124272489,0.009368671657719355,3,1
43,TK-1999-0077_1612_HNE,4,True,False,0.0617801525299435,0.02063925643257244,4,2
43,TK-1999-0077_1612_HNE,5,True,False,0.1,0.07003568654383403,4,4
43,TK-1999-0077_4106_HNN,2,True,False,0.004336064819645,0.010306701482584148,0,2
43,TK-1999-0077_4106_HNN,3,True,False,0.0140015479715048,0.024512762460687745,2,3
43,TK-1999-0077_4106_HNN,4,True,False,0.0207559962073411,0.05580015907325182,2,3
43,TK-1999-0077_4106_HNN,5,True,False,0.1,0.10342963222685338,4,4
43,TK-1999-0077_4101_HNE,4,True,False,0.0154778860578158,0.019297842246619866,2,3
43,TK-1999-0077_4101_HNE,5,True,False,0.0971543999096761,0.06369957205290924,4,4
43,TK-1999-0077_4106_HNN,0,True,False,0.0005508230380002,0.0006201356058748005,0,0
43,TK-1999-0077_4106_HNN,1,True,False,0.0018025982633438,0.0028771495766689408,0,0
43,TK-1999-0077_5401_HNE,0,True,False,0.0005011835121101,0.0006810556078979568,0,0
43,TK-1999-0077_5401_HNE,1,True,False,0.0023237922889473,0.004061834368023453,0,0
43,TK-1999-0077_5401_HNE,2,True,False,0.0095101332117906,0.01141028872004952,1,1
43,TK-1999-0077_5401_HNE,3,True,False,0.029463754417025,0.029375597093788113,2,2
43,TK-1999-0077_5401_HNE,4,True,False,0.0600963083717645,0.052872606365729755,4,4
43,TK-1999-0077_5401_HNE,5,True,False,0.1,0.08205268163180458,4,4
43,TK-1999-0415_487_HNN,0,True,False,0.0005446888134964,0.0005038439158263798,0,0
43,TK-1999-0415_487_HNN,1,True,False,0.0015378187235394,0.0016552332269102277,0,0
43,TK-1999-0415_496_HNN,0,True,False,0.0006701909837206,0.0006506491440482933,0,0
43,TK-1999-0415_496_HNN,1,True,False,0.0038221912398531,0.002313397080166796,0,0
43,TK-1999-0415_496_HNN,2,True,False,0.0094054843801651,0.007253642137994229,1,1
43,TK-1999-0415_496_HNN,3,True,False,0.0132088438152545,0.012512876376679924,2,2
43,TK-1999-0415_487_HNN,2,True,False,0.0023241256807592,0.0032689918182819506,0,0
43,TK-1999-0415_487_HNN,3,True,False,0.0050581012097055,0.005059560206357832,1,0
43,TK-1999-0415_487_HNN,4,True,False,0.0118454218139432,0.007714090963602173,1,1
43,TK-1999-0415_487_HNN,5,True,False,0.0208249570651456,0.015561515423458157,2,2
43,TK-1999-0415_496_HNN,4,True,False,0.0177926210361956,0.02154151639629571,2,2
43,TK-1999-0415_496_HNN,5,True,False,0.0399581305523655,0.03918540950047209,3,3
43,TK-1999-0415_498_HNN,0,True,False,0.0005454497267206,0.0005741931387685241,0,0
43,TK-1999-0415_498_HNN,1,True,False,0.0013299105433463,0.0019281020836286046,0,0
43,TK-1999-0415_498_HNN,2,True,False,0.0038548971395247,0.004850627557512221,0,1
43,TK-1999-0415_498_HNN,3,True,False,0.0086467286380885,0.009064021532637127,1,1
43,TK-1999-0415_498_HNN,4,True,False,0.0197647125781616,0.020064776439670196,2,2
43,TK-1999-0415_498_HNN,5,True,False,0.0298151908262614,0.035586274552264964,2,2
43,TK-1999-0415_C0362_HNN,0,True,False,0.000551911849235,0.0005292108740958679,0,0
43,TK-1999-0415_C0362_HNN,1,True,False,0.0032655216090641,0.0014680614417288428,0,0
43,TK-1999-0415_C0362_HNN,2,True,False,0.009243432057888,0.0036660992317377617,1,0
43,TK-1999-0415_C0362_HNN,3,True,False,0.0185639850318374,0.006701468301021634,2,1
43,TK-1999-0415_C0362_HNN,4,True,False,0.0453220778638751,0.012120423361901353,3,1
43,TK-1999-0415_C0362_HNN,5,True,False,0.1,0.022975170616396208,4,2
43,TK-1999-0415_C0375_HNN,0,True,False,0.0005270069616471,0.0005850668300103937,0,0
43,TK-1999-0415_C0375_HNN,1,True,False,0.0013400589885942,0.0025808256196332867,0,0
43,TK-1999-0415_C1058_HNE,0,True,False,0.0005536463250209,0.0005471570165180514,0,0
43,TK-1999-0415_C1058_HNE,1,True,False,0.0015959516560461,0.0022270815507771185,0,0
43,TK-1999-0415_C1058_HNE,2,True,False,0.006366883274955,0.006398837536215969,1,1
43,TK-1999-0415_C1058_HNE,3,True,False,0.0244570347585625,0.016356927359768264,2,2
43,TK-1999-0415_C0375_HNN,2,True,False,0.006191065619733,0.005710204210630727,1,1
43,TK-1999-0415_C0375_HNN,3,True,False,0.0128153162279406,0.013257894268416474,2,2
43,TK-1999-0415_C0375_HNN,4,True,False,0.0175623077761385,0.022145842686981623,2,2
43,TK-1999-0415_C0375_HNN,5,True,False,0.0235815664422207,0.04482369104734037,2,3
43,TK-1999-0415_C1058_HNE,4,True,False,0.0382528902433644,0.043558737048325996,3,3
43,TK-1999-0415_C1058_HNE,5,True,False,0.1,0.06262817236919621,4,4
43,TK-1999-0415_C1059_HNN,0,True,False,0.000539088139433,0.0005308263333890237,0,0
43,TK-1999-0415_C1059_HNN,1,True,False,0.0013562373672435,0.0017540276536370386,0,0
43,TK-1999-0415_C1059_HNN,2,True,False,0.0040014313886523,0.005096903193676604,0,1
43,TK-1999-0415_C1059_HNN,3,True,False,0.009734922915012,0.009871748080130601,1,1
43,TK-1999-0415_C1059_HNN,4,True,False,0.0152375426580262,0.01901617594789993,2,2
43,TK-1999-0415_C1059_HNN,5,True,False,0.0291303009067499,0.039879174037211695,2,3
43,TK-1999-0415_C1060_HNE,0,True,False,0.0006939298685614,0.0006299587531058736,0,0
43,TK-1999-0415_C1060_HNE,1,True,False,0.0037396311162408,0.002163178242690848,0,0
43,TK-1999-0415_C1060_HNE,2,True,False,0.0086529585142222,0.004962430604503389,1,1
43,TK-1999-0415_C1060_HNE,3,True,False,0.024161800524889,0.011064531612293356,2,1
43,TK-1999-0415_C1060_HNE,4,True,False,0.0368674897195084,0.019178641476587373,3,2
43,TK-1999-0415_C1060_HNE,5,True,False,0.0794764987335127,0.04282262995733602,4,3
43,TK-1999-0415_C1061_HNE,0,True,False,0.0005969857076932,0.0006273572416529528,0,0
43,TK-1999-0415_C1061_HNE,1,True,False,0.0021461743928071,0.002292871393143169,0,0
43,TK-1999-0415_C1061_HNE,2,True,False,0.0078583838056832,0.006434267283768957,1,1
43,TK-1999-0415_C1061_HNE,3,True,False,0.0189255781520427,0.0118670487829174,2,2
43,TK-1999-0415_C1061_HNE,4,True,False,0.0296416322908847,0.017611711720055517,2,2
43,TK-1999-0415_C1061_HNE,5,True,False,0.0687512156618554,0.034310334153710015,4,3
43,TK-1999-0415_C1062_HNE,0,True,False,0.0005671981223798,0.0005480026318876528,0,0
43,TK-1999-0415_C1062_HNE,1,True,False,0.0022854019254248,0.001814963849002142,0,0
43,TK-1999-0415_C1062_HNE,2,True,False,0.0052410738006977,0.004454326165684578,1,1
43,TK-1999-0415_C1062_HNE,3,True,False,0.0093564632118904,0.00958652744052305,1,1
43,TK-1999-0415_C1062_HNE,4,True,False,0.0210543580676744,0.014252888520381736,2,2
43,TK-1999-0415_C1062_HNE,5,True,False,0.0278270658099617,0.03509322138037785,2,3
43,TK-1999-0415_D0531_HNN,0,True,False,0.0005137999002268,0.0005114960420864684,0,0
43,TK-1999-0415_D0531_HNN,1,True,False,0.0012955684985602,0.0015207217284039535,0,0
43,TK-1999-0415_D0531_HNN,2,True,False,0.0029110361120209,0.0028421368851890565,0,0
43,TK-1999-0415_D0531_HNN,3,True,False,0.006621525601091,0.00532906128688094,1,1
43,TK-1999-0415_D0531_HNN,4,True,False,0.0101085503454584,0.008277485268716913,1,1
43,TK-1999-0415_D0531_HNN,5,True,False,0.0145778439592574,0.017875553280428523,2,2
43,TK-1999-0415_1401_HNE,0,True,False,0.0005598913684625,0.0005754468746413414,0,0
43,TK-1999-0415_1401_HNE,1,True,False,0.0023415526478774,0.0023439064866177814,0,0
43,TK-1999-0415_1401_HNE,2,True,False,0.0072177092396656,0.00685363622103897,1,0
43,TK-1999-0415_1401_HNE,3,True,False,0.0200984611414403,0.012985498709802059,2,2
43,TK-1999-0415_1401_HNE,4,True,False,0.0265214594574356,0.023476726257918662,2,2
43,TK-1999-0415_1401_HNE,5,True,False,0.032557231805958,0.03936534952534334,3,3
43,TK-1999-0415_1406_HNN,0,True,False,0.0005559535497634,0.0006099591234737527,0,0
43,TK-1999-0415_1406_HNN,1,True,False,0.0020259516140911,0.001987693330508751,0,0
43,TK-1999-0415_1406_HNN,2,True,False,0.0038074157557753,0.00543528522919346,0,1
43,TK-1999-0415_1406_HNN,3,True,False,0.0084476816553423,0.009906172269853093,1,1
43,TK-1999-0415_1406_HNN,4,True,False,0.012349540627263,0.017339266386580388,2,2
43,TK-1999-0415_1406_HNN,5,True,False,0.029078400460088,0.03359560216024899,2,2
43,TK-1999-0415_8101_HNE,0,True,False,0.0005361082074776,0.0005571757209436663,0,0
43,TK-1999-0415_8101_HNE,1,True,False,0.0030236922597049,0.002217091977515281,0,0
43,TK-1999-0415_8101_HNE,2,True,False,0.0091180343214368,0.006251418104248887,1,0
43,TK-1999-0415_8101_HNE,3,True,False,0.013812526516926,0.012571405381841387,2,1
43,TK-1999-0415_8101_HNE,4,True,False,0.0274185302968122,0.026315972348265316,2,3
43,TK-1999-0415_8101_HNE,5,True,False,0.0528484213834543,0.05576163591315556,3,4
43,INT-20250810_0000200_AKS_HNN,0,True,False,0.0005450802534243,0.0005809952128637552,0,0
43,INT-20250810_0000200_AKS_HNN,1,True,False,0.0015676083327491,0.0020020703761710074,0,0
43,INT-20250810_0000200_AKS_HNN,2,True,False,0.0029004111927547,0.005421761335264841,0,1
43,INT-20250810_0000200_AKS_HNN,3,True,False,0.0062022957224749,0.010529243286741794,1,1
43,INT-20250810_0000200_AKS_HNN,4,True,False,0.0115722252276839,0.01756166649113478,1,2
43,INT-20250810_0000200_AKS_HNN,5,True,False,0.0210349408198666,0.03793794361546219,2,3
43,INT-20250810_0000200_BALB_HNE,0,True,False,0.0005416399785655,0.0005886955937316121,0,0
43,INT-20250810_0000200_BALB_HNE,1,True,False,0.0021291041863703,0.0021617785865459976,0,0
43,INT-20250810_0000200_BALB_HNE,2,True,False,0.0069293224076282,0.006078855517998674,1,1
43,INT-20250810_0000200_BALB_HNE,3,True,False,0.0127715942942022,0.011142591838244231,2,1
43,INT-20250810_0000200_BALB_HNE,4,True,False,0.0167899737842543,0.018673893170000656,2,2
43,INT-20250810_0000200_BALB_HNE,5,True,False,0.03025430924479,0.03500279050915295,3,2
43,INT-20250810_0000200_GORD_HNN,0,True,False,0.0005407873362118,0.0005459586220860642,0,0
43,INT-20250810_0000200_GORD_HNN,1,True,False,0.0014181516949378,0.0015305065605189859,0,0
43,INT-20250810_0000200_SOMA_HNN,0,True,False,0.00055029928733,0.0005873936443221312,0,0
43,INT-20250810_0000200_SOMA_HNN,1,True,False,0.0021187436480544,0.0020163842546443806,0,0
43,INT-20250810_0000200_SOMA_HNN,2,True,False,0.0040187412170369,0.0053173748727488234,0,1
43,INT-20250810_0000200_SOMA_HNN,3,True,False,0.0096886684007522,0.00969963453419349,1,1
43,INT-20250810_0000200_GORD_HNN,2,True,False,0.0021958620843188,0.0028453403707576694,0,0
43,INT-20250810_0000200_GORD_HNN,3,True,False,0.0037391025783867,0.004251455668398676,0,0
43,INT-20250810_0000200_GORD_HNN,4,True,False,0.0124019395734946,0.007126365291223912,2,1
43,INT-20250810_0000200_GORD_HNN,5,True,False,0.0169826211704646,0.012239361987353599,2,2
43,INT-20250810_0000200_SOMA_HNN,4,True,False,0.0172165904991423,0.017437799321048237,2,2
43,INT-20250810_0000200_SOMA_HNN,5,True,False,0.0265681738898638,0.03058159708622861,2,3
43,TK-1999-0294_1612_HNE,0,True,False,0.0005468454738166,0.000542189825293346,0,0
43,TK-1999-0294_1612_HNE,1,True,False,0.0017378279751124,0.0017964801638297664,0,0
43,TK-1999-0294_1612_HNE,2,True,False,0.0030997068405126,0.004372740913828428,0,0
43,TK-1999-0294_1612_HNE,3,True,False,0.0089621006590023,0.00749070486276373,1,1
43,TK-1999-0294_1612_HNE,4,True,False,0.0194720422457305,0.012672108637274556,2,2
43,TK-1999-0294_1612_HNE,5,True,False,0.0337037917895144,0.023600818753538567,3,2
43,TK-2003-0179_1701_HNN,0,True,False,0.000555558492372,0.0005250573441985433,0,0
43,TK-2003-0179_1701_HNN,1,True,False,0.0020624367337296,0.0016257190830863857,0,0
43,TK-2003-0179_1701_HNN,2,True,False,0.0074194043544998,0.0030074937062738788,1,0
43,TK-2003-0179_1701_HNN,3,True,False,0.0101023278809298,0.005728238821388893,1,1
43,TK-2003-0179_1701_HNN,4,True,False,0.0168591029048307,0.008226128040980702,2,1
43,TK-2003-0179_1701_HNN,5,True,False,0.0256930016441453,0.01676005156875854,2,2
43,TK-1999-0294_4101_HNE,0,True,False,0.0005370792271298,0.0005943954935307419,0,0
43,TK-1999-0294_4101_HNE,1,True,False,0.0013369145709825,0.0021261880416812927,0,0
43,TK-1999-0294_4101_HNE,2,True,False,0.0033200990269285,0.00601137165792106,0,1
43,TK-1999-0294_4101_HNE,3,True,False,0.0063802898234784,0.012814440020142055,1,2
43,TK-1999-0294_4101_HNE,4,True,False,0.0107183677282994,0.02881956041164321,1,3
43,TK-1999-0294_4101_HNE,5,True,False,0.015968467040843,0.04436906759676911,2,3
43,TK-1999-0294_4107_HNE,0,True,False,0.000549727938174,0.0005288211322028271,0,0
43,TK-1999-0294_4107_HNE,1,True,False,0.0018898781208207,0.002092755667993463,0,0
43,TK-1999-0294_4107_HNE,2,True,False,0.0058683164184486,0.0055319433210804965,1,1
43,TK-1999-0294_4107_HNE,3,True,False,0.0153766835049645,0.010369434133988855,2,2
43,TK-1999-0294_4107_HNE,4,True,False,0.0318358563667651,0.017415408133610647,3,2
43,TK-1999-0294_4107_HNE,5,True,False,0.0621916689701116,0.032510288713182546,4,3
43,TK-1999-0294_5401_HNE,0,True,False,0.0005473152672478,0.0007111350361524024,0,0
43,TK-1999-0294_5401_HNE,1,True,False,0.0012440637884856,0.003393393040478209,0,1
43,TK-1999-0294_5401_HNE,2,True,False,0.0025527591803471,0.008538310169054856,0,1
43,TK-1999-0294_5401_HNE,3,True,False,0.0066716545233496,0.016131176365960214,1,2
43,TK-1999-0294_5401_HNE,4,True,False,0.0105731525993973,0.02827166617769235,1,2
43,TK-1999-0294_5401_HNE,5,True,False,0.0179952894364423,0.04209254953652696,2,4
43,EMSC-20200122_0000127_GOMA_HNE,0,True,False,0.0005525689356278,0.000535130073330988,0,0
43,EMSC-20200122_0000127_GOMA_HNE,1,True,False,0.0017758284936706,0.0013138463489927577,0,0
43,EMSC-20200122_0000127_GOMA_HNE,2,True,False,0.004404500041486,0.002793013631219022,0,0
43,EMSC-20200122_0000127_GOMA_HNE,3,True,False,0.0080539365968856,0.005633974989261254,1,1
43,EMSC-20200122_0000127_GOMA_HNE,4,True,False,0.0115599507582919,0.009145704497584064,1,2
43,EMSC-20200122_0000127_GOMA_HNE,5,True,False,0.0170633158512535,0.01655596287733763,2,2
43,EMSC-20200122_0000127_SOMA_HNN,0,True,False,0.0005430358815339,0.0005254394084128202,0,0
43,EMSC-20200122_0000127_SOMA_HNN,1,True,False,0.0019203706159236,0.0014366035996705056,0,0
43,EMSC-20200122_0000127_SOMA_HNN,2,True,False,0.0039102763279117,0.0032110855657318652,0,0
43,EMSC-20200122_0000127_SOMA_HNN,3,True,False,0.0075679684820021,0.0076066995089292,1,1
43,EMSC-20200122_0000127_SOMA_HNN,4,True,False,0.0127012515936043,0.012140674645705259,2,2
43,EMSC-20200122_0000127_SOMA_HNN,5,True,False,0.025039051221961,0.01993545862145222,2,2
44,TK-1999-0077_YPT_HNN,4,True,False,0.0559779697704765,0.027911313659650085,3,2
44,TK-1999-0077_YPT_HNN,5,True,False,0.1,0.06325090681019127,4,4
44,TK-1999-0077_1612_HNE,0,True,False,0.0009532785551681,0.0007116829758837361,0,0
44,TK-1999-0077_1612_HNE,1,True,False,0.0054269184723376,0.0018416174560714135,1,0
44,TK-1999-0077_YPT_HNN,0,True,False,0.0009432260961967,0.000841040378486088,0,0
44,TK-1999-0077_YPT_HNN,1,True,False,0.0047544045259649,0.0027367739770590063,0,0
44,TK-1999-0077_YPT_HNN,2,True,False,0.0120344766822139,0.006331710691340427,2,0
44,TK-1999-0077_YPT_HNN,3,True,False,0.0274385559276125,0.015868117330152316,2,2
44,TK-1999-0077_4101_HNE,0,True,False,0.0008114284806801,0.0009661673278333981,0,0
44,TK-1999-0077_4101_HNE,1,True,False,0.0023314293370269,0.003726856807295483,0,0
44,TK-1999-0077_4101_HNE,2,True,False,0.0083302108348997,0.007547317092875066,1,2
44,TK-1999-0077_4101_HNE,3,True,False,0.0207795484470657,0.015091180586355318,2,2
44,TK-1999-0077_1612_HNE,2,True,False,0.0119721279897015,0.003437786985143267,1,0
44,TK-1999-0077_1612_HNE,3,True,False,0.0188061906725506,0.0069321050459682,2,1
44,TK-1999-0077_1612_HNE,4,True,False,0.0268757554432471,0.010663824139022254,2,2
44,TK-1999-0077_1612_HNE,5,True,False,0.0506209278758356,0.026644118908816072,3,2
44,TK-1999-0077_4101_HNE,4,True,False,0.0601142117098094,0.0341626048571783,4,3
44,TK-1999-0077_4101_HNE,5,True,False,0.1,0.0831782410576588,4,4
44,TK-1999-0077_4106_HNN,0,True,False,0.0008382748339071,0.0011438596383708218,0,0
44,TK-1999-0077_4106_HNN,1,True,False,0.0017870611731894,0.005702560461725633,0,0
44,TK-1999-0077_4106_HNN,2,True,False,0.0040921612319703,0.015808622317807955,0,1
44,TK-1999-0077_4106_HNN,3,True,False,0.0120755489947278,0.02998648025750772,2,2
44,TK-1999-0077_4106_HNN,4,True,False,0.0350330045173248,0.04709055585960464,3,3
44,TK-1999-0077_4106_HNN,5,True,False,0.1,0.08339324925738853,4,4
44,TK-1999-0077_5401_HNE,0,True,False,0.0008272531138426,0.0009081698422436709,0,0
44,TK-1999-0077_5401_HNE,1,True,False,0.0030559684342999,0.004556877207579986,0,0
44,TK-1999-0077_5401_HNE,2,True,False,0.0108486603114881,0.010776893505923335,1,1
44,TK-1999-0077_5401_HNE,3,True,False,0.0187334946251063,0.024929283687767582,2,2
44,TK-1999-0077_5401_HNE,4,True,False,0.0349266218936752,0.04292156299967443,3,4
44,TK-1999-0077_5401_HNE,5,True,False,0.1,0.0588615127023704,4,4
44,TK-1999-0415_487_HNN,0,True,False,0.000859417187897,0.000853753210382001,0,0
44,TK-1999-0415_487_HNN,1,True,False,0.004403634125772,0.0028496814426270927,0,0
44,TK-1999-0415_496_HNN,0,True,False,0.0013317256435812,0.0014656070059128779,0,0
44,TK-1999-0415_496_HNN,1,True,False,0.0035927429195894,0.006116642389383443,0,1
44,TK-1999-0415_496_HNN,2,True,False,0.009341186642709,0.014191792835184569,1,2
44,TK-1999-0415_496_HNN,3,True,False,0.0175883231529924,0.02191627132132266,2,2
44,TK-1999-0415_487_HNN,2,True,False,0.0082566206139091,0.006588150239660541,1,1
44,TK-1999-0415_487_HNN,3,True,False,0.0145341587743664,0.011775202635995142,2,2
44,TK-1999-0415_487_HNN,4,True,False,0.0250392646427661,0.021347013269853707,2,2
44,TK-1999-0415_487_HNN,5,True,False,0.0559139538926934,0.050498216293861316,3,3
44,TK-1999-0415_496_HNN,4,True,False,0.0301051987379657,0.03606311376734755,3,3
44,TK-1999-0415_496_HNN,5,True,False,0.0617074542859293,0.07516706346234281,4,4
44,TK-1999-0415_498_HNN,0,True,False,0.0009975728308165,0.0009100343971201588,0,0
44,TK-1999-0415_498_HNN,1,True,False,0.0042412047700557,0.0032208841295405443,0,0
44,TK-1999-0415_498_HNN,2,True,False,0.0096276060659,0.008458067129360114,1,1
44,TK-1999-0415_498_HNN,3,True,False,0.0149838891262497,0.016690403127855226,2,2
44,TK-1999-0415_498_HNN,4,True,False,0.023677781998744,0.029906187782802855,2,2
44,TK-1999-0415_498_HNN,5,True,False,0.0594878140721907,0.05468825401237588,3,3
44,TK-1999-0415_C0362_HNN,0,True,False,0.0008233812763895,0.0007723892449803214,0,0
44,TK-1999-0415_C0362_HNN,1,True,False,0.0023394636882794,0.0016444054277253257,0,0
44,TK-1999-0415_C0362_HNN,2,True,False,0.0061750832561993,0.0025211555735373615,1,0
44,TK-1999-0415_C0362_HNN,3,True,False,0.0093858903649492,0.004914563242749398,1,1
44,TK-1999-0415_C0362_HNN,4,True,False,0.0163801938016718,0.008075995065643642,2,1
44,TK-1999-0415_C0362_HNN,5,True,False,0.0327092090677017,0.012535923493266625,3,2
44,TK-1999-0415_C0375_HNN,0,True,False,0.0032954404011966,0.0018600314297715958,0,0
44,TK-1999-0415_C0375_HNN,1,True,False,0.0078618686478741,0.006265411862604181,1,1
44,TK-1999-0415_C1058_HNE,0,True,False,0.0009298847054423,0.0008124550404738524,0,0
44,TK-1999-0415_C1058_HNE,1,True,False,0.0049004288021887,0.00276963709212353,0,0
44,TK-1999-0415_C1058_HNE,2,True,False,0.0137756512747728,0.007839520381753643,2,0
44,TK-1999-0415_C1058_HNE,3,True,False,0.0191278509225129,0.018165507748045606,2,2
44,TK-1999-0415_C0375_HNN,2,True,False,0.0136966426048654,0.012876814665130333,2,2
44,TK-1999-0415_C0375_HNN,3,True,False,0.0208057115888728,0.03122253009706939,2,2
44,TK-1999-0415_C0375_HNN,4,True,False,0.0464670013927153,0.04046750669320636,3,3
44,TK-1999-0415_C0375_HNN,5,True,False,0.1,0.0694064050530144,4,4
44,TK-1999-0415_C1058_HNE,4,True,False,0.0428139257637344,0.038973393106536684,3,2
44,TK-1999-0415_C1058_HNE,5,True,False,0.1,0.05013561162901604,4,3
44,TK-1999-0415_C1059_HNN,0,True,False,0.000810731963698,0.0010570180955750902,0,0
44,TK-1999-0415_C1059_HNN,1,True,False,0.0030804608718995,0.004105025135496673,0,0
44,TK-1999-0415_C1059_HNN,2,True,False,0.0067930792698216,0.0085756419427965,1,1
44,TK-1999-0415_C1059_HNN,3,True,False,0.0135645664907006,0.013954464120915507,2,2
44,TK-1999-0415_C1059_HNN,4,True,False,0.0225314626770481,0.033877661588866965,2,2
44,TK-1999-0415_C1059_HNN,5,True,False,0.0532099287400522,0.06128853844890119,3,4
44,TK-1999-0415_C1060_HNE,0,True,False,0.0008466083248517,0.0009843796613314272,0,0
44,TK-1999-0415_C1060_HNE,1,True,False,0.0035846766578232,0.0031281815362297137,0,0
44,TK-1999-0415_C1060_HNE,2,True,False,0.0118211002629746,0.007054843387461697,1,1
44,TK-1999-0415_C1060_HNE,3,True,False,0.0174275464341447,0.013338611583927178,2,2
44,TK-1999-0415_C1060_HNE,4,True,False,0.0363153570717624,0.02321266695783718,3,2
44,TK-1999-0415_C1060_HNE,5,True,False,0.0767581229485284,0.055302535326345374,4,3
44,TK-1999-0415_C1061_HNE,0,True,False,0.0011822554877492,0.000935282856889881,0,0
44,TK-1999-0415_C1061_HNE,1,True,False,0.004535689655221,0.003482417575636706,0,0
44,TK-1999-0415_C1061_HNE,2,True,False,0.0105455704634367,0.007355940091658308,1,1
44,TK-1999-0415_C1061_HNE,3,True,False,0.016419619268298,0.01180824613490627,2,2
44,TK-1999-0415_C1061_HNE,4,True,False,0.023962629490924,0.018110354060082066,2,2
44,TK-1999-0415_C1061_HNE,5,True,False,0.0662858473181735,0.04093445738594582,4,3
44,TK-1999-0415_C1062_HNE,0,True,False,0.0011252427360511,0.0009169070976359023,0,0
44,TK-1999-0415_C1062_HNE,1,True,False,0.0047955516056747,0.003615299915151314,0,0
44,TK-1999-0415_C1062_HNE,2,True,False,0.0102165106123908,0.008924339163008197,1,1
44,TK-1999-0415_C1062_HNE,3,True,False,0.0150864019759094,0.016943758293713217,2,2
44,TK-1999-0415_C1062_HNE,4,True,False,0.0224560652381277,0.03430864840398324,2,3
44,TK-1999-0415_C1062_HNE,5,True,False,0.0549656715004936,0.06996282682244699,3,4
44,TK-1999-0415_D0531_HNN,0,True,False,0.0008066346960365,0.000958524866472025,0,0
44,TK-1999-0415_D0531_HNN,1,True,False,0.0030148054832342,0.003545892234420307,0,0
44,TK-1999-0415_D0531_HNN,2,True,False,0.0087873430305355,0.007779862099156391,1,1
44,TK-1999-0415_D0531_HNN,3,True,False,0.0123827618137831,0.014001307364760577,2,2
44,TK-1999-0415_D0531_HNN,4,True,False,0.0230782461218395,0.027166578438783975,2,2
44,TK-1999-0415_D0531_HNN,5,True,False,0.0553620293382509,0.05468178450179534,3,3
44,TK-1999-0415_1401_HNE,0,True,False,0.0008001866977747,0.0009984804836226447,0,0
44,TK-1999-0415_1401_HNE,1,True,False,0.002531166291449,0.0038861046704315423,0,0
44,TK-1999-0415_1401_HNE,2,True,False,0.005691031296697,0.007959854555930288,1,0
44,TK-1999-0415_1401_HNE,3,True,False,0.0087194012206827,0.011882221581427571,1,2
44,TK-1999-0415_1401_HNE,4,True,False,0.0130337872546316,0.020389105557581555,2,2
44,TK-1999-0415_1401_HNE,5,True,False,0.0199493037262149,0.035521873469347306,2,3
44,TK-1999-0415_1406_HNN,0,True,False,0.0011557222216807,0.0010217879818429172,0,0
44,TK-1999-0415_1406_HNN,1,True,False,0.0031517805831065,0.004068940457485824,0,0
44,TK-1999-0415_1406_HNN,2,True,False,0.0092236639965229,0.009224410906252969,1,1
44,TK-1999-0415_1406_HNN,3,True,False,0.0186445089424373,0.014656094196775618,2,2
44,TK-1999-0415_1406_HNN,4,True,False,0.0381573866041922,0.030438056225830987,3,2
44,TK-1999-0415_1406_HNN,5,True,False,0.1,0.06314326907871788,4,3
44,TK-1999-0415_8101_HNE,0,True,False,0.0008227779599652,0.0009934889871953626,0,0
44,TK-1999-0415_8101_HNE,1,True,False,0.0025593194647402,0.004290699173362856,0,0
44,TK-1999-0415_8101_HNE,2,True,False,0.0055299313974717,0.009401547996253666,1,1
44,TK-1999-0415_8101_HNE,3,True,False,0.0152840429589889,0.015555754272946651,2,2
44,TK-1999-0415_8101_HNE,4,True,False,0.0246760674332293,0.029008546176804623,2,2
44,TK-1999-0415_8101_HNE,5,True,False,0.0484680654162216,0.05223139536872392,3,3
44,INT-20250810_0000200_AKS_HNN,0,True,False,0.0010074939392332,0.000992748603689235,0,0
44,INT-20250810_0000200_AKS_HNN,1,True,False,0.0029855595639068,0.004246818286606414,0,0
44,INT-20250810_0000200_AKS_HNN,2,True,False,0.0064584902749354,0.009649836577064011,1,1
44,INT-20250810_0000200_AKS_HNN,3,True,False,0.0126174830304788,0.020712268839453957,2,2
44,INT-20250810_0000200_AKS_HNN,4,True,False,0.0226441549611187,0.025898992582375838,2,2
44,INT-20250810_0000200_AKS_HNN,5,True,False,0.0641112457649316,0.05439359721535977,4,3
44,INT-20250810_0000200_BALB_HNE,0,True,False,0.0008385609010862,0.0008899148414111568,0,0
44,INT-20250810_0000200_BALB_HNE,1,True,False,0.0028040374875686,0.003076905219931019,0,0
44,INT-20250810_0000200_BALB_HNE,2,True,False,0.0052325083389546,0.007142768540371031,1,1
44,INT-20250810_0000200_BALB_HNE,3,True,False,0.0090278463847906,0.011821055975954968,1,1
44,INT-20250810_0000200_BALB_HNE,4,True,False,0.0129864265057921,0.017704905173440665,2,2
44,INT-20250810_0000200_BALB_HNE,5,True,False,0.0259571760796842,0.03798905656938637,2,3
44,INT-20250810_0000200_GORD_HNN,0,True,False,0.000872664187204,0.0008248820430813033,0,0
44,INT-20250810_0000200_GORD_HNN,1,True,False,0.0028880478624472,0.002572530750258842,0,0
44,INT-20250810_0000200_GORD_HNN,2,True,False,0.0075048840478287,0.0051645925012892505,1,1
44,INT-20250810_0000200_GORD_HNN,3,True,False,0.0105837408210268,0.009308980296105721,1,1
44,INT-20250810_0000200_GORD_HNN,4,True,False,0.0180383484506788,0.01241574551134305,2,2
44,INT-20250810_0000200_GORD_HNN,5,True,False,0.0285876228515829,0.028156366933349466,2,2
44,INT-20250810_0000200_SOMA_HNN,0,True,False,0.0007778413840455,0.0008955218704683774,0,0
44,INT-20250810_0000200_SOMA_HNN,1,True,False,0.0028969637203167,0.0031128271276104126,0,0
44,INT-20250810_0000200_SOMA_HNN,2,True,False,0.0093331580515757,0.006657495047663382,1,1
44,INT-20250810_0000200_SOMA_HNN,3,True,False,0.0153522108717241,0.012752059484085202,2,2
44,INT-20250810_0000200_SOMA_HNN,4,True,False,0.0182544863098372,0.01918734013231009,2,2
44,INT-20250810_0000200_SOMA_HNN,5,True,False,0.0262023920151997,0.044889132587300304,2,3
44,TK-1999-0294_1612_HNE,0,True,False,0.0009069972115217,0.0007263265281605768,0,0
44,TK-1999-0294_1612_HNE,1,True,False,0.0045251322271636,0.0019452021834473442,0,0
44,TK-1999-0294_1612_HNE,2,True,False,0.0089726896389054,0.004949284373350104,1,1
44,TK-1999-0294_1612_HNE,3,True,False,0.0179827901729645,0.008477554264949772,2,2
44,TK-1999-0294_1612_HNE,4,True,False,0.0253235085481912,0.01502841371566404,2,2
44,TK-1999-0294_1612_HNE,5,True,False,0.0410478083611959,0.030997960964048176,3,2
44,TK-2003-0179_1701_HNN,0,True,False,0.0007924193715375,0.0007834572651268431,0,0
44,TK-2003-0179_1701_HNN,1,True,False,0.0019160119783053,0.002328952112286214,0,0
44,TK-2003-0179_1701_HNN,2,True,False,0.0034948192124768,0.0034775765074544973,0,0
44,TK-2003-0179_1701_HNN,3,True,False,0.0070474899905446,0.005845865278617294,1,1
44,TK-2003-0179_1701_HNN,4,True,False,0.0123044495825616,0.008130672115388019,2,2
44,TK-2003-0179_1701_HNN,5,True,False,0.0176790651657123,0.019020320874123624,2,2
44,TK-1999-0294_4101_HNE,0,True,False,0.0010974885170012,0.0011020705238189066,0,0
44,TK-1999-0294_4101_HNE,1,True,False,0.0040926924447174,0.004891326581552408,0,0
44,TK-1999-0294_4101_HNE,2,True,False,0.0114880503961319,0.014424698067002315,1,1
44,TK-1999-0294_4101_HNE,3,True,False,0.0185692934772702,0.020843501612631217,2,2
44,TK-1999-0294_4101_HNE,4,True,False,0.0281338192581211,0.031146749718152393,2,2
44,TK-1999-0294_4101_HNE,5,True,False,0.066044543881953,0.05569436080493787,4,3
44,TK-1999-0294_4107_HNE,0,True,False,0.0009288388810112,0.0007907407053492358,0,0
44,TK-1999-0294_4107_HNE,1,True,False,0.0033353830738592,0.002627712439428977,0,0
44,TK-1999-0294_4107_HNE,2,True,False,0.0078900180747641,0.0065001222410918874,1,1
44,TK-1999-0294_4107_HNE,3,True,False,0.0156119197191311,0.01266999049235808,2,2
44,TK-1999-0294_4107_HNE,4,True,False,0.0265640718553372,0.021119837890831286,2,2
44,TK-1999-0294_4107_HNE,5,True,False,0.0421345202653772,0.03538659166284902,3,3
44,TK-1999-0294_5401_HNE,0,True,False,0.0007886775750822,0.0015175767866455287,0,0
44,TK-1999-0294_5401_HNE,1,True,False,0.0024989766617933,0.006336467613368443,0,0
44,EMSC-20200122_0000127_GOMA_HNE,0,True,False,0.0008155688426615,0.0007562505189046024,0,0
44,EMSC-20200122_0000127_GOMA_HNE,1,True,False,0.002277433198437,0.0022210633971157176,0,0
44,EMSC-20200122_0000127_GOMA_HNE,2,True,False,0.0046300021850274,0.0048016924356503975,0,0
44,EMSC-20200122_0000127_GOMA_HNE,3,True,False,0.007831934452282,0.0083308551392847,1,1
44,TK-1999-0294_5401_HNE,2,True,False,0.0065718444916022,0.01538134925035017,1,1
44,TK-1999-0294_5401_HNE,3,True,False,0.0123392059295048,0.02221174357762501,2,2
44,TK-1999-0294_5401_HNE,4,True,False,0.0234834437974532,0.03374125003070691,2,2
44,TK-1999-0294_5401_HNE,5,True,False,0.0377218477878367,0.062198183922135025,3,4
44,EMSC-20200122_0000127_GOMA_HNE,4,True,False,0.0149201616005227,0.013001130804087933,2,2
44,EMSC-20200122_0000127_GOMA_HNE,5,True,False,0.0259404971550651,0.033926451678528785,2,3
44,EMSC-20200122_0000127_SOMA_HNN,0,True,False,0.0009015734334105,0.0009095044866494445,0,0
44,EMSC-20200122_0000127_SOMA_HNN,1,True,False,0.0035310541930319,0.0035542394199104734,0,0
44,EMSC-20200122_0000127_SOMA_HNN,2,True,False,0.0083919028800305,0.008745494718903127,1,1
44,EMSC-20200122_0000127_SOMA_HNN,3,True,False,0.0165467323136502,0.014009192012464151,2,2
44,EMSC-20200122_0000127_SOMA_HNN,4,True,False,0.0228587563918697,0.023384197588224274,2,2
44,EMSC-20200122_0000127_SOMA_HNN,5,True,False,0.0415714577733306,0.046254384620453864,3,3
45,TK-1999-0077_YPT_HNN,4,True,True,0.1,0.09161707220279533,4,4
45,TK-1999-0077_YPT_HNN,5,True,True,0.1,0.09079766683764234,4,4
45,TK-1999-0077_1612_HNE,0,True,True,0.0015733570287185,0.0008685839079366159,0,0
45,TK-1999-0077_1612_HNE,1,True,True,0.0056934183508443,0.0021614000396838555,1,0
45,TK-1999-0077_YPT_HNN,0,True,True,0.0017482022638424,0.0011509497833417984,0,0
45,TK-1999-0077_YPT_HNN,1,True,True,0.0069429763735156,0.0035714103757417933,1,0
45,TK-1999-0077_YPT_HNN,2,True,True,0.0241632438135324,0.010085521255300748,2,2
45,TK-1999-0077_YPT_HNN,3,True,True,0.1,0.055321255393461985,4,4
45,TK-1999-0077_1612_HNE,2,True,True,0.0100333646177623,0.004838367141677866,1,1
45,TK-1999-0077_1612_HNE,3,True,True,0.0217450477551871,0.009842089085333357,2,1
45,TK-1999-0077_1612_HNE,4,True,True,0.1,0.022236162846055802,4,4
45,TK-1999-0077_1612_HNE,5,True,True,0.0339497246744856,0.04725738752841577,3,4
45,TK-1999-0077_4101_HNE,0,True,True,0.0009486010728751,0.0015400144488617162,0,0
45,TK-1999-0077_4101_HNE,1,True,True,0.00445382069669,0.005283437849763818,0,1
45,TK-1999-0077_4101_HNE,2,True,True,0.0222541014029282,0.011167788885586356,2,2
45,TK-1999-0077_4101_HNE,3,True,True,0.1,0.04551874193988107,4,3
45,TK-1999-0077_4101_HNE,4,True,True,0.1,0.10626398104575142,4,4
45,TK-1999-0077_4101_HNE,5,True,True,0.1,0.12073349137139154,4,4
45,TK-1999-0077_4106_HNN,0,True,True,0.001009390890041,0.001749907332275683,0,0
45,TK-1999-0077_4106_HNN,1,True,True,0.0031953681298773,0.009236217595506475,0,1
45,TK-1999-0077_5401_HNE,0,True,True,0.0011989268185362,0.0013318314099239562,0,0
45,TK-1999-0077_5401_HNE,1,True,True,0.006235853575633,0.005568356886217605,1,1
45,TK-1999-0077_5401_HNE,2,True,True,0.0124434797770047,0.01676057602925929,2,2
45,TK-1999-0077_5401_HNE,3,True,True,0.0335960126484609,0.06482982509117555,3,4
45,TK-1999-0077_4106_HNN,2,True,True,0.0178692396271744,0.023805014657341066,2,2
45,TK-1999-0077_4106_HNN,3,True,True,0.1,0.0761709838435843,4,4
45,TK-1999-0077_4106_HNN,4,True,True,0.1,0.1280808032725814,4,4
45,TK-1999-0077_4106_HNN,5,True,True,0.1,0.14998879941531373,4,4
45,TK-1999-0077_5401_HNE,4,True,True,0.1,0.0727213264343061,4,4
45,TK-1999-0077_5401_HNE,5,True,True,0.1,0.08463462044215564,4,4
45,TK-1999-0415_487_HNN,0,True,True,0.0016158057801491,0.00121478349408356,0,0
45,TK-1999-0415_487_HNN,1,True,True,0.0039831648733138,0.003624572508172729,0,0
45,TK-1999-0415_487_HNN,2,True,True,0.0097052519236385,0.007987703787178961,1,1
45,TK-1999-0415_487_HNN,3,True,True,0.0207938973194714,0.016896946814537968,2,2
45,TK-1999-0415_487_HNN,4,True,True,0.1,0.04437906755495698,4,4
45,TK-1999-0415_487_HNN,5,True,True,0.1,0.07387761538582831,4,4
45,TK-1999-0415_496_HNN,0,True,True,0.0013499982487868,0.0018806416881785612,0,0
45,TK-1999-0415_496_HNN,1,True,True,0.0059713518780765,0.006951036975218015,1,1
45,TK-1999-0415_496_HNN,2,True,True,0.0139148815926875,0.02048860317305829,2,2
45,TK-1999-0415_496_HNN,3,True,True,0.0269699520220705,0.039943130443427045,2,2
45,TK-1999-0415_496_HNN,4,True,True,0.0699036771184611,0.0861547073828233,4,4
45,TK-1999-0415_496_HNN,5,True,True,0.1,0.090717250995608,4,4
45,TK-1999-0415_498_HNN,0,True,True,0.0018310627323782,0.0013279984114872633,0,0
45,TK-1999-0415_498_HNN,1,True,True,0.0044861289735032,0.004392300947934282,0,0
45,TK-1999-0415_C0362_HNN,0,True,True,0.0010254361522554,0.001013116947272821,0,0
45,TK-1999-0415_C0362_HNN,1,True,True,0.0033567459635545,0.0020444879025673136,0,0
45,TK-1999-0415_C0362_HNN,2,True,True,0.0067262732780056,0.0032472688011632635,1,0
45,TK-1999-0415_C0362_HNN,3,True,True,0.0138659632547157,0.0068417945789128656,2,1
45,TK-1999-0415_C0362_HNN,4,True,True,0.0361674150831582,0.010977302548406514,3,1
45,TK-1999-0415_C0362_HNN,5,True,True,0.1,0.018315124391625075,4,2
45,TK-1999-0415_C0375_HNN,0,True,True,0.00283316414585,0.0022817009552058795,0,0
45,TK-1999-0415_C0375_HNN,1,True,True,0.0061517991613905,0.00886282616772816,1,1
45,TK-1999-0415_498_HNN,2,True,True,0.0095091784186514,0.012913513083672263,1,1
45,TK-1999-0415_498_HNN,3,True,True,0.0246076316169904,0.03566520974691412,2,2
45,TK-1999-0415_498_HNN,4,True,True,0.0344397122107269,0.06838443168231147,3,4
45,TK-1999-0415_498_HNN,5,True,True,0.1,0.0900724528333514,4,4
45,TK-1999-0415_C0375_HNN,2,True,True,0.0171461971233658,0.01927743289692163,2,2
45,TK-1999-0415_C0375_HNN,3,True,True,0.1,0.05861978663055869,4,4
45,TK-1999-0415_C0375_HNN,4,True,True,0.1,0.09723596830617057,4,4
45,TK-1999-0415_C0375_HNN,5,True,True,0.1,0.1088993762071726,4,4
45,TK-1999-0415_C1058_HNE,0,True,True,0.0016442362832629,0.0011372251423130326,0,0
45,TK-1999-0415_C1058_HNE,1,True,True,0.0060970855128135,0.0035796191478170395,1,0
45,TK-1999-0415_C1058_HNE,2,True,True,0.0144438657716727,0.010924183019124999,2,2
45,TK-1999-0415_C1058_HNE,3,True,True,0.0497394165699429,0.03215586549358792,3,2
45,TK-1999-0415_C1058_HNE,4,True,True,0.1,0.080737896745883,4,4
45,TK-1999-0415_C1058_HNE,5,True,True,0.1,0.09966341223744431,4,4
45,TK-1999-0415_C1059_HNN,0,True,True,0.0011757690829515,0.0016532434875274609,0,0
45,TK-1999-0415_C1059_HNN,1,True,True,0.0035530374473433,0.004979423665804234,0,1
45,TK-1999-0415_C1059_HNN,2,True,True,0.0089818160120238,0.011323108993599968,1,1
45,TK-1999-0415_C1059_HNN,3,True,True,0.0211280078708341,0.027073883108040136,2,2
45,TK-1999-0415_C1059_HNN,4,True,True,0.1,0.08531584123653857,4,4
45,TK-1999-0415_C1059_HNN,5,True,True,0.1,0.09001422204858171,4,4
45,TK-1999-0415_C1060_HNE,0,True,True,0.0013243152174541,0.0012890387419403479,0,0
45,TK-1999-0415_C1060_HNE,1,True,True,0.0057449687076091,0.003604813976973059,1,0
45,TK-1999-0415_C1060_HNE,2,True,True,0.0131549963023968,0.008405367998112184,2,1
45,TK-1999-0415_C1060_HNE,3,True,True,0.1,0.019853835077319276,4,2
45,TK-1999-0415_C1060_HNE,4,True,True,0.1,0.05613188702023215,4,4
45,TK-1999-0415_C1060_HNE,5,True,True,0.1,0.0915714652178952,4,4
45,TK-1999-0415_C1061_HNE,0,True,True,0.0021736265122553,0.001294332227926044,0,0
45,TK-1999-0415_C1061_HNE,1,True,True,0.0054186554118642,0.00441409252789685,1,1
45,TK-1999-0415_C1062_HNE,0,True,True,0.0016218178273647,0.0012846516849605856,0,0
45,TK-1999-0415_C1062_HNE,1,True,True,0.0048243737598531,0.004452592762789888,0,1
45,TK-1999-0415_C1062_HNE,2,True,True,0.0084919676722236,0.011665307736478312,1,1
45,TK-1999-0415_C1062_HNE,3,True,True,0.0202446943894707,0.029746688151615016,2,2
45,TK-1999-0415_C1061_HNE,2,True,True,0.0110655469599987,0.009616055043304289,1,1
45,TK-1999-0415_C1061_HNE,3,True,True,0.0305550316185684,0.019050097947820914,3,2
45,TK-1999-0415_C1061_HNE,4,True,True,0.1,0.04494579838327521,4,4
45,TK-1999-0415_C1061_HNE,5,True,True,0.0411862050514049,0.0781734454557975,3,4
45,TK-1999-0415_C1062_HNE,4,True,True,0.1,0.07533879855151591,4,4
45,TK-1999-0415_C1062_HNE,5,True,True,0.1,0.08894564603795803,4,4
45,TK-1999-0415_D0531_HNN,0,True,True,0.0010808136450048,0.0014315367063024108,0,0
45,TK-1999-0415_D0531_HNN,1,True,True,0.0038317875278402,0.004258975328439788,0,0
45,TK-1999-0415_D0531_HNN,2,True,True,0.0106804378819224,0.010448144107802685,1,1
45,TK-1999-0415_D0531_HNN,3,True,True,0.024282982914257,0.027176318950093575,2,2
45,TK-1999-0415_D0531_HNN,4,True,True,0.1,0.06182055888258769,4,4
45,TK-1999-0415_D0531_HNN,5,True,True,0.1,0.08064498188782479,4,4
45,TK-1999-0415_1401_HNE,0,True,True,0.001144180966875,0.0014538814374658508,0,0
45,TK-1999-0415_1401_HNE,1,True,True,0.0033371406552551,0.004800912234568359,0,0
45,TK-1999-0415_1401_HNE,2,True,True,0.0056371476986026,0.008537836759471682,1,1
45,TK-1999-0415_1401_HNE,3,True,True,0.0080450813408017,0.016866993137298673,1,2
45,TK-1999-0415_1401_HNE,4,True,True,0.0141221625845174,0.029743716183835443,2,2
45,TK-1999-0415_1401_HNE,5,True,True,0.0262074267912547,0.051062027354216076,2,4
45,TK-1999-0415_1406_HNN,0,True,True,0.0012669381867254,0.0014579256933987031,0,0
45,TK-1999-0415_1406_HNN,1,True,True,0.0054918297983731,0.004864980440677745,1,1
45,TK-1999-0415_1406_HNN,2,True,True,0.0177902799833469,0.011610911221387143,2,1
45,TK-1999-0415_1406_HNN,3,True,True,0.1,0.023753371948598292,4,2
45,TK-1999-0415_1406_HNN,4,True,True,0.1,0.07058872417303771,4,4
45,TK-1999-0415_1406_HNN,5,True,True,0.0369963094670231,0.10929122786843276,3,4
45,TK-1999-0415_8101_HNE,0,True,True,0.0011377295511212,0.0015500833896424393,0,0
45,TK-1999-0415_8101_HNE,1,True,True,0.0039319923949277,0.00601461324669802,0,0
45,TK-1999-0415_8101_HNE,2,True,True,0.0109773101240266,0.014074055554303347,1,1
45,TK-1999-0415_8101_HNE,3,True,True,0.0237763918798999,0.027294908820680728,2,2
45,TK-1999-0415_8101_HNE,4,True,True,0.1,0.049205280736703154,4,4
45,TK-1999-0415_8101_HNE,5,True,True,0.1,0.06977880626789694,4,4
45,INT-20250810_0000200_AKS_HNN,0,True,True,0.0012725387771526,0.0017342279378365218,0,0
45,INT-20250810_0000200_AKS_HNN,1,True,True,0.0042660671422412,0.006024107081048738,0,1
45,INT-20250810_0000200_BALB_HNE,0,True,True,0.0012011607413719,0.0012761934170721142,0,0
45,INT-20250810_0000200_BALB_HNE,1,True,True,0.0033169112452538,0.003658443211550415,0,0
45,INT-20250810_0000200_BALB_HNE,2,True,True,0.0063681298033266,0.008302360984656634,1,1
45,INT-20250810_0000200_BALB_HNE,3,True,True,0.0134067386668895,0.017297889606216522,2,2
45,INT-20250810_0000200_AKS_HNN,2,True,True,0.0100915763150458,0.016978480116982345,1,2
45,INT-20250810_0000200_AKS_HNN,3,True,True,0.0268872618134519,0.04584602976876387,2,4
45,INT-20250810_0000200_AKS_HNN,4,True,True,0.0492969341589256,0.057736541771634974,3,4
45,INT-20250810_0000200_AKS_HNN,5,True,True,0.1,0.08670431936386416,4,4
45,INT-20250810_0000200_BALB_HNE,4,True,True,0.023359146285351,0.029887723380289995,2,2
45,INT-20250810_0000200_BALB_HNE,5,True,True,0.1,0.07850728850752367,4,4
45,INT-20250810_0000200_GORD_HNN,0,True,True,0.0012209135021426,0.0011548586953246387,0,0
45,INT-20250810_0000200_GORD_HNN,1,True,True,0.0036618703716486,0.002986244155650032,0,0
45,INT-20250810_0000200_GORD_HNN,2,True,True,0.0073722808134803,0.005662306125613872,1,1
45,INT-20250810_0000200_GORD_HNN,3,True,True,0.0112143115599615,0.01189985678537544,1,1
45,INT-20250810_0000200_GORD_HNN,4,True,True,0.028679768834756,0.018941466779627672,2,2
45,INT-20250810_0000200_GORD_HNN,5,True,True,0.1,0.04028009618388113,4,3
45,INT-20250810_0000200_SOMA_HNN,0,True,True,0.0014796315643515,0.0014874273421361338,0,0
45,INT-20250810_0000200_SOMA_HNN,1,True,True,0.0053996264209696,0.004645737351612986,1,1
45,INT-20250810_0000200_SOMA_HNN,2,True,True,0.0083954847735235,0.010604353686173977,1,1
45,INT-20250810_0000200_SOMA_HNN,3,True,True,0.0134863134893516,0.0221614403043881,2,2
45,INT-20250810_0000200_SOMA_HNN,4,True,True,0.0247423790544176,0.06349996349837772,2,3
45,INT-20250810_0000200_SOMA_HNN,5,True,True,0.1,0.07428285562866699,4,4
45,TK-1999-0294_1612_HNE,0,True,True,0.0016060406318544,0.0010212961556824373,0,0
45,TK-1999-0294_1612_HNE,1,True,True,0.0045931680024709,0.002381802132180222,0,0
45,TK-1999-0294_1612_HNE,2,True,True,0.0091607029904098,0.005573075698762354,1,1
45,TK-1999-0294_1612_HNE,3,True,True,0.0150215246702992,0.011352867441752004,2,2
45,TK-1999-0294_1612_HNE,4,True,True,0.0226508784353887,0.02023172419962384,2,2
45,TK-1999-0294_1612_HNE,5,True,True,0.1,0.03690190513564275,4,4
45,TK-2003-0179_1701_HNN,0,True,True,0.0009054272427371,0.0011183654606547158,0,0
45,TK-2003-0179_1701_HNN,1,True,True,0.00199191246791,0.0029538871265457115,0,0
45,TK-2003-0179_1701_HNN,2,True,True,0.0051865869435676,0.003906396939299531,1,0
45,TK-2003-0179_1701_HNN,3,True,True,0.0075860236076904,0.007687491100298425,1,1
45,TK-2003-0179_1701_HNN,4,True,True,0.0144379239754316,0.010924081068088272,2,2
45,TK-2003-0179_1701_HNN,5,True,True,0.0299426932828846,0.026178738975326007,2,2
45,TK-1999-0294_4101_HNE,0,True,True,0.0016737618451579,0.001846607469796618,0,0
45,TK-1999-0294_4101_HNE,1,True,True,0.0062470283341068,0.007850093168335261,1,0
45,TK-1999-0294_4101_HNE,2,True,True,0.0136018212374353,0.022264568789926508,2,4
45,TK-1999-0294_4101_HNE,3,True,True,0.0260790393847525,0.03358345023549046,2,2
45,TK-1999-0294_4101_HNE,4,True,True,0.1,0.08953156584663793,4,4
45,TK-1999-0294_4101_HNE,5,True,True,0.1,0.11385508622744994,4,4
45,TK-1999-0294_4107_HNE,0,True,True,0.0013509828957634,0.0011592218163029868,0,0
45,TK-1999-0294_4107_HNE,1,True,True,0.0042554073560316,0.0033950700663056685,0,0
45,TK-1999-0294_4107_HNE,2,True,True,0.0106844656799965,0.008535254561430939,1,1
45,TK-1999-0294_4107_HNE,3,True,True,0.0188841731176343,0.019059151588391388,2,2
45,TK-1999-0294_4107_HNE,4,True,True,0.0257456253282633,0.03989800631770894,2,4
45,TK-1999-0294_4107_HNE,5,True,True,0.1,0.05264105239003563,4,4
45,TK-1999-0294_5401_HNE,0,True,True,0.0010888746220356,0.002402889105742536,0,0
45,TK-1999-0294_5401_HNE,1,True,True,0.003990419967243,0.01007263719270574,0,1
45,TK-1999-0294_5401_HNE,2,True,True,0.0098837810476361,0.020214793428362503,1,2
45,TK-1999-0294_5401_HNE,3,True,True,0.0183727111149523,0.03327759615695586,2,2
45,TK-1999-0294_5401_HNE,4,True,True,0.1,0.07321654673420322,4,4
45,TK-1999-0294_5401_HNE,5,True,True,0.1,0.10088764922275394,4,4
45,EMSC-20200122_0000127_GOMA_HNE,0,True,True,0.0010541944262277,0.0010767632578840278,0,0
45,EMSC-20200122_0000127_GOMA_HNE,1,True,True,0.002597524341625,0.002952479893788981,0,0
45,EMSC-20200122_0000127_GOMA_HNE,2,True,True,0.0064433845040139,0.006428505187613918,1,1
45,EMSC-20200122_0000127_GOMA_HNE,3,True,True,0.0123942367405456,0.013010944792017158,2,2
45,EMSC-20200122_0000127_GOMA_HNE,4,True,True,0.0175247357333803,0.023742642367094988,2,2
45,EMSC-20200122_0000127_GOMA_HNE,5,True,True,0.0380712640529846,0.07515062110093601,3,4
45,EMSC-20200122_0000127_SOMA_HNN,0,True,True,0.0015642035079074,0.0012962891705102565,0,0
45,EMSC-20200122_0000127_SOMA_HNN,1,True,True,0.0057561804204429,0.004986182973363796,1,1
45,EMSC-20200122_0000127_SOMA_HNN,2,True,True,0.0117122494604447,0.011801156431047765,1,2
45,EMSC-20200122_0000127_SOMA_HNN,3,True,True,0.0205374751780846,0.026322228607278203,2,2
45,EMSC-20200122_0000127_SOMA_HNN,4,True,True,0.1,0.06897566301647776,4,4
45,EMSC-20200122_0000127_SOMA_HNN,5,True,True,0.1,0.11006282083907899,4,4
46,TK-1999-0077_YPT_HNN,4,True,True,0.1,0.08316465739079311,4,4
46,TK-1999-0077_YPT_HNN,5,True,True,0.1,0.09984412920326573,4,4
46,TK-1999-0077_1612_HNE,0,True,True,0.0014635339275883,0.0010233311706396105,0,0
46,TK-1999-0077_1612_HNE,1,True,True,0.0042789920565377,0.0019344995884417833,0,0
46,TK-1999-0077_YPT_HNN,0,True,True,0.0022486447838728,0.0013070171041841292,0,0
46,TK-1999-0077_YPT_HNN,1,True,True,0.0060269232267191,0.003870876578921876,1,0
46,TK-1999-0077_YPT_HNN,2,True,True,0.0181736448610779,0.00906409617231559,2,1
46,TK-1999-0077_YPT_HNN,3,True,True,0.1,0.04436156606268482,4,4
46,TK-1999-0077_4101_HNE,0,True,True,0.0016948964408273,0.0015666209575348896,0,0
46,TK-1999-0077_4101_HNE,1,True,True,0.0074633328506827,0.005604290161142687,1,1
46,TK-1999-0077_4101_HNE,2,True,True,0.0338709892543042,0.01672661662592214,3,2
46,TK-1999-0077_4101_HNE,3,True,True,0.1,0.08022258213798174,4,4
46,TK-1999-0077_1612_HNE,2,True,True,0.0079008643869223,0.0034656307284616165,1,0
46,TK-1999-0077_1612_HNE,3,True,True,0.0132940758385817,0.006646484863427351,2,1
46,TK-1999-0077_1612_HNE,4,True,True,0.0259878246486417,0.010441079976086414,2,1
46,TK-1999-0077_1612_HNE,5,True,True,0.1,0.02608140918787543,4,4
46,TK-1999-0077_4106_HNN,2,True,True,0.0600636871361504,0.0523868238851727,4,4
46,TK-1999-0077_4106_HNN,3,True,True,0.1,0.12779049119063665,4,4
46,TK-1999-0077_4106_HNN,4,True,True,0.1,0.16915483605971646,4,4
46,TK-1999-0077_4106_HNN,5,True,True,0.1,0.14533152599750926,4,4
46,TK-1999-0077_4101_HNE,4,True,True,0.1,0.14312335837683077,4,4
46,TK-1999-0077_4101_HNE,5,True,True,0.1,0.1262828766216505,4,4
46,TK-1999-0077_4106_HNN,0,True,True,0.0017823914912139,0.0026633669921351903,0,0
46,TK-1999-0077_4106_HNN,1,True,True,0.0112913787856153,0.013296156845259388,1,1
46,TK-1999-0077_5401_HNE,4,True,True,0.1,0.06684737051110189,4,4
46,TK-1999-0077_5401_HNE,5,True,True,0.1,0.08838476195529912,4,4
46,TK-1999-0415_487_HNN,0,True,True,0.0016064452831368,0.00130000352672307,0,0
46,TK-1999-0415_487_HNN,1,True,True,0.0039031630540157,0.003387159914196354,0,0
46,TK-1999-0077_5401_HNE,0,True,True,0.0013403298985524,0.0015052280093952378,0,0
46,TK-1999-0077_5401_HNE,1,True,True,0.004948532665708,0.006124797465212374,0,1
46,TK-1999-0077_5401_HNE,2,True,True,0.0124254247201429,0.018497984638072677,2,3
46,TK-1999-0077_5401_HNE,3,True,True,0.1,0.06664519670677051,4,4
46,TK-1999-0415_487_HNN,2,True,True,0.0082448540465096,0.007815967076672519,1,1
46,TK-1999-0415_487_HNN,3,True,True,0.0174305609575542,0.0183150087638614,2,1
46,TK-1999-0415_487_HNN,4,True,True,0.1,0.05009408226456049,4,4
46,TK-1999-0415_487_HNN,5,True,True,0.1,0.08210900746132739,4,4
46,TK-1999-0415_496_HNN,0,True,True,0.0024482895989827,0.003348943552085535,0,0
46,TK-1999-0415_496_HNN,1,True,True,0.0107132866532616,0.00858461979709209,1,1
46,TK-1999-0415_496_HNN,2,True,True,0.0181291268512953,0.021661342652663812,2,2
46,TK-1999-0415_496_HNN,3,True,True,0.077027852225452,0.07346750724858647,4,4
46,TK-1999-0415_496_HNN,4,True,True,0.1,0.09841370499150823,4,4
46,TK-1999-0415_496_HNN,5,True,True,0.1,0.10340727724130201,4,4
46,TK-1999-0415_498_HNN,0,True,True,0.001639165608645,0.0016224754600867536,0,0
46,TK-1999-0415_498_HNN,1,True,True,0.0043625862143119,0.004415544289973249,0,0
46,TK-1999-0415_C0362_HNN,0,True,True,0.0012953135773706,0.001164866279356528,0,0
46,TK-1999-0415_C0362_HNN,1,True,True,0.0036911936992731,0.002038743784016325,0,0
46,TK-1999-0415_C0362_HNN,2,True,True,0.0082040182614492,0.0038914183078964677,1,0
46,TK-1999-0415_C0362_HNN,3,True,True,0.0187347428981058,0.008215048797167245,2,1
46,TK-1999-0415_498_HNN,2,True,True,0.0084102435957719,0.012449711634091878,1,1
46,TK-1999-0415_498_HNN,3,True,True,0.0218116749418846,0.03301747613782834,2,2
46,TK-1999-0415_498_HNN,4,True,True,0.1,0.0699769240252497,4,4
46,TK-1999-0415_498_HNN,5,True,True,0.1,0.09046632333119801,4,4
46,TK-1999-0415_C0375_HNN,2,True,True,0.020974502702467,0.022011702383871148,2,2
46,TK-1999-0415_C0375_HNN,3,True,True,0.1,0.08121930455005955,4,4
46,TK-1999-0415_C0375_HNN,4,True,True,0.1,0.1090160612956924,4,4
46,TK-1999-0415_C0375_HNN,5,True,True,0.1,0.11998995627590396,4,4
46,TK-1999-0415_C0362_HNN,4,True,True,0.1,0.014282194113791669,4,1
46,TK-1999-0415_C0362_HNN,5,True,True,0.1,0.025823824649501264,4,4
46,TK-1999-0415_C0375_HNN,0,True,True,0.0031632752892347,0.003125404168511428,0,0
46,TK-1999-0415_C0375_HNN,1,True,True,0.0077415229279118,0.01046397833261706,1,1
46,TK-1999-0415_C1058_HNE,0,True,True,0.0016298205387863,0.0012202281509259255,0,0
46,TK-1999-0415_C1058_HNE,1,True,True,0.0049770481590468,0.0035034241678220165,0,0
46,TK-1999-0415_C1058_HNE,2,True,True,0.0106452377749191,0.007814504050030872,1,1
46,TK-1999-0415_C1058_HNE,3,True,True,0.0254419652697721,0.0232343980242055,2,2
46,TK-1999-0415_C1058_HNE,4,True,True,0.1,0.0810783737798744,4,4
46,TK-1999-0415_C1058_HNE,5,True,True,0.1,0.1270674994116959,4,4
46,TK-1999-0415_C1059_HNN,0,True,True,0.0016414484562664,0.0019856963434294107,0,0
46,TK-1999-0415_C1059_HNN,1,True,True,0.0048285231345678,0.005021040716208394,0,1
46,TK-1999-0415_C1059_HNN,2,True,True,0.0115708120427217,0.013686734683204069,1,1
46,TK-1999-0415_C1059_HNN,3,True,True,0.1,0.03870750141689416,4,2
46,TK-1999-0415_C1059_HNN,4,True,True,0.1,0.09396548072058233,4,4
46,TK-1999-0415_C1059_HNN,5,True,True,0.1,0.11920251592343628,4,4
46,TK-1999-0415_C1060_HNE,0,True,True,0.0024895280657076,0.0015492488193625106,0,0
46,TK-1999-0415_C1060_HNE,1,True,True,0.0066287453023123,0.004411841907813674,1,0
46,TK-1999-0415_C1060_HNE,2,True,True,0.0152147957802029,0.011594178405360799,2,1
46,TK-1999-0415_C1060_HNE,3,True,True,0.1,0.030539344070878487,4,2
46,TK-1999-0415_C1060_HNE,4,True,True,0.1,0.09493714885559278,4,4
46,TK-1999-0415_C1060_HNE,5,True,True,0.1,0.11828505037319942,4,4
46,TK-1999-0415_C1061_HNE,0,True,True,0.0022225716230249,0.0015213972675194318,0,0
46,TK-1999-0415_C1061_HNE,1,True,True,0.0056835736248195,0.004488140761072633,1,0
46,TK-1999-0415_C1061_HNE,2,True,True,0.01055591084197,0.009598333908859405,1,1
46,TK-1999-0415_C1061_HNE,3,True,True,0.025978283335423,0.021788156050530003,2,2
46,TK-1999-0415_C1061_HNE,4,True,True,0.1,0.05118024873237653,4,4
46,TK-1999-0415_C1061_HNE,5,True,True,0.1,0.07494945782430501,4,4
46,TK-1999-0415_C1062_HNE,0,True,True,0.0021510834232653,0.0014809692966084697,0,0
46,TK-1999-0415_C1062_HNE,1,True,True,0.0041655104864942,0.0047615640849498235,0,0
46,TK-1999-0415_C1062_HNE,2,True,True,0.0085396840469741,0.011804564660311472,1,1
46,TK-1999-0415_C1062_HNE,3,True,True,0.0206982459967242,0.02951377921722732,2,2
46,TK-1999-0415_D0531_HNN,2,True,True,0.0205038639749531,0.01608580181721839,2,2
46,TK-1999-0415_D0531_HNN,3,True,True,0.1,0.03907724629032154,4,4
46,TK-1999-0415_D0531_HNN,4,True,True,0.1,0.08500732561072719,4,4
46,TK-1999-0415_D0531_HNN,5,True,True,0.1,0.0985498392077895,4,4
46,TK-1999-0415_C1062_HNE,4,True,True,0.1,0.09225390843942023,4,4
46,TK-1999-0415_C1062_HNE,5,True,True,0.1,0.10332662657685386,4,4
46,TK-1999-0415_D0531_HNN,0,True,True,0.0027351048523947,0.0018618304886102164,0,0
46,TK-1999-0415_D0531_HNN,1,True,True,0.0080646219137828,0.006090727378025069,1,1
46,TK-1999-0415_1401_HNE,0,True,True,0.0012242734859609,0.001582843929967851,0,0
46,TK-1999-0415_1401_HNE,1,True,True,0.0027641553138823,0.005199207346314873,0,0
46,TK-1999-0415_1401_HNE,2,True,True,0.005602434570492,0.009646118407663008,1,1
46,TK-1999-0415_1401_HNE,3,True,True,0.0090903220757296,0.018274794533892507,1,2
46,TK-1999-0415_1401_HNE,4,True,True,0.016481912032047,0.029210443044456313,2,2
46,TK-1999-0415_1401_HNE,5,True,True,0.0284500677701204,0.0877577952074861,2,4
46,TK-1999-0415_1406_HNN,0,True,True,0.0019187502585248,0.002138769369437472,0,0
46,TK-1999-0415_1406_HNN,1,True,True,0.0079055501362121,0.00678798844859694,1,1
46,TK-1999-0415_1406_HNN,2,True,True,0.0272217230106096,0.014870329928140961,2,2
46,TK-1999-0415_1406_HNN,3,True,True,0.1,0.045339799689804665,4,4
46,TK-1999-0415_1406_HNN,4,True,True,0.1,0.10453519946546314,4,4
46,TK-1999-0415_1406_HNN,5,True,True,0.1,0.10751335909437174,4,4
46,TK-1999-0415_8101_HNE,4,True,True,0.1,0.05065496624129482,4,4
46,TK-1999-0415_8101_HNE,5,True,True,0.1,0.08101735083811308,4,4
46,INT-20250810_0000200_AKS_HNN,0,True,True,0.00155922318033,0.0022137741126139815,0,0
46,INT-20250810_0000200_AKS_HNN,1,True,True,0.0048472581068495,0.007698653374364068,0,1
46,TK-1999-0415_8101_HNE,0,True,True,0.0014695195620801,0.0017537002898721746,0,0
46,TK-1999-0415_8101_HNE,1,True,True,0.007036628254823,0.00687661085993219,1,1
46,TK-1999-0415_8101_HNE,2,True,True,0.0176235324796659,0.01778755389836474,2,2
46,TK-1999-0415_8101_HNE,3,True,True,0.1,0.03564297442183454,4,4
46,INT-20250810_0000200_AKS_HNN,2,True,True,0.0140065052774156,0.020861966774984145,2,2
46,INT-20250810_0000200_AKS_HNN,3,True,True,0.0336353448977249,0.058830418944856494,3,4
46,INT-20250810_0000200_AKS_HNN,4,True,True,0.1,0.05877123279524756,4,4
46,INT-20250810_0000200_AKS_HNN,5,True,True,0.1,0.1014760539524747,4,4
46,INT-20250810_0000200_BALB_HNE,0,True,True,0.0009261437654753,0.0013293967232041693,0,0
46,INT-20250810_0000200_BALB_HNE,1,True,True,0.0029877648413057,0.003535194205215949,0,0
46,INT-20250810_0000200_BALB_HNE,2,True,True,0.0057452441161052,0.007554422083991279,1,1
46,INT-20250810_0000200_BALB_HNE,3,True,True,0.0131316566886522,0.01686024422040962,2,2
46,INT-20250810_0000200_BALB_HNE,4,True,True,0.0218150892174883,0.030806388301664954,2,2
46,INT-20250810_0000200_BALB_HNE,5,True,True,0.1,0.08954599281429407,4,4
46,INT-20250810_0000200_GORD_HNN,0,True,True,0.0013069781526756,0.0011581499974719451,0,0
46,INT-20250810_0000200_GORD_HNN,1,True,True,0.0030638342600639,0.0029480793279820167,0,0
46,INT-20250810_0000200_GORD_HNN,2,True,True,0.0066019295365386,0.005479496862582416,1,1
46,INT-20250810_0000200_GORD_HNN,3,True,True,0.0107356572699358,0.01104332264959574,1,1
46,INT-20250810_0000200_GORD_HNN,4,True,True,0.0243083240525793,0.01757368327071103,2,2
46,INT-20250810_0000200_GORD_HNN,5,True,True,0.1,0.04043100037128566,4,4
46,INT-20250810_0000200_SOMA_HNN,0,True,True,0.0019545650181006,0.0015283688647018468,0,0
46,INT-20250810_0000200_SOMA_HNN,1,True,True,0.0045977038568791,0.004537012657969765,0,1
46,INT-20250810_0000200_SOMA_HNN,2,True,True,0.0089676294430881,0.011308035547987908,1,1
46,INT-20250810_0000200_SOMA_HNN,3,True,True,0.0154908364322053,0.02561644802907375,2,2
46,INT-20250810_0000200_SOMA_HNN,4,True,True,0.0261223818270711,0.06978503144994813,2,4
46,INT-20250810_0000200_SOMA_HNN,5,True,True,0.1,0.0934368335128257,4,4
46,TK-1999-0294_1612_HNE,0,True,True,0.0012533794754042,0.0010501871472041575,0,0
46,TK-1999-0294_1612_HNE,1,True,True,0.0031073765440514,0.002353341904424806,0,0
46,TK-1999-0294_1612_HNE,2,True,True,0.0076209366248729,0.0047676114876382914,1,1
46,TK-1999-0294_1612_HNE,3,True,True,0.0120417488188475,0.008209309713044387,2,1
46,TK-1999-0294_1612_HNE,4,True,True,0.0168451448569841,0.012335634402402073,2,2
46,TK-1999-0294_1612_HNE,5,True,True,0.0512207260750023,0.02631085863623207,3,2
46,TK-2003-0179_1701_HNN,0,True,True,0.0008844396521045,0.001206346749747962,0,0
46,TK-2003-0179_1701_HNN,1,True,True,0.0028808544933375,0.0028554317701405692,0,0
46,TK-2003-0179_1701_HNN,2,True,True,0.0060821976981742,0.00513535339468543,1,1
46,TK-2003-0179_1701_HNN,3,True,True,0.011179377075467,0.010463412514167627,1,1
46,TK-1999-0294_4101_HNE,2,True,True,0.0148229625182973,0.020608907309883667,2,2
46,TK-1999-0294_4101_HNE,3,True,True,0.0298818213008558,0.035735922423049994,2,2
46,TK-1999-0294_4101_HNE,4,True,True,0.1,0.10097321409351794,4,4
46,TK-1999-0294_4101_HNE,5,True,True,0.1,0.10725425280888577,4,4
46,TK-2003-0179_1701_HNN,4,True,True,0.0234574438479067,0.01618548647574057,2,2
46,TK-2003-0179_1701_HNN,5,True,True,0.1,0.03749610638238864,4,3
46,TK-1999-0294_4101_HNE,0,True,True,0.0025149579436936,0.0023146826839006013,0,0
46,TK-1999-0294_4101_HNE,1,True,True,0.0080764346905072,0.009604690769935913,1,1
46,TK-1999-0294_4107_HNE,0,True,True,0.0012280377625685,0.0011878246422606148,0,0
46,TK-1999-0294_4107_HNE,1,True,True,0.0036459247065451,0.003301737644551116,0,0
46,TK-1999-0294_4107_HNE,2,True,True,0.008985835455629,0.008120358890718363,1,1
46,TK-1999-0294_4107_HNE,3,True,True,0.0159756413484085,0.016522935074879248,2,2
46,TK-1999-0294_4107_HNE,4,True,True,0.0239552652279062,0.03991834859534925,2,4
46,TK-1999-0294_4107_HNE,5,True,True,0.0632593660806925,0.05350893870114748,4,4
46,TK-1999-0294_5401_HNE,0,True,True,0.0014452008382055,0.0033814375553502048,0,0
46,TK-1999-0294_5401_HNE,1,True,True,0.005136258805453,0.010259673769937767,1,1
46,TK-1999-0294_5401_HNE,2,True,True,0.0096803124423308,0.021794628043250518,1,2
46,TK-1999-0294_5401_HNE,3,True,True,0.0253846552900825,0.03399457541031926,2,2
46,TK-1999-0294_5401_HNE,4,True,True,0.1,0.08835715759935665,4,4
46,TK-1999-0294_5401_HNE,5,True,True,0.1,0.09771943247344668,4,4
46,EMSC-20200122_0000127_GOMA_HNE,0,True,True,0.0010821372408459,0.0012453717372188744,0,0
46,EMSC-20200122_0000127_GOMA_HNE,1,True,True,0.0032539348006538,0.003679770165643397,0,0
46,EMSC-20200122_0000127_GOMA_HNE,2,True,True,0.00853881260181,0.007990168583563665,1,1
46,EMSC-20200122_0000127_GOMA_HNE,3,True,True,0.0158940113866481,0.01694945193250651,2,2
46,EMSC-20200122_0000127_GOMA_HNE,4,True,True,0.0217691413905843,0.04208572169747698,2,4
46,EMSC-20200122_0000127_GOMA_HNE,5,True,True,0.1,0.08646726850969778,4,4
46,EMSC-20200122_0000127_SOMA_HNN,0,True,True,0.0018704917254756,0.0018671807090724116,0,0
46,EMSC-20200122_0000127_SOMA_HNN,1,True,True,0.0059288953239277,0.006339560832915041,1,1
46,EMSC-20200122_0000127_SOMA_HNN,2,True,True,0.0165234395756406,0.015327549481486425,2,2
46,EMSC-20200122_0000127_SOMA_HNN,3,True,True,0.0257974265939784,0.03277223264058659,2,2
46,EMSC-20200122_0000127_SOMA_HNN,4,True,True,0.1,0.09579780271330965,4,4
46,EMSC-20200122_0000127_SOMA_HNN,5,True,True,0.1,0.11092614792534224,4,4
47,TK-1999-0077_YPT_HNN,4,True,True,0.1,0.08007093999489825,4,4
47,TK-1999-0077_YPT_HNN,5,True,True,0.1,0.08201287133169566,4,4
47,TK-1999-0077_1612_HNE,0,True,True,0.0012913952904734,0.0008092424765549216,0,0
47,TK-1999-0077_1612_HNE,1,True,True,0.0057133476976864,0.0019968674395470726,1,0
47,TK-1999-0077_YPT_HNN,0,True,True,0.0013992191586048,0.001062362018234779,0,0
47,TK-1999-0077_YPT_HNN,1,True,True,0.0053827486846167,0.0031000181792331157,1,0
47,TK-1999-0077_YPT_HNN,2,True,True,0.0182724760216844,0.008491196795813052,2,1
47,TK-1999-0077_YPT_HNN,3,True,True,0.1,0.04048901731618297,4,3
47,TK-1999-0077_1612_HNE,2,True,True,0.0097596137228483,0.004410769088351829,1,0
47,TK-1999-0077_1612_HNE,3,True,True,0.0186251833913279,0.00888070545040187,2,1
47,TK-1999-0077_1612_HNE,4,True,True,0.1,0.020674887646706816,4,4
47,TK-1999-0077_1612_HNE,5,True,True,0.1,0.04329614384475687,4,4
47,TK-1999-0077_4101_HNE,0,True,True,0.0009530051931312,0.0012880872968880725,0,0
47,TK-1999-0077_4101_HNE,1,True,True,0.0036016678620022,0.004721799605723387,0,1
47,TK-1999-0077_4101_HNE,2,True,True,0.015126382177786,0.010012890094381183,2,2
47,TK-1999-0077_4101_HNE,3,True,True,0.0619040462751737,0.03632770847324257,4,4
47,TK-1999-0077_4101_HNE,4,True,True,0.1,0.10210004449657485,4,4
47,TK-1999-0077_4101_HNE,5,True,True,0.1,0.11645584069609381,4,4
47,TK-1999-0077_4106_HNN,0,True,True,0.0009939696653737,0.0015007229554291543,0,0
47,TK-1999-0077_4106_HNN,1,True,True,0.001978059424023,0.006913520713109366,0,1
47,TK-1999-0077_4106_HNN,2,True,True,0.0098370306869832,0.021007556292459484,1,2
47,TK-1999-0077_4106_HNN,3,True,True,0.0625715485786865,0.06822221932191437,4,4
47,TK-1999-0077_4106_HNN,4,True,True,0.1,0.10012318436526861,4,4
47,TK-1999-0077_4106_HNN,5,True,True,0.1,0.14823701844200676,4,4
47,TK-1999-0077_5401_HNE,0,True,True,0.0010990140449973,0.001157269113695846,0,0
47,TK-1999-0077_5401_HNE,1,True,True,0.0053354237978141,0.0052236571271810405,1,1
47,TK-1999-0077_5401_HNE,2,True,True,0.0117681935415535,0.014848329260156057,1,1
47,TK-1999-0077_5401_HNE,3,True,True,0.0375193617983513,0.055300394992403364,3,4
47,TK-1999-0077_5401_HNE,4,True,True,0.1,0.0678913629641275,4,4
47,TK-1999-0077_5401_HNE,5,True,True,0.1,0.08931475359610097,4,4
47,TK-1999-0415_487_HNN,0,True,True,0.0012570357777689,0.0010371816761728864,0,0
47,TK-1999-0415_487_HNN,1,True,True,0.0038758478609243,0.0032621883701646616,0,0
47,TK-1999-0415_496_HNN,0,True,True,0.0013585118757371,0.0017189117189452905,0,0
47,TK-1999-0415_496_HNN,1,True,True,0.004226545167548,0.006473072876660487,0,1
47,TK-1999-0415_496_HNN,2,True,True,0.0133467464212862,0.01762339025715514,2,2
47,TK-1999-0415_496_HNN,3,True,True,0.0199115158456093,0.034083374485553236,2,2
47,TK-1999-0415_487_HNN,2,True,True,0.0085526955362952,0.007314266662182389,1,1
47,TK-1999-0415_487_HNN,3,True,True,0.0173206690314993,0.015948590642671574,2,1
47,TK-1999-0415_487_HNN,4,True,True,0.1,0.04003158688919973,4,4
47,TK-1999-0415_487_HNN,5,True,True,0.1,0.08271332483554977,4,4
47,TK-1999-0415_496_HNN,4,True,True,0.1,0.06917552579905863,4,4
47,TK-1999-0415_496_HNN,5,True,True,0.1,0.09716006417065563,4,4
47,TK-1999-0415_498_HNN,0,True,True,0.001407146366658,0.0011664116651477253,0,0
47,TK-1999-0415_498_HNN,1,True,True,0.0039489183741629,0.0037749562808370354,0,0
47,TK-1999-0415_498_HNN,2,True,True,0.008045724502806,0.010354328441987522,1,1
47,TK-1999-0415_498_HNN,3,True,True,0.0163799800293159,0.02433446965526466,2,2
47,TK-1999-0415_498_HNN,4,True,True,0.1,0.05257501665606067,4,4
47,TK-1999-0415_498_HNN,5,True,True,0.1,0.08419881174437399,4,4
47,TK-1999-0415_C0362_HNN,0,True,True,0.0009733075933772,0.0008808581893252883,0,0
47,TK-1999-0415_C0362_HNN,1,True,True,0.0030201497966403,0.0017780656267311846,0,0
47,TK-1999-0415_C0362_HNN,2,True,True,0.0060626249802651,0.0026849355107180406,1,0
47,TK-1999-0415_C0362_HNN,3,True,True,0.0113040640212248,0.0058943905719680435,1,1
47,TK-1999-0415_C0362_HNN,4,True,True,0.0248113310784456,0.009600331175413085,2,1
47,TK-1999-0415_C0362_HNN,5,True,True,0.1,0.014413113473714777,4,2
47,TK-1999-0415_C0375_HNN,0,True,True,0.0034467629151302,0.0020037009973324278,0,0
47,TK-1999-0415_C0375_HNN,1,True,True,0.0076340789132114,0.0077350778539756505,1,1
47,TK-1999-0415_C0375_HNN,2,True,True,0.0156952757339168,0.01822906361109187,2,2
47,TK-1999-0415_C0375_HNN,3,True,True,0.0356165112784864,0.05784563192339221,3,4
47,TK-1999-0415_C0375_HNN,4,True,True,0.1,0.09567400470054292,4,4
47,TK-1999-0415_C0375_HNN,5,True,True,0.1,0.12287353316497887,4,4
47,TK-1999-0415_C1058_HNE,4,True,True,0.1,0.0719941060857634,4,4
47,TK-1999-0415_C1058_HNE,5,True,True,0.1,0.09537276143069412,4,4
47,TK-1999-0415_C1059_HNN,0,True,True,0.0009918695771422,0.0013739009605639515,0,0
47,TK-1999-0415_C1059_HNN,1,True,True,0.003270729719899,0.004653655471452223,0,0
47,TK-1999-0415_C1058_HNE,0,True,True,0.0012639777611449,0.001032813989645606,0,0
47,TK-1999-0415_C1058_HNE,1,True,True,0.0062154524745667,0.003231056688950115,1,0
47,TK-1999-0415_C1058_HNE,2,True,True,0.0123642672386241,0.009799518533592911,2,2
47,TK-1999-0415_C1058_HNE,3,True,True,0.0367636682478154,0.02835050390087119,3,2
47,TK-1999-0415_C1059_HNN,2,True,True,0.0081943946735166,0.010552902724782837,1,1
47,TK-1999-0415_C1059_HNN,3,True,True,0.0159332584918825,0.021838529153582992,2,2
47,TK-1999-0415_C1059_HNN,4,True,True,0.1,0.06856304354752876,4,4
47,TK-1999-0415_C1059_HNN,5,True,True,0.1,0.09497921780913426,4,4
47,TK-1999-0415_C1060_HNE,0,True,True,0.0009099775635803,0.0011597883404651614,0,0
47,TK-1999-0415_C1060_HNE,1,True,True,0.0053321043018708,0.003182526970686368,1,0
47,TK-1999-0415_C1060_HNE,2,True,True,0.0116842063568927,0.0072130313344545265,1,1
47,TK-1999-0415_C1060_HNE,3,True,True,0.0230906067680257,0.01694753058074322,2,2
47,TK-1999-0415_C1060_HNE,4,True,True,0.1,0.04536918011408053,4,4
47,TK-1999-0415_C1060_HNE,5,True,True,0.1,0.09857053531864574,4,4
47,TK-1999-0415_C1061_HNE,0,True,True,0.0015492055215275,0.001153013981883506,0,0
47,TK-1999-0415_C1061_HNE,1,True,True,0.0045740477411567,0.003855145158311283,0,0
47,TK-1999-0415_C1061_HNE,2,True,True,0.0083907355989705,0.008024887863634035,1,1
47,TK-1999-0415_C1061_HNE,3,True,True,0.0207907391980816,0.0153597940710391,2,2
47,TK-1999-0415_C1061_HNE,4,True,True,0.1,0.03265446699096774,4,3
47,TK-1999-0415_C1061_HNE,5,True,True,0.1,0.0629904113677043,4,4
47,TK-1999-0415_C1062_HNE,0,True,True,0.0014567359293087,0.001134462796966087,0,0
47,TK-1999-0415_C1062_HNE,1,True,True,0.0048415751792113,0.004154835913160955,0,0
47,TK-1999-0415_C1062_HNE,2,True,True,0.0085393978407293,0.010218541749318953,1,1
47,TK-1999-0415_C1062_HNE,3,True,True,0.0168026425328018,0.023804230562971727,2,2
47,TK-1999-0415_C1062_HNE,4,True,True,0.0369183434779955,0.07238019297703327,3,4
47,TK-1999-0415_C1062_HNE,5,True,True,0.1,0.09516196721834148,4,4
47,TK-1999-0415_D0531_HNN,0,True,True,0.0009245798738809,0.0012745347662484836,0,0
47,TK-1999-0415_D0531_HNN,1,True,True,0.0040551495567213,0.00385908578014994,0,0
47,TK-1999-0415_1401_HNE,0,True,True,0.0009684085468579,0.00124990663916605,0,0
47,TK-1999-0415_1401_HNE,1,True,True,0.003175199072303,0.004795725541304462,0,0
47,TK-1999-0415_1401_HNE,2,True,True,0.0050070291732058,0.008574474475991245,1,1
47,TK-1999-0415_1401_HNE,3,True,True,0.0079452613851425,0.015399527332927052,1,2
47,TK-1999-0415_D0531_HNN,2,True,True,0.0095825890776482,0.008718960999334028,1,1
47,TK-1999-0415_D0531_HNN,3,True,True,0.0197888564786056,0.02077022614109155,2,2
47,TK-1999-0415_D0531_HNN,4,True,True,0.0362942505011004,0.054580009330331414,3,4
47,TK-1999-0415_D0531_HNN,5,True,True,0.1,0.08091094324675979,4,4
47,TK-1999-0415_1401_HNE,4,True,True,0.0124036217464052,0.028317325673933958,2,2
47,TK-1999-0415_1401_HNE,5,True,True,0.0213957391863664,0.04858620151229947,2,4
47,TK-1999-0415_1406_HNN,0,True,True,0.00135012127591,0.0012656976373261175,0,0
47,TK-1999-0415_1406_HNN,1,True,True,0.0040004353081448,0.004524782277625405,0,1
47,TK-1999-0415_1406_HNN,2,True,True,0.0116667600083291,0.010153820157820553,1,1
47,TK-1999-0415_1406_HNN,3,True,True,0.0379653006161691,0.0199082317708593,3,2
47,TK-1999-0415_1406_HNN,4,True,True,0.1,0.056488778649504426,4,4
47,TK-1999-0415_1406_HNN,5,True,True,0.1,0.10519188863808718,4,4
47,TK-1999-0415_8101_HNE,0,True,True,0.0009864826149565,0.0013246868582244432,0,0
47,TK-1999-0415_8101_HNE,1,True,True,0.0032332762075025,0.005054582433020969,0,0
47,TK-1999-0415_8101_HNE,2,True,True,0.009796540838396,0.01314608235306155,1,1
47,TK-1999-0415_8101_HNE,3,True,True,0.0189892340126276,0.02500146348195188,2,2
47,TK-1999-0415_8101_HNE,4,True,True,0.0502460279900203,0.048987958919471025,3,3
47,TK-1999-0415_8101_HNE,5,True,True,0.1,0.07017666372735028,4,4
47,INT-20250810_0000200_AKS_HNN,0,True,True,0.0010422612287058,0.001354513960186683,0,0
47,INT-20250810_0000200_AKS_HNN,1,True,True,0.0033301968961196,0.0052031591376798265,0,1
47,INT-20250810_0000200_BALB_HNE,0,True,True,0.0010330855572247,0.0011229025885316386,0,0
47,INT-20250810_0000200_BALB_HNE,1,True,True,0.0024240814354063,0.0033837624899638015,0,0
47,INT-20250810_0000200_BALB_HNE,2,True,True,0.0054856281248934,0.007638221839928958,1,1
47,INT-20250810_0000200_BALB_HNE,3,True,True,0.0106614895455666,0.013395729129379622,1,1
47,INT-20250810_0000200_AKS_HNN,2,True,True,0.0091026924203091,0.012587198883846976,1,2
47,INT-20250810_0000200_AKS_HNN,3,True,True,0.0209096824788998,0.031637041257128865,2,3
47,INT-20250810_0000200_AKS_HNN,4,True,True,0.045020134563072,0.04578712299351857,3,4
47,INT-20250810_0000200_AKS_HNN,5,True,True,0.1,0.08014350234926143,4,4
47,INT-20250810_0000200_BALB_HNE,4,True,True,0.0184591155360892,0.023670445059815932,2,2
47,INT-20250810_0000200_BALB_HNE,5,True,True,0.033473055102349,0.0658098933944692,3,4
47,INT-20250810_0000200_GORD_HNN,0,True,True,0.001095659012037,0.0010098740572901017,0,0
47,INT-20250810_0000200_GORD_HNN,1,True,True,0.0035121256837059,0.002862425422786752,0,0
47,INT-20250810_0000200_GORD_HNN,2,True,True,0.0066212885795047,0.005498843123611168,1,1
47,INT-20250810_0000200_GORD_HNN,3,True,True,0.0107127697188272,0.010222023201745848,1,1
47,INT-20250810_0000200_GORD_HNN,4,True,True,0.0217944697876444,0.015500795603121767,2,2
47,INT-20250810_0000200_GORD_HNN,5,True,True,0.1,0.03706082891837149,4,3
47,INT-20250810_0000200_SOMA_HNN,0,True,True,0.0009230850202986,0.001240927542060998,0,0
47,INT-20250810_0000200_SOMA_HNN,1,True,True,0.0047190196471767,0.003880099555057896,0,0
47,INT-20250810_0000200_SOMA_HNN,2,True,True,0.0079892038859529,0.008368662610346694,1,1
47,INT-20250810_0000200_SOMA_HNN,3,True,True,0.0130300844110928,0.01721739319863787,2,2
47,INT-20250810_0000200_SOMA_HNN,4,True,True,0.0181917810418333,0.03932011181653307,2,3
47,INT-20250810_0000200_SOMA_HNN,5,True,True,0.0348473889251745,0.07778472018903267,3,4
47,TK-1999-0294_1612_HNE,0,True,True,0.0014565391304163,0.0008986071897717393,0,0
47,TK-1999-0294_1612_HNE,1,True,True,0.0039478288651781,0.0022629964675460225,0,0
47,TK-1999-0294_1612_HNE,2,True,True,0.0094151700279814,0.005452762870018061,1,1
47,TK-1999-0294_1612_HNE,3,True,True,0.0151575280058625,0.010846881709329414,2,2
47,TK-1999-0294_1612_HNE,4,True,True,0.0242364209064947,0.01892237442124204,2,2
47,TK-1999-0294_1612_HNE,5,True,True,0.1,0.034165624473962396,4,2
47,TK-2003-0179_1701_HNN,0,True,True,0.0008966933684499,0.0009822225745256222,0,0
47,TK-2003-0179_1701_HNN,1,True,True,0.0019304465706337,0.00268483970415711,0,0
47,TK-2003-0179_1701_HNN,2,True,True,0.0048046960699448,0.0036248570628055073,0,0
47,TK-2003-0179_1701_HNN,3,True,True,0.006621171397262,0.00640261142577215,1,1
47,TK-1999-0294_4101_HNE,2,True,True,0.0143046845058616,0.019175677884224977,2,1
47,TK-1999-0294_4101_HNE,3,True,True,0.019791572302755,0.029123881363092675,2,2
47,TK-1999-0294_4101_HNE,4,True,True,0.0451951346125606,0.06732845850429757,3,4
47,TK-1999-0294_4101_HNE,5,True,True,0.1,0.11631768613419845,4,4
47,TK-2003-0179_1701_HNN,4,True,True,0.0117842884736511,0.009906139640219622,1,2
47,TK-2003-0179_1701_HNN,5,True,True,0.0256892894472127,0.02321464224845195,2,2
47,TK-1999-0294_4101_HNE,0,True,True,0.0014074286186853,0.0015210548678018174,0,0
47,TK-1999-0294_4101_HNE,1,True,True,0.0049707802538359,0.0069586807544418285,0,0
47,TK-1999-0294_4107_HNE,0,True,True,0.0012292766466127,0.0009985451668139426,0,0
47,TK-1999-0294_4107_HNE,1,True,True,0.0037211450885504,0.0029490521671963863,0,0
47,TK-1999-0294_4107_HNE,2,True,True,0.0099119572713832,0.007508931889829885,1,1
47,TK-1999-0294_4107_HNE,3,True,True,0.0179425208769111,0.015172506560408378,2,2
47,TK-1999-0294_4107_HNE,4,True,True,0.0278338215404906,0.03510016726020043,2,2
47,TK-1999-0294_4107_HNE,5,True,True,0.087770917631035,0.04833690573377846,4,4
47,TK-1999-0294_5401_HNE,0,True,True,0.0008956893467694,0.001955962916644183,0,0
47,TK-1999-0294_5401_HNE,1,True,True,0.0034326189530502,0.007929986388402012,0,0
47,TK-1999-0294_5401_HNE,2,True,True,0.0077466658883842,0.017451575501393715,1,2
47,TK-1999-0294_5401_HNE,3,True,True,0.0148601024312764,0.028499474056653068,2,2
47,TK-1999-0294_5401_HNE,4,True,True,0.080237017486922,0.05372028423334414,4,3
47,TK-1999-0294_5401_HNE,5,True,True,0.1,0.0963060179714019,4,4
47,EMSC-20200122_0000127_GOMA_HNE,0,True,True,0.0009846875550434,0.0009267402933956868,0,0
47,EMSC-20200122_0000127_GOMA_HNE,1,True,True,0.0025698278874875,0.002552177621597958,0,0
47,EMSC-20200122_0000127_GOMA_HNE,2,True,True,0.0055276172354887,0.005582654042325662,1,1
47,EMSC-20200122_0000127_GOMA_HNE,3,True,True,0.0102502486251807,0.01074003902392181,1,1
47,EMSC-20200122_0000127_GOMA_HNE,4,True,True,0.016853113938888,0.0200551019702993,2,2
47,EMSC-20200122_0000127_GOMA_HNE,5,True,True,0.0263744728625,0.05198874836124752,2,4
47,EMSC-20200122_0000127_SOMA_HNN,0,True,True,0.0011761945920916,0.0011769082497271512,0,0
47,EMSC-20200122_0000127_SOMA_HNN,1,True,True,0.0043416577786505,0.004068453526260861,0,0
47,EMSC-20200122_0000127_SOMA_HNN,2,True,True,0.0109978066065803,0.010091436227496845,1,1
47,EMSC-20200122_0000127_SOMA_HNN,3,True,True,0.0181856806049651,0.020063272929089496,2,2
47,EMSC-20200122_0000127_SOMA_HNN,4,True,True,0.0331421195151016,0.05548379210568932,3,3
47,EMSC-20200122_0000127_SOMA_HNN,5,True,True,0.1,0.09972657119015214,4,4
48,TK-1999-0077_YPT_HNN,4,True,True,0.1,0.05110406459263142,4,3
48,TK-1999-0077_YPT_HNN,5,True,True,0.1,0.07201703322479339,4,4
48,TK-1999-0077_1612_HNE,0,True,True,0.0007574665560433,0.000644013000239372,0,0
48,TK-1999-0077_1612_HNE,1,True,True,0.0044485417295151,0.0021823033012370904,0,0
48,TK-1999-0077_YPT_HNN,0,True,True,0.0007658760629928,0.0006602937644188228,0,0
48,TK-1999-0077_YPT_HNN,1,True,True,0.0033030995108995,0.0022693175971987183,0,0
48,TK-1999-0077_YPT_HNN,2,True,True,0.010335759715983,0.005966411530713929,1,0
48,TK-1999-0077_YPT_HNN,3,True,True,0.027037683236946,0.015617649609654121,2,2
48,TK-1999-0077_1612_HNE,2,True,True,0.0153345911359428,0.005321098063169429,2,1
48,TK-1999-0077_1612_HNE,3,True,True,0.0318262776985951,0.011235611501886874,3,1
48,TK-1999-0077_1612_HNE,4,True,True,0.065481043634279,0.029095763353375888,4,2
48,TK-1999-0077_1612_HNE,5,True,True,0.1,0.06643685013856614,4,4
48,TK-1999-0077_4101_HNE,0,True,True,0.0006473212496517,0.0007352694049352612,0,0
48,TK-1999-0077_4101_HNE,1,True,True,0.0022418104396642,0.002760780843617692,0,0
48,TK-1999-0077_4101_HNE,2,True,True,0.0061384027257404,0.00784376070470515,1,1
48,TK-1999-0077_4101_HNE,3,True,True,0.0261722427708704,0.02053883552587061,2,2
48,TK-1999-0077_4101_HNE,4,True,True,0.1,0.05454792808683189,4,4
48,TK-1999-0077_4101_HNE,5,True,True,0.1,0.09718860464176504,4,4
48,TK-1999-0077_4106_HNN,0,True,True,0.0006285333190019,0.0008826177311453969,0,0
48,TK-1999-0077_4106_HNN,1,True,True,0.0038356697944122,0.0057578910504257315,0,1
48,TK-1999-0077_4106_HNN,2,True,True,0.010750794744586,0.022163672908448114,1,2
48,TK-1999-0077_4106_HNN,3,True,True,0.0338113013951943,0.06943615055401489,3,3
48,TK-1999-0077_4106_HNN,4,True,True,0.1,0.11125990311102642,4,4
48,TK-1999-0077_4106_HNN,5,True,True,0.1,0.1756470366472406,4,4
48,TK-1999-0077_5401_HNE,0,True,True,0.0007790375014723,0.0007689179394333314,0,0
48,TK-1999-0077_5401_HNE,1,True,True,0.0038905854243436,0.004357191501327759,0,0
48,TK-1999-0077_5401_HNE,2,True,True,0.0123120126789054,0.01256200223974967,2,1
48,TK-1999-0077_5401_HNE,3,True,True,0.0330471097864916,0.04345449441444282,3,4
48,TK-1999-0077_5401_HNE,4,True,True,0.1,0.05577230520557043,4,4
48,TK-1999-0077_5401_HNE,5,True,True,0.1,0.09691001396614662,4,4
48,TK-1999-0415_487_HNN,0,True,True,0.0006198570073503,0.000621164932858795,0,0
48,TK-1999-0415_487_HNN,1,True,True,0.0019204056077532,0.0020767444137100195,0,0
48,TK-1999-0415_487_HNN,2,True,True,0.0061562428292221,0.004604912254696656,1,0
48,TK-1999-0415_487_HNN,3,True,True,0.0113793525843962,0.008025848319112365,1,1
48,TK-1999-0415_487_HNN,4,True,True,0.0197155537100639,0.01942558854018419,2,2
48,TK-1999-0415_487_HNN,5,True,True,0.0507465479748617,0.049541271719415844,3,3
48,TK-1999-0415_496_HNN,0,True,True,0.001020703957384,0.0008438596992622651,0,0
48,TK-1999-0415_496_HNN,1,True,True,0.0047370981152898,0.004331800465995966,0,0
48,TK-1999-0415_496_HNN,2,True,True,0.0085483757038508,0.009791850039862044,1,1
48,TK-1999-0415_496_HNN,3,True,True,0.013835394632733,0.02085968779564753,2,2
48,TK-1999-0415_496_HNN,4,True,True,0.0273805589642056,0.033113319746299344,2,2
48,TK-1999-0415_496_HNN,5,True,True,0.1,0.08253787348801367,4,4
48,TK-1999-0415_498_HNN,0,True,True,0.0007329313216314,0.0007382150545053326,0,0
48,TK-1999-0415_498_HNN,1,True,True,0.0021423024827491,0.0025308084587896775,0,0
48,TK-1999-0415_498_HNN,2,True,True,0.0083199315329875,0.006213494447979595,1,1
48,TK-1999-0415_498_HNN,3,True,True,0.0157728563290806,0.012356197786194678,2,1
48,TK-1999-0415_498_HNN,4,True,True,0.0201094371677038,0.030488285676622612,2,2
48,TK-1999-0415_498_HNN,5,True,True,0.1,0.051086014348930765,4,4
48,TK-1999-0415_C0362_HNN,0,True,True,0.0007139812401717,0.0006454209575850694,0,0
48,TK-1999-0415_C0362_HNN,1,True,True,0.0027832320770416,0.00175496193910236,0,0
48,TK-1999-0415_C0362_HNN,2,True,True,0.0077608666978196,0.003635714651431102,1,0
48,TK-1999-0415_C0362_HNN,3,True,True,0.0189991135898357,0.006270686958081561,2,1
48,TK-1999-0415_C0362_HNN,4,True,True,0.038734298431143,0.01072940485794477,3,1
48,TK-1999-0415_C0362_HNN,5,True,True,0.1,0.01902428393409399,4,2
48,TK-1999-0415_C0375_HNN,0,True,True,0.000747256778732,0.001218948012883631,0,0
48,TK-1999-0415_C0375_HNN,1,True,True,0.0041953203343621,0.004390362705572506,0,0
48,TK-1999-0415_C1058_HNE,0,True,True,0.0007369882820976,0.0007433488839287984,0,0
48,TK-1999-0415_C1058_HNE,1,True,True,0.0039638448592923,0.0030043830847291597,0,0
48,TK-1999-0415_C1058_HNE,2,True,True,0.0187414833667486,0.00993614438186215,2,2
48,TK-1999-0415_C1058_HNE,3,True,True,0.0528010590738087,0.027180257912296814,3,2
48,TK-1999-0415_C0375_HNN,2,True,True,0.0095746962648361,0.009815493200488426,1,1
48,TK-1999-0415_C0375_HNN,3,True,True,0.013054584823027,0.01811062250161354,2,2
48,TK-1999-0415_C0375_HNN,4,True,True,0.0210804327460344,0.03830977933276677,2,2
48,TK-1999-0415_C0375_HNN,5,True,True,0.1,0.11041235812938635,4,4
48,TK-1999-0415_C1058_HNE,4,True,True,0.1,0.046636988338080505,4,4
48,TK-1999-0415_C1058_HNE,5,True,True,0.1,0.07608219695252891,4,4
48,TK-1999-0415_C1059_HNN,0,True,True,0.0007799020305582,0.0007554380611909307,0,0
48,TK-1999-0415_C1059_HNN,1,True,True,0.0037856072796055,0.003579758675190595,0,0
48,TK-1999-0415_C1059_HNN,2,True,True,0.0080435155726943,0.008387667476796801,1,1
48,TK-1999-0415_C1059_HNN,3,True,True,0.0161862089758044,0.019364785745854124,2,2
48,TK-1999-0415_C1059_HNN,4,True,True,0.0355240243807092,0.0451295647909114,3,3
48,TK-1999-0415_C1059_HNN,5,True,True,0.1,0.06914408888642025,4,4
48,TK-1999-0415_C1060_HNE,0,True,True,0.0006992860006426,0.0006539870706177017,0,0
48,TK-1999-0415_C1060_HNE,1,True,True,0.0025337664275638,0.0019364323308879016,0,0
48,TK-1999-0415_C1060_HNE,2,True,True,0.0057661296248672,0.004572644680898932,1,0
48,TK-1999-0415_C1060_HNE,3,True,True,0.0165054554207755,0.00840019226793786,2,1
48,TK-1999-0415_C1060_HNE,4,True,True,0.028286975477677,0.014878973503841696,2,2
48,TK-1999-0415_C1060_HNE,5,True,True,0.1,0.04092830047712774,4,3
48,TK-1999-0415_C1061_HNE,0,True,True,0.0006436473264308,0.0007284117257669104,0,0
48,TK-1999-0415_C1061_HNE,1,True,True,0.0027995549791924,0.002543553093058565,0,0
48,TK-1999-0415_C1061_HNE,2,True,True,0.007840369715952,0.006801271364584021,1,1
48,TK-1999-0415_C1061_HNE,3,True,True,0.0134278325579848,0.011086271230012086,2,2
48,TK-1999-0415_C1061_HNE,4,True,True,0.031150667654483,0.01707409108946576,3,2
48,TK-1999-0415_C1061_HNE,5,True,True,0.1,0.041721910695462876,4,3
48,TK-1999-0415_C1062_HNE,0,True,True,0.0006877865083931,0.0006420664750601318,0,0
48,TK-1999-0415_C1062_HNE,1,True,True,0.0023073436424157,0.0020389318229341136,0,0
48,TK-1999-0415_C1062_HNE,2,True,True,0.0037382709041003,0.004670124421054641,0,1
48,TK-1999-0415_C1062_HNE,3,True,True,0.009907456472,0.009317810202983272,1,1
48,TK-1999-0415_C1062_HNE,4,True,True,0.0147544205501844,0.014770147663117347,2,2
48,TK-1999-0415_C1062_HNE,5,True,True,0.0246683716036247,0.03434587659611618,2,2
48,TK-1999-0415_D0531_HNN,0,True,True,0.0006733060562923,0.0006023852439062479,0,0
48,TK-1999-0415_D0531_HNN,1,True,True,0.0025607571419861,0.0017665206212119184,0,0
48,TK-1999-0415_D0531_HNN,2,True,True,0.0052243247565866,0.004124354323490449,1,0
48,TK-1999-0415_D0531_HNN,3,True,True,0.0076019737579719,0.008366737853298684,1,1
48,TK-1999-0415_D0531_HNN,4,True,True,0.0120701829303943,0.01597431296438304,2,2
48,TK-1999-0415_D0531_HNN,5,True,True,0.0394568022165913,0.040403708785988944,3,3
48,TK-1999-0415_1401_HNE,0,True,True,0.0007058646131984,0.0006994399017221626,0,0
48,TK-1999-0415_1401_HNE,1,True,True,0.0027523492096603,0.003198720344761228,0,0
48,TK-1999-0415_1401_HNE,2,True,True,0.008953820480467,0.008042498301581295,1,1
48,TK-1999-0415_1401_HNE,3,True,True,0.0164969651190145,0.014298272519404989,2,2
48,TK-1999-0415_1401_HNE,4,True,True,0.0170330721281458,0.027587824764542062,2,2
48,TK-1999-0415_1401_HNE,5,True,True,0.0233449074797185,0.044933931610642346,2,3
48,TK-1999-0415_1406_HNN,0,True,True,0.0006878774212583,0.0006990502727535297,0,0
48,TK-1999-0415_1406_HNN,1,True,True,0.0020713700057543,0.0023353267006746606,0,0
48,TK-1999-0415_1406_HNN,2,True,True,0.004103605929931,0.0064512870763068705,0,1
48,TK-1999-0415_1406_HNN,3,True,True,0.0070011362639242,0.010997814152795549,1,1
48,TK-1999-0415_1406_HNN,4,True,True,0.0142966175155113,0.019374664335481018,2,2
48,TK-1999-0415_1406_HNN,5,True,True,0.0973162849206314,0.04357112565814367,4,3
48,TK-1999-0415_8101_HNE,0,True,True,0.0007253424610793,0.0006603669909446716,0,0
48,TK-1999-0415_8101_HNE,1,True,True,0.0030343450142044,0.002956218317038918,0,0
48,TK-1999-0415_8101_HNE,2,True,True,0.0067828724776486,0.007236300953842745,1,1
48,TK-1999-0415_8101_HNE,3,True,True,0.0118626492716186,0.013123357880591881,1,2
48,TK-1999-0415_8101_HNE,4,True,True,0.0244482102933384,0.02969586270873774,2,3
48,TK-1999-0415_8101_HNE,5,True,True,0.1,0.05688551106207059,4,4
48,INT-20250810_0000200_AKS_HNN,0,True,True,0.0006347542035226,0.0007199177425135695,0,0
48,INT-20250810_0000200_AKS_HNN,1,True,True,0.0017295633298171,0.00292382545461806,0,0
48,INT-20250810_0000200_AKS_HNN,2,True,True,0.003527625233733,0.007577278741305238,0,1
48,INT-20250810_0000200_AKS_HNN,3,True,True,0.0071199352976514,0.015228228121865098,1,2
48,INT-20250810_0000200_AKS_HNN,4,True,True,0.0136973375915699,0.03031104299775524,2,3
48,INT-20250810_0000200_AKS_HNN,5,True,True,0.0365803498870235,0.058687115812955444,3,4
48,INT-20250810_0000200_BALB_HNE,0,True,True,0.0007571850681637,0.0006980551142819997,0,0
48,INT-20250810_0000200_BALB_HNE,1,True,True,0.002809599127004,0.002384451412495035,0,0
48,INT-20250810_0000200_BALB_HNE,2,True,True,0.0068572496648287,0.00671342455606129,1,1
48,INT-20250810_0000200_BALB_HNE,3,True,True,0.0091853405004893,0.01262215374332978,1,1
48,INT-20250810_0000200_BALB_HNE,4,True,True,0.014079266733747,0.0198945258064918,2,2
48,INT-20250810_0000200_BALB_HNE,5,True,True,0.0314109320005398,0.043450033644764345,3,3
48,INT-20250810_0000200_GORD_HNN,0,True,True,0.0006340415157092,0.0006578912292693001,0,0
48,INT-20250810_0000200_GORD_HNN,1,True,True,0.0019014385852448,0.0021128999412950724,0,0
48,INT-20250810_0000200_GORD_HNN,2,True,True,0.0072437289992187,0.0042192274208893215,1,0
48,INT-20250810_0000200_GORD_HNN,3,True,True,0.0101785682270957,0.007984959197374386,1,1
48,INT-20250810_0000200_GORD_HNN,4,True,True,0.0154533778882148,0.011287496845368507,2,2
48,INT-20250810_0000200_GORD_HNN,5,True,True,0.029150100766929,0.023458818449893674,2,2
48,INT-20250810_0000200_SOMA_HNN,0,True,True,0.0006785024006023,0.0006833742696344107,0,0
48,INT-20250810_0000200_SOMA_HNN,1,True,True,0.0014249055052245,0.0021835064637668175,0,0
48,INT-20250810_0000200_SOMA_HNN,2,True,True,0.0042691364350862,0.005882404069861884,0,1
48,INT-20250810_0000200_SOMA_HNN,3,True,True,0.0096516133411422,0.009951511332430073,1,1
48,INT-20250810_0000200_SOMA_HNN,4,True,True,0.0140914923448613,0.01713693740338777,2,2
48,INT-20250810_0000200_SOMA_HNN,5,True,True,0.0262638469130556,0.03564090035401987,2,3
48,TK-1999-0294_1612_HNE,0,True,True,0.0006627924774217,0.000672056722377171,0,0
48,TK-1999-0294_1612_HNE,1,True,True,0.0018201260671268,0.002078799870987827,0,0
48,TK-1999-0294_1612_HNE,2,True,True,0.0106362736261695,0.006197149629503559,1,1
48,TK-1999-0294_1612_HNE,3,True,True,0.0171691266784482,0.0111500357145142,2,2
48,TK-1999-0294_1612_HNE,4,True,True,0.0258684683359766,0.017880627478930024,2,2
48,TK-1999-0294_1612_HNE,5,True,True,0.0438907317348888,0.0308340604004359,3,2
48,TK-2003-0179_1701_HNN,0,True,True,0.0007092336122542,0.0006033198562052188,0,0
48,TK-2003-0179_1701_HNN,1,True,True,0.0029632954979727,0.001829174725028144,0,0
48,TK-2003-0179_1701_HNN,2,True,True,0.0057794584404002,0.003318242468169377,1,0
48,TK-2003-0179_1701_HNN,3,True,True,0.010258603517316,0.0058727273171315835,1,1
48,TK-2003-0179_1701_HNN,4,True,True,0.0146164744048522,0.008469362531586533,2,1
48,TK-2003-0179_1701_HNN,5,True,True,0.0202637417398875,0.017843952964279555,2,2
48,TK-1999-0294_4101_HNE,0,True,True,0.0007056388286823,0.0006901992386016579,0,0
48,TK-1999-0294_4101_HNE,1,True,True,0.0021921564475028,0.0029479352908893734,0,0
48,TK-1999-0294_4101_HNE,2,True,True,0.005261730547076,0.009311929484348492,1,1
48,TK-1999-0294_4101_HNE,3,True,True,0.0073596116208046,0.01943075071882903,1,2
48,TK-1999-0294_4101_HNE,4,True,True,0.0119963950590578,0.03194728745950806,1,3
48,TK-1999-0294_4101_HNE,5,True,True,0.0244093937760748,0.053457336531579164,2,4
48,TK-1999-0294_4107_HNE,0,True,True,0.0006923199808829,0.0006410915484272199,0,0
48,TK-1999-0294_4107_HNE,1,True,True,0.0025059723232158,0.002269454640200612,0,0
48,TK-1999-0294_4107_HNE,2,True,True,0.0085773394095627,0.006829737181456739,1,1
48,TK-1999-0294_4107_HNE,3,True,True,0.0200242084432603,0.01210860522044169,2,2
48,TK-1999-0294_4107_HNE,4,True,True,0.0359566486683189,0.021354280325830595,3,2
48,TK-1999-0294_4107_HNE,5,True,True,0.0614479593923084,0.04015344489426625,4,4
48,TK-1999-0294_5401_HNE,0,True,True,0.0006596780737957,0.0013551655102738084,0,0
48,TK-1999-0294_5401_HNE,1,True,True,0.0029238108772375,0.006892916007887237,0,0
48,TK-1999-0294_5401_HNE,2,True,True,0.0069936517095569,0.012393225499441985,1,1
48,TK-1999-0294_5401_HNE,3,True,True,0.0124684687230631,0.02070418591901044,2,2
48,TK-1999-0294_5401_HNE,4,True,True,0.0227813590622964,0.036439962061358175,2,2
48,TK-1999-0294_5401_HNE,5,True,True,0.1,0.08968494976305642,4,4
48,EMSC-20200122_0000127_GOMA_HNE,0,True,True,0.0006615661217437,0.0006142320338353368,0,0
48,EMSC-20200122_0000127_GOMA_HNE,1,True,True,0.0020995531657844,0.0019321953603257875,0,0
48,EMSC-20200122_0000127_GOMA_HNE,2,True,True,0.004739254305075,0.003625750669753982,0,0
48,EMSC-20200122_0000127_GOMA_HNE,3,True,True,0.0070008562659895,0.006469882546925039,1,1
48,EMSC-20200122_0000127_GOMA_HNE,4,True,True,0.0101488136427938,0.011556841323877359,1,2
48,EMSC-20200122_0000127_GOMA_HNE,5,True,True,0.0200558369171809,0.02019887478918769,2,2
48,EMSC-20200122_0000127_SOMA_HNN,0,True,True,0.0006465587309657,0.0006546102761071458,0,0
48,EMSC-20200122_0000127_SOMA_HNN,1,True,True,0.0015018954275198,0.0019055128960529517,0,0
48,EMSC-20200122_0000127_SOMA_HNN,2,True,True,0.0043016381559119,0.0049628583334075235,0,1
48,EMSC-20200122_0000127_SOMA_HNN,3,True,True,0.0091067663594925,0.00944230158331694,1,1
48,EMSC-20200122_0000127_SOMA_HNN,4,True,True,0.0146903549985163,0.014617051318964666,2,2
48,EMSC-20200122_0000127_SOMA_HNN,5,True,True,0.0254109227648309,0.0349610690699208,2,2
49,TK-1999-0077_YPT_HNN,4,True,True,0.1,0.05527462641146101,4,3
49,TK-1999-0077_YPT_HNN,5,True,True,0.1,0.0805113678923452,4,4
49,TK-1999-0077_1612_HNE,0,True,True,0.000767172705847,0.0007015411066056921,0,0
49,TK-1999-0077_1612_HNE,1,True,True,0.004106013875217,0.0023454073239394667,0,0
49,TK-1999-0077_YPT_HNN,0,True,True,0.0007276766481606,0.0006820306502164641,0,0
49,TK-1999-0077_YPT_HNN,1,True,True,0.0036150240233366,0.002009249314058724,0,0
49,TK-1999-0077_YPT_HNN,2,True,True,0.0113700451847455,0.006180827447751933,1,0
49,TK-1999-0077_YPT_HNN,3,True,True,0.0315778170345538,0.017035105167781027,3,2
49,TK-1999-0077_1612_HNE,2,True,True,0.0200563077089606,0.006796001344487823,2,1
49,TK-1999-0077_1612_HNE,3,True,True,0.0490357696949935,0.015163850631128297,3,1
49,TK-1999-0077_1612_HNE,4,True,True,0.1,0.044280554907370984,4,3
49,TK-1999-0077_1612_HNE,5,True,True,0.1,0.09992764330022479,4,4
49,TK-1999-0077_4101_HNE,0,True,True,0.0007007126434988,0.0007001279442703861,0,0
49,TK-1999-0077_4101_HNE,1,True,True,0.0016697351309809,0.0024681072349947712,0,0
49,TK-1999-0077_4101_HNE,2,True,True,0.0041798487742312,0.0062356273286800525,0,1
49,TK-1999-0077_4101_HNE,3,True,True,0.0100218997931415,0.013704561338321642,1,2
49,TK-1999-0077_4101_HNE,4,True,True,0.0531699546719636,0.043516491611961576,3,4
49,TK-1999-0077_4101_HNE,5,True,True,0.1,0.09852087195266859,4,4
49,TK-1999-0077_4106_HNN,0,True,True,0.0007379619070472,0.0008046574529862198,0,0
49,TK-1999-0077_4106_HNN,1,True,True,0.0020879356149022,0.0034323823133711262,0,0
49,TK-1999-0077_4106_HNN,2,True,True,0.0074674517560255,0.013888931733047595,1,2
49,TK-1999-0077_4106_HNN,3,True,True,0.0196858316929492,0.039293278887035314,2,3
49,TK-1999-0077_4106_HNN,4,True,True,0.1,0.10791555159808056,4,4
49,TK-1999-0077_4106_HNN,5,True,True,0.1,0.13467474751250813,4,4
49,TK-1999-0077_5401_HNE,0,True,True,0.0007125287532105,0.0009311571647419455,0,0
49,TK-1999-0077_5401_HNE,1,True,True,0.0039974325274664,0.00502168025246267,0,0
49,TK-1999-0077_5401_HNE,2,True,True,0.0170241552604891,0.018619434347448657,2,2
49,TK-1999-0077_5401_HNE,3,True,True,0.1,0.044433345338299735,4,4
49,TK-1999-0077_5401_HNE,4,True,True,0.1,0.06988330960913687,4,4
49,TK-1999-0077_5401_HNE,5,True,True,0.1,0.10301095767699465,4,4
49,TK-1999-0415_487_HNN,0,True,True,0.000713015389483,0.0006214988679948757,0,0
49,TK-1999-0415_487_HNN,1,True,True,0.0017953599016625,0.0019515182188469399,0,0
49,TK-1999-0415_496_HNN,0,True,True,0.0007643545219321,0.0007062942522099274,0,0
49,TK-1999-0415_496_HNN,1,True,True,0.0057631974058313,0.003431673887419,1,0
49,TK-1999-0415_496_HNN,2,True,True,0.0089266088081918,0.009208665165868987,1,1
49,TK-1999-0415_496_HNN,3,True,True,0.0124882160676748,0.023403281799794538,2,2
49,TK-1999-0415_487_HNN,2,True,True,0.0034134198922242,0.003945497393976761,0,0
49,TK-1999-0415_487_HNN,3,True,True,0.0080181749755888,0.006493659459011031,1,1
49,TK-1999-0415_487_HNN,4,True,True,0.011974652580686,0.010944367052122721,1,1
49,TK-1999-0415_487_HNN,5,True,True,0.0267262570144835,0.02362644088829036,2,2
49,TK-1999-0415_496_HNN,4,True,True,0.0279382521666253,0.030683446810806814,2,2
49,TK-1999-0415_496_HNN,5,True,True,0.1,0.04534937113599439,4,4
49,TK-1999-0415_498_HNN,0,True,True,0.0006767275553894,0.0007211934552360878,0,0
49,TK-1999-0415_498_HNN,1,True,True,0.0015997933050372,0.0023499078640996486,0,0
49,TK-1999-0415_498_HNN,2,True,True,0.0039685121635174,0.00598046657399568,0,1
49,TK-1999-0415_498_HNN,3,True,True,0.0143271342287884,0.012714908943158989,2,1
49,TK-1999-0415_498_HNN,4,True,True,0.0242115109951158,0.025594884631020942,2,2
49,TK-1999-0415_498_HNN,5,True,True,0.1,0.04893863444497396,4,4
49,TK-1999-0415_C0362_HNN,0,True,True,0.0007966238361925,0.000675084444394046,0,0
49,TK-1999-0415_C0362_HNN,1,True,True,0.0041700122394469,0.001787331598701275,0,0
49,TK-1999-0415_C0362_HNN,2,True,True,0.0100430904880997,0.004135229928935803,1,0
49,TK-1999-0415_C0362_HNN,3,True,True,0.0310584680068696,0.008353662157382898,3,1
49,TK-1999-0415_C0362_HNN,4,True,True,0.1,0.015102820993850111,4,1
49,TK-1999-0415_C0362_HNN,5,True,True,0.1,0.02878332071525734,4,2
49,TK-1999-0415_C0375_HNN,0,True,True,0.0006808502137708,0.0007672380516799658,0,0
49,TK-1999-0415_C0375_HNN,1,True,True,0.0017407634042068,0.0032277555934411683,0,0
49,TK-1999-0415_C1058_HNE,0,True,True,0.0006557132385784,0.0007476658300193727,0,0
49,TK-1999-0415_C1058_HNE,1,True,True,0.0021954262088476,0.002863524050298132,0,0
49,TK-1999-0415_C1058_HNE,2,True,True,0.0134843602102979,0.009070004608062322,2,1
49,TK-1999-0415_C1058_HNE,3,True,True,0.0412481978242191,0.025743461517148358,3,2
49,TK-1999-0415_C0375_HNN,2,True,True,0.0086478295431654,0.008405271096878195,1,1
49,TK-1999-0415_C0375_HNN,3,True,True,0.0121574425095718,0.015889613855276676,2,2
49,TK-1999-0415_C0375_HNN,4,True,True,0.0162648500724547,0.03394326482611525,2,2
49,TK-1999-0415_C0375_HNN,5,True,True,0.0282654630633177,0.08376881109627043,2,4
49,TK-1999-0415_C1058_HNE,4,True,True,0.1,0.06687693713140679,4,4
49,TK-1999-0415_C1058_HNE,5,True,True,0.1,0.09158350587021487,4,4
49,TK-1999-0415_C1059_HNN,0,True,True,0.0006473859767536,0.0006641192590228119,0,0
49,TK-1999-0415_C1059_HNN,1,True,True,0.00154317375081,0.002268918973699811,0,0
49,TK-1999-0415_C1059_HNN,2,True,True,0.0065173887102475,0.006533450898185369,1,1
49,TK-1999-0415_C1059_HNN,3,True,True,0.0101270624310794,0.013547500737028132,1,1
49,TK-1999-0415_C1059_HNN,4,True,True,0.0198697637793502,0.027067812255299924,2,2
49,TK-1999-0415_C1059_HNN,5,True,True,0.1,0.054503237517867745,4,4
49,TK-1999-0415_C1060_HNE,0,True,True,0.000864408866147,0.0007284521150483161,0,0
49,TK-1999-0415_C1060_HNE,1,True,True,0.0040842397490137,0.0022585383875345557,0,0
49,TK-1999-0415_C1060_HNE,2,True,True,0.0076587836213985,0.00583643767121127,1,1
49,TK-1999-0415_C1060_HNE,3,True,True,0.0267184126262634,0.01234876892181138,2,1
49,TK-1999-0415_C1060_HNE,4,True,True,0.1,0.022063524950733722,4,2
49,TK-1999-0415_C1060_HNE,5,True,True,0.1,0.06016976217882861,4,4
49,TK-1999-0415_C1061_HNE,0,True,True,0.0007536525557593,0.0007611252622539859,0,0
49,TK-1999-0415_C1061_HNE,1,True,True,0.0025260763314242,0.0027411149362421183,0,0
49,TK-1999-0415_C1061_HNE,2,True,True,0.0088860588214217,0.008450979778567094,1,1
49,TK-1999-0415_C1061_HNE,3,True,True,0.0201040033849345,0.015290645892457157,2,2
49,TK-1999-0415_C1061_HNE,4,True,True,0.1,0.024138291239163518,4,2
49,TK-1999-0415_C1061_HNE,5,True,True,0.1,0.04782087564014917,4,4
49,TK-1999-0415_C1062_HNE,0,True,True,0.0007428588688489,0.0007006627870741298,0,0
49,TK-1999-0415_C1062_HNE,1,True,True,0.0023543082805433,0.0022347851306880593,0,0
49,TK-1999-0415_C1062_HNE,2,True,True,0.0057753931451559,0.005285230660877313,1,1
49,TK-1999-0415_C1062_HNE,3,True,True,0.0097949794502192,0.011724277113853486,1,1
49,TK-1999-0415_C1062_HNE,4,True,True,0.0215519117076255,0.018581968749052102,2,2
49,TK-1999-0415_C1062_HNE,5,True,True,0.0300209972128614,0.0447716031417599,3,3
49,TK-1999-0415_D0531_HNN,0,True,True,0.0006626645637347,0.0006566449351950078,0,0
49,TK-1999-0415_D0531_HNN,1,True,True,0.0017550594093611,0.001804645912194475,0,0
49,TK-1999-0415_1401_HNE,0,True,True,0.0007325453869753,0.0007473765167226359,0,0
49,TK-1999-0415_1401_HNE,1,True,True,0.0027795890856908,0.0027838457410120803,0,0
49,TK-1999-0415_1401_HNE,2,True,True,0.0106185777919584,0.008995820183055184,1,1
49,TK-1999-0415_1401_HNE,3,True,True,0.0246106680333472,0.017334669370141012,2,2
49,TK-1999-0415_D0531_HNN,2,True,True,0.005114995922476,0.003674170626431903,1,0
49,TK-1999-0415_D0531_HNN,3,True,True,0.0079696864193972,0.00732806445714583,1,1
49,TK-1999-0415_D0531_HNN,4,True,True,0.0107690814669881,0.011509450444965251,1,1
49,TK-1999-0415_D0531_HNN,5,True,True,0.0197974501262144,0.024487368819244036,2,2
49,TK-1999-0415_1401_HNE,4,True,True,0.0216464452331867,0.02974885199626616,2,2
49,TK-1999-0415_1401_HNE,5,True,True,0.0299643304233092,0.05553407295145488,2,3
49,TK-1999-0415_1406_HNN,0,True,True,0.0007169593164507,0.0007446571235553623,0,0
49,TK-1999-0415_1406_HNN,1,True,True,0.0025496177848718,0.002331541327516156,0,0
49,TK-1999-0415_1406_HNN,2,True,True,0.0047539388601281,0.006554650498554796,0,1
49,TK-1999-0415_1406_HNN,3,True,True,0.0081522433625479,0.01348719248050342,1,2
49,TK-1999-0415_1406_HNN,4,True,True,0.0177297791580208,0.023602056117918695,2,2
49,TK-1999-0415_1406_HNN,5,True,True,0.1,0.05447317506960095,4,3
49,TK-1999-0415_8101_HNE,0,True,True,0.0007268257422269,0.0007184620409510989,0,0
49,TK-1999-0415_8101_HNE,1,True,True,0.0036928518907321,0.0025831233058170896,0,0
49,TK-1999-0415_8101_HNE,2,True,True,0.00907599743531,0.008504072258118556,1,2
49,TK-1999-0415_8101_HNE,3,True,True,0.017500317578812,0.018530692330886715,2,1
49,TK-1999-0415_8101_HNE,4,True,True,0.0576847463995579,0.03759471242961736,3,3
49,TK-1999-0415_8101_HNE,5,True,True,0.1,0.07005012530323361,4,4
49,INT-20250810_0000200_AKS_HNN,0,True,True,0.0006691137170449,0.0007756709460259814,0,0
49,INT-20250810_0000200_AKS_HNN,1,True,True,0.0017779127312133,0.0025158408503601253,0,0
49,INT-20250810_0000200_AKS_HNN,2,True,True,0.0032657009153032,0.006755842078327869,0,1
49,INT-20250810_0000200_AKS_HNN,3,True,True,0.0055830659953329,0.013895898673222846,1,2
49,INT-20250810_0000200_AKS_HNN,4,True,True,0.0104504420439251,0.027126288662200276,1,2
49,INT-20250810_0000200_AKS_HNN,5,True,True,0.021836326302016,0.060852295042755376,2,3
49,INT-20250810_0000200_BALB_HNE,0,True,True,0.0007086683347413,0.0007398399248884303,0,0
49,INT-20250810_0000200_BALB_HNE,1,True,True,0.0031186578008812,0.002551620047862593,0,0
49,INT-20250810_0000200_BALB_HNE,2,True,True,0.008530909645529,0.007301753410266258,1,1
49,INT-20250810_0000200_BALB_HNE,3,True,True,0.0127835321606885,0.01449079331712619,2,1
49,INT-20250810_0000200_BALB_HNE,4,True,True,0.0176890965179423,0.022323726059514232,2,2
49,INT-20250810_0000200_BALB_HNE,5,True,True,0.0381405985653823,0.05062408039978776,3,3
49,INT-20250810_0000200_GORD_HNN,0,True,True,0.0006905974823384,0.0007310384820870691,0,0
49,INT-20250810_0000200_GORD_HNN,1,True,True,0.001516261120374,0.0018446256412943812,0,0
49,INT-20250810_0000200_GORD_HNN,2,True,True,0.0027713412295946,0.0035485951734894106,0,0
49,INT-20250810_0000200_GORD_HNN,3,True,True,0.0076245417891831,0.0057648493671810215,1,1
49,INT-20250810_0000200_GORD_HNN,4,True,True,0.011682350625282,0.009416455178530273,1,1
49,INT-20250810_0000200_GORD_HNN,5,True,True,0.0209434067881681,0.016997271981549225,2,2
49,INT-20250810_0000200_SOMA_HNN,0,True,True,0.0007449794469376,0.0007356331813028824,0,0
49,INT-20250810_0000200_SOMA_HNN,1,True,True,0.0026127346040525,0.0024688091933065693,0,0
49,INT-20250810_0000200_SOMA_HNN,2,True,True,0.005219586070552,0.006831117093688193,1,1
49,INT-20250810_0000200_SOMA_HNN,3,True,True,0.0119189247257399,0.013409348255294861,1,2
49,INT-20250810_0000200_SOMA_HNN,4,True,True,0.0227883581511333,0.02277937475977582,2,2
49,INT-20250810_0000200_SOMA_HNN,5,True,True,0.0500367731033473,0.05502219121763951,3,3
49,TK-1999-0294_1612_HNE,0,True,True,0.0007180573191624,0.0007228630002379633,0,0
49,TK-1999-0294_1612_HNE,1,True,True,0.0021980751694533,0.0022671048761097098,0,0
49,TK-1999-0294_1612_HNE,2,True,True,0.0042430041444779,0.006232146876600641,0,0
49,TK-1999-0294_1612_HNE,3,True,True,0.0163408204755041,0.011274098460714093,2,1
49,TK-1999-0294_1612_HNE,4,True,True,0.0236257845847479,0.019994249558188532,2,2
49,TK-1999-0294_1612_HNE,5,True,True,0.0368317193570991,0.03738073272125266,3,3
49,TK-2003-0179_1701_HNN,0,True,True,0.0007225362510181,0.0006825569140200591,0,0
49,TK-2003-0179_1701_HNN,1,True,True,0.0029195693776626,0.001949341394215993,0,0
49,TK-2003-0179_1701_HNN,2,True,True,0.0079054067037202,0.0039220941862341124,1,0
49,TK-2003-0179_1701_HNN,3,True,True,0.0129360170508525,0.006972707255758752,2,1
49,TK-1999-0294_4101_HNE,2,True,True,0.0047902590646026,0.008368373179454975,0,2
49,TK-1999-0294_4101_HNE,3,True,True,0.0089113159056322,0.02086513943710843,1,2
49,TK-1999-0294_4101_HNE,4,True,True,0.0107769688596836,0.04529567769151336,1,3
49,TK-1999-0294_4101_HNE,5,True,True,0.0174297716282537,0.0641863830439538,2,4
49,TK-2003-0179_1701_HNN,4,True,True,0.0214265373886353,0.010971940443173863,2,1
49,TK-2003-0179_1701_HNN,5,True,True,0.025766199696444,0.02066443686478574,2,2
49,TK-1999-0294_4101_HNE,0,True,True,0.0006614992332264,0.000745016546499058,0,0
49,TK-1999-0294_4101_HNE,1,True,True,0.0020817075305722,0.0026720412993190288,0,0
49,TK-1999-0294_4107_HNE,4,True,True,0.0550826899359175,0.025835686215123405,3,3
49,TK-1999-0294_4107_HNE,5,True,True,0.1,0.04020967285465615,4,3
49,TK-1999-0294_5401_HNE,0,True,True,0.0007754629492924,0.0008713305159557366,0,0
49,TK-1999-0294_5401_HNE,1,True,True,0.001543290474858,0.0038273202400747495,0,0
49,TK-1999-0294_4107_HNE,0,True,True,0.0007154183592773,0.0006869592728993504,0,0
49,TK-1999-0294_4107_HNE,1,True,True,0.0023948182979365,0.0024635994090765295,0,0
49,TK-1999-0294_4107_HNE,2,True,True,0.0076384014741129,0.006833633901341314,1,1
49,TK-1999-0294_4107_HNE,3,True,True,0.0215619501133938,0.013355181969807173,2,2
49,EMSC-20200122_0000127_GOMA_HNE,0,True,True,0.0006941760209496,0.000649955131720025,0,0
49,EMSC-20200122_0000127_GOMA_HNE,1,True,True,0.0022405457594297,0.0015031924621771663,0,0
49,EMSC-20200122_0000127_GOMA_HNE,2,True,True,0.0049436995844,0.0035652456013817798,0,0
49,EMSC-20200122_0000127_GOMA_HNE,3,True,True,0.0086888604854154,0.007242810962732209,1,1
49,TK-1999-0294_5401_HNE,2,True,True,0.0048571072141006,0.010714477656742629,0,1
49,TK-1999-0294_5401_HNE,3,True,True,0.0100902072246905,0.02218567029557189,1,2
49,TK-1999-0294_5401_HNE,4,True,True,0.0139086536054873,0.03448068150130715,2,2
49,TK-1999-0294_5401_HNE,5,True,True,0.0534616669303647,0.060611909250480114,3,4
49,EMSC-20200122_0000127_GOMA_HNE,4,True,True,0.0129149883915073,0.011403350307785737,2,2
49,EMSC-20200122_0000127_GOMA_HNE,5,True,True,0.0249192328272824,0.020955935984172055,2,2
49,EMSC-20200122_0000127_SOMA_HNN,0,True,True,0.0007243227918939,0.000654619619724618,0,0
49,EMSC-20200122_0000127_SOMA_HNN,1,True,True,0.0023036387467536,0.0017389594287196414,0,0
49,EMSC-20200122_0000127_SOMA_HNN,2,True,True,0.004933042683962,0.005035109997484891,0,1
49,EMSC-20200122_0000127_SOMA_HNN,3,True,True,0.0101390056797444,0.010392223857208586,1,1
49,EMSC-20200122_0000127_SOMA_HNN,4,True,True,0.0195955495210837,0.016389411887025817,2,2
49,EMSC-20200122_0000127_SOMA_HNN,5,True,True,0.0338129634090849,0.03004477923472665,3,2
50,TK-1999-0077_YPT_HNN,4,True,True,0.1,0.09030240659909355,4,4
50,TK-1999-0077_YPT_HNN,5,True,True,0.1,0.09515945963884127,4,4
50,TK-1999-0077_1612_HNE,0,True,True,0.0012141362602062,0.000878617267289096,0,0
50,TK-1999-0077_1612_HNE,1,True,True,0.0054552009837315,0.0021118029249853443,1,0
50,TK-1999-0077_YPT_HNN,0,True,True,0.0012395576415662,0.001193459641588373,0,0
50,TK-1999-0077_YPT_HNN,1,True,True,0.0052651700428535,0.003652962356932264,1,0
50,TK-1999-0077_YPT_HNN,2,True,True,0.0180862716495816,0.009500088511595884,2,1
50,TK-1999-0077_YPT_HNN,3,True,True,0.1,0.042400974798713534,4,2
50,TK-1999-0077_1612_HNE,2,True,True,0.0099525719954186,0.0038849122883265,1,0
50,TK-1999-0077_1612_HNE,3,True,True,0.017448652978394,0.009209054437155485,2,1
50,TK-1999-0077_1612_HNE,4,True,True,0.1,0.017878752703998035,4,2
50,TK-1999-0077_1612_HNE,5,True,True,0.1,0.03794850444349074,4,4
50,TK-1999-0077_4101_HNE,0,True,True,0.0011336779481525,0.0013300529851975446,0,0
50,TK-1999-0077_4101_HNE,1,True,True,0.0038150781603039,0.005205899170891569,0,1
50,TK-1999-0077_4101_HNE,2,True,True,0.0194811876333501,0.012104813489210227,2,2
50,TK-1999-0077_4101_HNE,3,True,True,0.1,0.06219295987989019,4,4
50,TK-1999-0077_4101_HNE,4,True,True,0.1,0.12684509841439057,4,4
50,TK-1999-0077_4101_HNE,5,True,True,0.1,0.12888404368019454,4,4
50,TK-1999-0077_4106_HNN,0,True,True,0.0010854041334153,0.0014518053355028952,0,0
50,TK-1999-0077_4106_HNN,1,True,True,0.0020723090762647,0.006762343049593767,0,1
50,TK-1999-0077_4106_HNN,2,True,True,0.0091698683817861,0.02185197284149529,1,2
50,TK-1999-0077_4106_HNN,3,True,True,0.1,0.0776422255759274,4,4
50,TK-1999-0077_4106_HNN,4,True,True,0.1,0.09943614721262077,4,4
50,TK-1999-0077_4106_HNN,5,True,True,0.1,0.14359657111020604,4,4
50,TK-1999-0077_5401_HNE,0,True,True,0.0010379294570518,0.0011198417782377758,0,0
50,TK-1999-0077_5401_HNE,1,True,True,0.0055817474561673,0.005483616539162302,1,1
50,TK-1999-0077_5401_HNE,2,True,True,0.0130787176510073,0.01611998224679488,2,2
50,TK-1999-0077_5401_HNE,3,True,True,0.1,0.058782849046622274,4,4
50,TK-1999-0077_5401_HNE,4,True,True,0.1,0.07597853796309634,4,4
50,TK-1999-0077_5401_HNE,5,True,True,0.1,0.08328671595918459,4,4
50,TK-1999-0415_487_HNN,0,True,True,0.0012898514119171,0.0011081677153378258,0,0
50,TK-1999-0415_487_HNN,1,True,True,0.0043357466945752,0.003613200686885517,0,0
50,TK-1999-0415_487_HNN,2,True,True,0.0097981042542581,0.008403397892582784,1,1
50,TK-1999-0415_487_HNN,3,True,True,0.0212707366347292,0.01646868150588348,2,2
50,TK-1999-0415_487_HNN,4,True,True,0.1,0.0564720661086484,4,4
50,TK-1999-0415_487_HNN,5,True,True,0.1,0.08448732282852127,4,4
50,TK-1999-0415_496_HNN,0,True,True,0.0015871496934379,0.0018207540457821953,0,0
50,TK-1999-0415_496_HNN,1,True,True,0.0054014601951302,0.0071838828808087,1,1
50,TK-1999-0415_496_HNN,2,True,True,0.0159342675834134,0.020861691910001985,2,2
50,TK-1999-0415_496_HNN,3,True,True,0.0263510861755722,0.04343201631985437,2,4
50,TK-1999-0415_496_HNN,4,True,True,0.055270329328328,0.0936489987658649,3,4
50,TK-1999-0415_496_HNN,5,True,True,0.0467327198073179,0.09181527592251913,3,4
50,TK-1999-0415_498_HNN,0,True,True,0.001445822541584,0.0012264551101875845,0,0
50,TK-1999-0415_498_HNN,1,True,True,0.0042740739489294,0.004132797039090137,0,0
50,TK-1999-0415_498_HNN,2,True,True,0.0087905358422517,0.01190467241266471,1,1
50,TK-1999-0415_498_HNN,3,True,True,0.0227746854570389,0.035191303707858196,2,2
50,TK-1999-0415_498_HNN,4,True,True,0.1,0.06320380467105022,4,4
50,TK-1999-0415_498_HNN,5,True,True,0.1,0.09470966396022294,4,4
50,TK-1999-0415_C0362_HNN,0,True,True,0.0010719837115668,0.000947966111869491,0,0
50,TK-1999-0415_C0362_HNN,1,True,True,0.0033034071877311,0.0020436676066177485,0,0
50,TK-1999-0415_C0362_HNN,2,True,True,0.0067988195708869,0.003166944060861418,1,0
50,TK-1999-0415_C0362_HNN,3,True,True,0.0127316330751056,0.006289921971985506,2,1
50,TK-1999-0415_C0362_HNN,4,True,True,0.0345543484427973,0.011171020327990337,3,1
50,TK-1999-0415_C0362_HNN,5,True,True,0.1,0.016272691768618112,4,2
50,TK-1999-0415_C0375_HNN,0,True,True,0.0038840151457608,0.002072912692845624,0,0
50,TK-1999-0415_C0375_HNN,1,True,True,0.007515214476409,0.007077979583431643,1,1
50,TK-1999-0415_C0375_HNN,2,True,True,0.0147751632276128,0.01866055550869437,2,2
50,TK-1999-0415_C0375_HNN,3,True,True,0.1,0.043960484711810244,4,2
50,TK-1999-0415_C0375_HNN,4,True,True,0.1,0.08941782911355749,4,4
50,TK-1999-0415_C0375_HNN,5,True,True,0.1,0.07427798261045188,4,4
50,TK-1999-0415_C1058_HNE,0,True,True,0.0012313643369862,0.00103685375878919,0,0
50,TK-1999-0415_C1058_HNE,1,True,True,0.0066844202776093,0.0035081972164506575,1,0
50,TK-1999-0415_C1058_HNE,2,True,True,0.014846797467428,0.010606379785433476,2,2
50,TK-1999-0415_C1058_HNE,3,True,True,0.0881107532357207,0.03378258215046551,4,2
50,TK-1999-0415_C1058_HNE,4,True,True,0.1,0.08097855409653948,4,4
50,TK-1999-0415_C1058_HNE,5,True,True,0.1,0.10091743701472534,4,4
50,TK-1999-0415_C1059_HNN,0,True,True,0.0010845439783608,0.0013465925931039604,0,0
50,TK-1999-0415_C1059_HNN,1,True,True,0.0033537305548045,0.004785313791047981,0,0
50,TK-1999-0415_C1059_HNN,2,True,True,0.0090034783706421,0.01273730023725052,1,1
50,TK-1999-0415_C1059_HNN,3,True,True,0.0189065586034464,0.026360643973603326,2,2
50,TK-1999-0415_C1059_HNN,4,True,True,0.1,0.09464721422047591,4,4
50,TK-1999-0415_C1059_HNN,5,True,True,0.1,0.10612222998580471,4,4
50,TK-1999-0415_C1060_HNE,0,True,True,0.0010207342815365,0.0011019059723928336,0,0
50,TK-1999-0415_C1060_HNE,1,True,True,0.0053809935965514,0.0033247265670766973,1,0
50,TK-1999-0415_C1060_HNE,2,True,True,0.0120089424050751,0.007436350051461529,2,1
50,TK-1999-0415_C1060_HNE,3,True,True,0.0356755756986302,0.019049015564705802,3,2
50,TK-1999-0415_C1060_HNE,4,True,True,0.1,0.054870178298562604,4,4
50,TK-1999-0415_C1060_HNE,5,True,True,0.1,0.0958758269057562,4,4
50,TK-1999-0415_C1061_HNE,0,True,True,0.0012937190480707,0.0011596457285414355,0,0
50,TK-1999-0415_C1061_HNE,1,True,True,0.0041642859849351,0.0037703625571075443,0,0
50,TK-1999-0415_C1061_HNE,2,True,True,0.0079395146732878,0.008263337751001857,1,1
50,TK-1999-0415_C1061_HNE,3,True,True,0.0185381294070404,0.01674264327907475,2,2
50,TK-1999-0415_C1061_HNE,4,True,True,0.1,0.03349244160310605,4,2
50,TK-1999-0415_C1061_HNE,5,True,True,0.1,0.05502950156276775,4,4
50,TK-1999-0415_C1062_HNE,0,True,True,0.0015758520717273,0.0011897616255440808,0,0
50,TK-1999-0415_C1062_HNE,1,True,True,0.0052515992822088,0.004569718623780474,1,1
50,TK-1999-0415_C1062_HNE,2,True,True,0.0099140944203082,0.012028943755738703,1,1
50,TK-1999-0415_C1062_HNE,3,True,True,0.0208885962926228,0.028242603370130487,2,2
50,TK-1999-0415_C1062_HNE,4,True,True,0.1,0.109933683815043,4,4
50,TK-1999-0415_C1062_HNE,5,True,True,0.1,0.10636651347953531,4,4
50,TK-1999-0415_D0531_HNN,0,True,True,0.0009536848911273,0.0011302617371749765,0,0
50,TK-1999-0415_D0531_HNN,1,True,True,0.0043925275864554,0.0036098182979896767,0,0
50,TK-1999-0415_1401_HNE,0,True,True,0.000980232552075,0.0013100456931837352,0,0
50,TK-1999-0415_1401_HNE,1,True,True,0.0034545911176373,0.004465208938354343,0,0
50,TK-1999-0415_1401_HNE,2,True,True,0.0052620034604145,0.009018858183098636,1,1
50,TK-1999-0415_1401_HNE,3,True,True,0.0080889014321313,0.019208761314161445,1,2
50,TK-1999-0415_D0531_HNN,2,True,True,0.0090793255725954,0.008429230418477946,1,1
50,TK-1999-0415_D0531_HNN,3,True,True,0.0174520121132177,0.0195593929356754,2,2
50,TK-1999-0415_D0531_HNN,4,True,True,0.1,0.05967312343343049,4,4
50,TK-1999-0415_D0531_HNN,5,True,True,0.1,0.08245510812800821,4,4
50,TK-1999-0415_1406_HNN,2,True,True,0.0132627619010028,0.011519295635114491,2,1
50,TK-1999-0415_1406_HNN,3,True,True,0.1,0.02381754406736255,4,2
50,TK-1999-0415_1406_HNN,4,True,True,0.1,0.06783019166028173,4,4
50,TK-1999-0415_1406_HNN,5,True,True,0.1,0.10845128188695956,4,4
50,TK-1999-0415_1401_HNE,4,True,True,0.0145169610954138,0.0329639575154028,2,4
50,TK-1999-0415_1401_HNE,5,True,True,0.0236967532433235,0.05482681892515345,2,4
50,TK-1999-0415_1406_HNN,0,True,True,0.001419289395488,0.001365901458434563,0,0
50,TK-1999-0415_1406_HNN,1,True,True,0.0042632189962781,0.004960450455008891,0,1
50,TK-1999-0415_8101_HNE,4,True,True,0.1,0.04025466329094993,4,4
50,TK-1999-0415_8101_HNE,5,True,True,0.1,0.06799081869424912,4,4
50,INT-20250810_0000200_AKS_HNN,0,True,True,0.0012849649779406,0.001419515504867897,0,0
50,INT-20250810_0000200_AKS_HNN,1,True,True,0.003377937446805,0.005472104863696357,0,1
50,TK-1999-0415_8101_HNE,0,True,True,0.0010451978567703,0.001376002378153542,0,0
50,TK-1999-0415_8101_HNE,1,True,True,0.0033022278071035,0.004866299981171507,0,0
50,TK-1999-0415_8101_HNE,2,True,True,0.0090558365008061,0.01047980491168164,1,2
50,TK-1999-0415_8101_HNE,3,True,True,0.0177538595976807,0.02009110336353099,2,2
50,INT-20250810_0000200_BALB_HNE,0,True,True,0.0010519277907235,0.0011151009017647093,0,0
50,INT-20250810_0000200_BALB_HNE,1,True,True,0.0023966952025294,0.00330887605892977,0,0
50,INT-20250810_0000200_BALB_HNE,2,True,True,0.0057849577483431,0.007221906749624642,1,1
50,INT-20250810_0000200_BALB_HNE,3,True,True,0.0115966183079559,0.014471661907671865,1,2
50,INT-20250810_0000200_AKS_HNN,2,True,True,0.0100750320489899,0.013557518756012386,1,2
50,INT-20250810_0000200_AKS_HNN,3,True,True,0.0237807627984044,0.039341401293348996,2,4
50,INT-20250810_0000200_AKS_HNN,4,True,True,0.0501476900076191,0.05151729409025383,3,4
50,INT-20250810_0000200_AKS_HNN,5,True,True,0.1,0.08782852372398746,4,4
50,INT-20250810_0000200_BALB_HNE,4,True,True,0.0201729614469168,0.023269577956917597,2,2
50,INT-20250810_0000200_BALB_HNE,5,True,True,0.1,0.06629410468948303,4,4
50,INT-20250810_0000200_GORD_HNN,0,True,True,0.0012728905185265,0.0010367530133354975,0,0
50,INT-20250810_0000200_GORD_HNN,1,True,True,0.0036866226583476,0.0029261313142298234,0,0
50,INT-20250810_0000200_GORD_HNN,2,True,True,0.0072173070154726,0.006062708439904972,1,1
50,INT-20250810_0000200_GORD_HNN,3,True,True,0.012617651576282,0.013014998926370673,2,1
50,INT-20250810_0000200_GORD_HNN,4,True,True,0.026234911393161,0.017844770945406412,2,2
50,INT-20250810_0000200_GORD_HNN,5,True,True,0.1,0.05223259968819933,4,4
50,INT-20250810_0000200_SOMA_HNN,0,True,True,0.0008925093803767,0.001147759592660435,0,0
50,INT-20250810_0000200_SOMA_HNN,1,True,True,0.0034929336510395,0.0036931879436951703,0,0
50,INT-20250810_0000200_SOMA_HNN,2,True,True,0.0080044967640839,0.008188056449734452,1,1
50,INT-20250810_0000200_SOMA_HNN,3,True,True,0.0120913140468161,0.016800234062949337,2,2
50,INT-20250810_0000200_SOMA_HNN,4,True,True,0.0177035737169834,0.036714718063779336,2,2
50,INT-20250810_0000200_SOMA_HNN,5,True,True,0.0296399933473253,0.08752829062441443,2,4
50,TK-1999-0294_1612_HNE,0,True,True,0.001574511486617,0.0009568550793466542,0,0
50,TK-1999-0294_1612_HNE,1,True,True,0.0044261345872693,0.002639727491316623,0,0
50,TK-1999-0294_1612_HNE,2,True,True,0.0105591601925165,0.006581831181600639,1,1
50,TK-1999-0294_1612_HNE,3,True,True,0.0171436084568453,0.014313756092123186,2,2
50,TK-1999-0294_1612_HNE,4,True,True,0.0271862465633056,0.024380675887853875,2,2
50,TK-1999-0294_1612_HNE,5,True,True,0.1,0.04105802691766603,4,4
50,TK-2003-0179_1701_HNN,0,True,True,0.0009743054015467,0.0010145250603114102,0,0
50,TK-2003-0179_1701_HNN,1,True,True,0.0021999883621472,0.0027698666930303165,0,0
50,TK-2003-0179_1701_HNN,2,True,True,0.0050136045181127,0.003812211579955941,1,0
50,TK-2003-0179_1701_HNN,3,True,True,0.0071889810971092,0.007235065587627214,1,1
50,TK-1999-0294_4101_HNE,2,True,True,0.0140523230089553,0.020736052728014594,2,4
50,TK-1999-0294_4101_HNE,3,True,True,0.0179527871636822,0.03430931704340521,2,2
50,TK-1999-0294_4101_HNE,4,True,True,0.0438508563659884,0.08621451170315139,3,4
50,TK-1999-0294_4101_HNE,5,True,True,0.1,0.11138802970298203,4,4
50,TK-2003-0179_1701_HNN,4,True,True,0.0134591405292567,0.013764545572399338,2,2
50,TK-2003-0179_1701_HNN,5,True,True,0.0289510246368692,0.026731703132724723,2,2
50,TK-1999-0294_4101_HNE,0,True,True,0.0013054879520901,0.001498914014062824,0,0
50,TK-1999-0294_4101_HNE,1,True,True,0.0049687492476233,0.0069102802198502756,0,0
50,TK-1999-0294_4107_HNE,0,True,True,0.0012687408795812,0.00102277515223182,0,0
50,TK-1999-0294_4107_HNE,1,True,True,0.0041808078865749,0.0034043122717836473,0,0
50,TK-1999-0294_4107_HNE,2,True,True,0.0108073752644406,0.008386148078657105,1,1
50,TK-1999-0294_4107_HNE,3,True,True,0.0200368704534808,0.017166724900031835,2,2
50,TK-1999-0294_4107_HNE,4,True,True,0.0292609470130902,0.037855308355554146,2,4
50,TK-1999-0294_4107_HNE,5,True,True,0.1,0.05214727648282476,4,4
50,TK-1999-0294_5401_HNE,0,True,True,0.000909941565073,0.0018447228592988942,0,0
50,TK-1999-0294_5401_HNE,1,True,True,0.0029974008691098,0.007992151498322109,0,0
50,TK-1999-0294_5401_HNE,2,True,True,0.0069907735714934,0.018114903190239288,1,2
50,TK-1999-0294_5401_HNE,3,True,True,0.0142203401105091,0.03200695610696847,2,2
50,TK-1999-0294_5401_HNE,4,True,True,0.1,0.053963843104470915,4,3
50,TK-1999-0294_5401_HNE,5,True,True,0.1,0.0981430780200937,4,4
50,EMSC-20200122_0000127_GOMA_HNE,0,True,True,0.0010283191194995,0.0010145957958107956,0,0
50,EMSC-20200122_0000127_GOMA_HNE,1,True,True,0.0026523826416338,0.002760098902954473,0,0
50,EMSC-20200122_0000127_GOMA_HNE,2,True,True,0.0054331323816644,0.005570322827186015,1,1
50,EMSC-20200122_0000127_GOMA_HNE,3,True,True,0.010727695120734,0.011637422837400036,1,2
50,EMSC-20200122_0000127_GOMA_HNE,4,True,True,0.0178976285559721,0.018882267414443703,2,2
50,EMSC-20200122_0000127_GOMA_HNE,5,True,True,0.0261669891443187,0.06410797583500094,2,4
50,EMSC-20200122_0000127_SOMA_HNN,0,True,True,0.0011311310279282,0.001131566138841329,0,0
50,EMSC-20200122_0000127_SOMA_HNN,1,True,True,0.0041362188914325,0.003651793395887719,0,0
50,EMSC-20200122_0000127_SOMA_HNN,2,True,True,0.0113151710686394,0.009212427125200717,1,1
50,EMSC-20200122_0000127_SOMA_HNN,3,True,True,0.0191433999852182,0.021837659975967986,2,2
50,EMSC-20200122_0000127_SOMA_HNN,4,True,True,0.0538939194788769,0.05170366884795923,3,2
50,EMSC-20200122_0000127_SOMA_HNN,5,True,True,0.1,0.09879205256684905,4,4
51,TK-1999-0077_YPT_HNN,4,True,True,0.1,0.07038661377328007,4,4
51,TK-1999-0077_YPT_HNN,5,True,True,0.1,0.07941393954428021,4,4
51,TK-1999-0077_1612_HNE,0,True,True,0.0014546409260234,0.0008728774111439061,0,0
51,TK-1999-0077_1612_HNE,1,True,True,0.0042530097203265,0.001799232866104265,0,0
51,TK-1999-0077_YPT_HNN,0,True,True,0.0017144820127774,0.0012549712195092546,0,0
51,TK-1999-0077_YPT_HNN,1,True,True,0.0053051295497467,0.0037428968207798914,1,0
51,TK-1999-0077_YPT_HNN,2,True,True,0.0168595169631217,0.008292521923022607,2,1
51,TK-1999-0077_YPT_HNN,3,True,True,0.1,0.03824903666255391,4,3
51,TK-1999-0077_1612_HNE,2,True,True,0.0075935640693556,0.0031863205251241177,1,0
51,TK-1999-0077_1612_HNE,3,True,True,0.0160763147892698,0.007511607704405433,2,1
51,TK-1999-0077_1612_HNE,4,True,True,0.0343243015731871,0.012642049563846701,3,2
51,TK-1999-0077_1612_HNE,5,True,True,0.1,0.02884269257187923,4,4
51,TK-1999-0077_4101_HNE,0,True,True,0.0013133652061697,0.0014469969798404508,0,0
51,TK-1999-0077_4101_HNE,1,True,True,0.005846776605563,0.004835329446020181,1,1
51,TK-1999-0077_4101_HNE,2,True,True,0.0241497389929074,0.012934169934319725,2,2
51,TK-1999-0077_4101_HNE,3,True,True,0.1,0.051141630092691195,4,3
51,TK-1999-0077_4101_HNE,4,True,True,0.1,0.12137905663897511,4,4
51,TK-1999-0077_4101_HNE,5,True,True,0.1,0.10955232314760431,4,4
51,TK-1999-0077_4106_HNN,0,True,True,0.0010081816684653,0.0024267112879249025,0,0
51,TK-1999-0077_4106_HNN,1,True,True,0.0074486449158657,0.011785980387571416,1,1
51,TK-1999-0077_4106_HNN,2,True,True,0.0418084761449706,0.04475067929266789,3,2
51,TK-1999-0077_4106_HNN,3,True,True,0.1,0.09040461189064969,4,4
51,TK-1999-0077_4106_HNN,4,True,True,0.1,0.1421513045744361,4,4
51,TK-1999-0077_4106_HNN,5,True,True,0.0741584863916224,0.15184349323266128,4,4
51,TK-1999-0077_5401_HNE,4,True,True,0.0798166501934929,0.0638206297559545,4,4
51,TK-1999-0077_5401_HNE,5,True,True,0.1,0.07863777086629943,4,4
51,TK-1999-0415_487_HNN,0,True,True,0.0017349006015661,0.001256439547555468,0,0
51,TK-1999-0415_487_HNN,1,True,True,0.003991739833735,0.0036302658544033655,0,0
51,TK-1999-0077_5401_HNE,0,True,True,0.0010973657290794,0.0013628784088504393,0,0
51,TK-1999-0077_5401_HNE,1,True,True,0.0048223313843102,0.005644943919592839,0,1
51,TK-1999-0077_5401_HNE,2,True,True,0.0127449364836472,0.017353655402892285,2,3
51,TK-1999-0077_5401_HNE,3,True,True,0.0554278132560933,0.0652611119888166,3,4
51,TK-1999-0415_487_HNN,2,True,True,0.0107238898846687,0.008414495562046546,1,1
51,TK-1999-0415_487_HNN,3,True,True,0.0246050489627026,0.020051353473151717,2,2
51,TK-1999-0415_487_HNN,4,True,True,0.1,0.05300441761035124,4,4
51,TK-1999-0415_487_HNN,5,True,True,0.1,0.08741244383760147,4,4
51,TK-1999-0415_496_HNN,0,True,True,0.0019426035198604,0.003181945226014494,0,0
51,TK-1999-0415_496_HNN,1,True,True,0.011117947748188,0.007879227854333358,1,1
51,TK-1999-0415_496_HNN,2,True,True,0.0182413783091245,0.020479876728109515,2,2
51,TK-1999-0415_496_HNN,3,True,True,0.0857318943066893,0.07276695218135125,4,4
51,TK-1999-0415_496_HNN,4,True,True,0.0901888849228731,0.09357997878301158,4,4
51,TK-1999-0415_496_HNN,5,True,True,0.1,0.09551664396019155,4,4
51,TK-1999-0415_498_HNN,0,True,True,0.0016280135686842,0.001510513439699765,0,0
51,TK-1999-0415_498_HNN,1,True,True,0.0045270520050711,0.004346438368897908,0,0
51,TK-1999-0415_498_HNN,2,True,True,0.0095819674692732,0.013054255272142377,1,1
51,TK-1999-0415_498_HNN,3,True,True,0.0276626494387907,0.03566223379414164,2,2
51,TK-1999-0415_498_HNN,4,True,True,0.1,0.0659494601105106,4,4
51,TK-1999-0415_498_HNN,5,True,True,0.1,0.09477509452888641,4,4
51,TK-1999-0415_C0362_HNN,0,True,True,0.0010434805926478,0.0010578929405859793,0,0
51,TK-1999-0415_C0362_HNN,1,True,True,0.0031018572366429,0.001996818109427405,0,0
51,TK-1999-0415_C0362_HNN,2,True,True,0.0070408790747621,0.0035473135522446405,1,0
51,TK-1999-0415_C0362_HNN,3,True,True,0.0163152827924732,0.006170866423323979,2,1
51,TK-1999-0415_C0375_HNN,2,True,True,0.0171755298880139,0.02218909908090295,2,2
51,TK-1999-0415_C0375_HNN,3,True,True,0.1,0.06417590089822078,4,4
51,TK-1999-0415_C0375_HNN,4,True,True,0.1,0.09989229345450071,4,4
51,TK-1999-0415_C0375_HNN,5,True,True,0.1,0.10664615951161066,4,4
51,TK-1999-0415_C0362_HNN,4,True,True,0.0345551340885548,0.011322363080193566,3,1
51,TK-1999-0415_C0362_HNN,5,True,True,0.1,0.020812903572604215,4,2
51,TK-1999-0415_C0375_HNN,0,True,True,0.0026217385615292,0.002558220669402919,0,0
51,TK-1999-0415_C0375_HNN,1,True,True,0.0072335062486431,0.00927598970798885,1,1
51,TK-1999-0415_C1058_HNE,0,True,True,0.0016523436907337,0.0012065606784075528,0,0
51,TK-1999-0415_C1058_HNE,1,True,True,0.0048603828253432,0.003438594832928685,0,0
51,TK-1999-0415_C1058_HNE,2,True,True,0.0114197818012921,0.008687803859210584,1,1
51,TK-1999-0415_C1058_HNE,3,True,True,0.0303291279263592,0.0284115408275189,3,2
51,TK-1999-0415_C1058_HNE,4,True,True,0.1,0.0734080212959491,4,4
51,TK-1999-0415_C1058_HNE,5,True,True,0.0997398038372095,0.11394217204375448,4,4
51,TK-1999-0415_C1059_HNN,0,True,True,0.0014459884213771,0.0017989642205615741,0,0
51,TK-1999-0415_C1059_HNN,1,True,True,0.003942511311659,0.004806584759398753,0,1
51,TK-1999-0415_C1059_HNN,2,True,True,0.0099824392734731,0.012913424468371898,1,1
51,TK-1999-0415_C1059_HNN,3,True,True,0.0273174843683102,0.029270712002744562,2,2
51,TK-1999-0415_C1059_HNN,4,True,True,0.1,0.08069781616873367,4,4
51,TK-1999-0415_C1059_HNN,5,True,True,0.1,0.10184231251880235,4,4
51,TK-1999-0415_C1060_HNE,0,True,True,0.0022526140563052,0.0014679703738986302,0,0
51,TK-1999-0415_C1060_HNE,1,True,True,0.005947784517879,0.004006299263684596,1,0
51,TK-1999-0415_C1060_HNE,2,True,True,0.0143840919041564,0.010282953281992045,2,1
51,TK-1999-0415_C1060_HNE,3,True,True,0.1,0.02668532592458217,4,2
51,TK-1999-0415_C1060_HNE,4,True,True,0.1,0.07583423127765855,4,4
51,TK-1999-0415_C1060_HNE,5,True,True,0.1,0.09337386464536283,4,4
51,TK-1999-0415_C1061_HNE,0,True,True,0.0023139864231857,0.0015229549055747911,0,0
51,TK-1999-0415_C1061_HNE,1,True,True,0.0053764554823957,0.004612631646942116,1,0
51,TK-1999-0415_C1061_HNE,2,True,True,0.0121642470395802,0.010047210752219243,2,1
51,TK-1999-0415_C1061_HNE,3,True,True,0.0297378846415966,0.022346796240568307,2,2
51,TK-1999-0415_C1061_HNE,4,True,True,0.1,0.04644025065211335,4,3
51,TK-1999-0415_C1061_HNE,5,True,True,0.1,0.07459404329629521,4,4
51,TK-1999-0415_C1062_HNE,0,True,True,0.0021531751074629,0.0014034579091483834,0,0
51,TK-1999-0415_C1062_HNE,1,True,True,0.0042366722925894,0.004570436162549363,0,1
51,TK-1999-0415_C1062_HNE,2,True,True,0.0085298772297293,0.011816352015732232,1,1
51,TK-1999-0415_C1062_HNE,3,True,True,0.0208411725496686,0.03073167699145588,2,2
51,TK-1999-0415_C1062_HNE,4,True,True,0.0374687381080334,0.08737140008316001,3,4
51,TK-1999-0415_C1062_HNE,5,True,True,0.1,0.09739503874957278,4,4
51,TK-1999-0415_D0531_HNN,0,True,True,0.0021384327596605,0.0016708211130956644,0,0
51,TK-1999-0415_D0531_HNN,1,True,True,0.0067929341403491,0.0052071196499017475,1,1
51,TK-1999-0415_D0531_HNN,2,True,True,0.017295111965544,0.013556264703228486,2,1
51,TK-1999-0415_D0531_HNN,3,True,True,0.0355220096725165,0.03880333872410093,3,4
51,TK-1999-0415_D0531_HNN,4,True,True,0.1,0.07669415858420066,4,4
51,TK-1999-0415_D0531_HNN,5,True,True,0.1,0.08163464954911734,4,4
51,TK-1999-0415_1401_HNE,0,True,True,0.0011755866553583,0.0015263355403665804,0,0
51,TK-1999-0415_1401_HNE,1,True,True,0.0026303968849794,0.0050201146356842405,0,0
51,TK-1999-0415_1401_HNE,2,True,True,0.0050414889077636,0.008874856991360624,1,1
51,TK-1999-0415_1401_HNE,3,True,True,0.0100352166772265,0.01722103259877974,1,2
51,TK-1999-0415_1401_HNE,4,True,True,0.0191756171900692,0.028498324127176042,2,2
51,TK-1999-0415_1401_HNE,5,True,True,0.0277250933383429,0.05986216492100334,2,4
51,TK-1999-0415_1406_HNN,0,True,True,0.0021514401251535,0.0020286243023967115,0,0
51,TK-1999-0415_1406_HNN,1,True,True,0.0080383266931111,0.006709640584025077,1,1
51,TK-1999-0415_1406_HNN,2,True,True,0.0313549614525789,0.01455107913622822,3,2
51,TK-1999-0415_1406_HNN,3,True,True,0.1,0.03995166132390432,4,3
51,TK-1999-0415_1406_HNN,4,True,True,0.1,0.08962315631752071,4,4
51,TK-1999-0415_1406_HNN,5,True,True,0.1,0.09865710025071774,4,4
51,TK-1999-0415_8101_HNE,4,True,True,0.1,0.03927395585573828,4,4
51,TK-1999-0415_8101_HNE,5,True,True,0.1,0.05885461412353767,4,4
51,INT-20250810_0000200_AKS_HNN,0,True,True,0.0015013595738986,0.0019356692036340858,0,0
51,INT-20250810_0000200_AKS_HNN,1,True,True,0.0053766740137308,0.006989577917556798,1,1
51,TK-1999-0415_8101_HNE,0,True,True,0.0015766346709397,0.0015236682406003488,0,0
51,TK-1999-0415_8101_HNE,1,True,True,0.005736779066233,0.0063366832894993985,1,0
51,TK-1999-0415_8101_HNE,2,True,True,0.0153746815489143,0.014371636611772503,2,2
51,TK-1999-0415_8101_HNE,3,True,True,0.0306714315607282,0.02893481929677969,3,2
51,INT-20250810_0000200_BALB_HNE,0,True,True,0.0010119523406674,0.0012870934515507681,0,0
51,INT-20250810_0000200_BALB_HNE,1,True,True,0.0029914952341192,0.004083324451362943,0,0
51,INT-20250810_0000200_BALB_HNE,2,True,True,0.0069698018917248,0.008798640416949161,1,1
51,INT-20250810_0000200_BALB_HNE,3,True,True,0.0144891790817147,0.017725440055347135,2,2
51,INT-20250810_0000200_AKS_HNN,2,True,True,0.0137450063258825,0.023654129494395198,2,2
51,INT-20250810_0000200_AKS_HNN,3,True,True,0.0343786920850499,0.053491125555121706,3,4
51,INT-20250810_0000200_AKS_HNN,4,True,True,0.1,0.05226590151478629,4,4
51,INT-20250810_0000200_AKS_HNN,5,True,True,0.1,0.09333529923822309,4,4
51,INT-20250810_0000200_BALB_HNE,4,True,True,0.0256396877585874,0.0330248542046639,2,2
51,INT-20250810_0000200_BALB_HNE,5,True,True,0.0539588609643737,0.08005590801978234,3,3
51,INT-20250810_0000200_GORD_HNN,0,True,True,0.0010490086872364,0.0011390427191691184,0,0
51,INT-20250810_0000200_GORD_HNN,1,True,True,0.0029131278354345,0.0028420229874946508,0,0
51,INT-20250810_0000200_GORD_HNN,2,True,True,0.0065974137606031,0.00550903177530087,1,1
51,INT-20250810_0000200_GORD_HNN,3,True,True,0.0119671042448991,0.010645568773713959,1,1
51,INT-20250810_0000200_GORD_HNN,4,True,True,0.0250507125717657,0.015686257072413036,2,2
51,INT-20250810_0000200_GORD_HNN,5,True,True,0.1,0.03622949183222391,4,3
51,INT-20250810_0000200_SOMA_HNN,0,True,True,0.0016163147450064,0.001491200574205913,0,0
51,INT-20250810_0000200_SOMA_HNN,1,True,True,0.0042243831162316,0.004405491131901493,0,1
51,INT-20250810_0000200_SOMA_HNN,2,True,True,0.0094124672445451,0.010356571144953192,1,1
51,INT-20250810_0000200_SOMA_HNN,3,True,True,0.0169524848649976,0.023182650498613108,2,2
51,INT-20250810_0000200_SOMA_HNN,4,True,True,0.0305002288808348,0.059185116299171,3,3
51,INT-20250810_0000200_SOMA_HNN,5,True,True,0.1,0.07093097333145675,4,4
51,TK-1999-0294_1612_HNE,0,True,True,0.0014225095791861,0.001038468728405039,0,0
51,TK-1999-0294_1612_HNE,1,True,True,0.0038533827316146,0.002313783194382004,0,0
51,TK-1999-0294_1612_HNE,2,True,True,0.0075844513333259,0.005251077895825168,1,1
51,TK-1999-0294_1612_HNE,3,True,True,0.0140468829060363,0.010039196867823714,2,1
51,TK-1999-0294_1612_HNE,4,True,True,0.018985170496461,0.018539519477320063,2,2
51,TK-1999-0294_1612_HNE,5,True,True,0.0414366839040266,0.03176123162968854,3,2
51,TK-2003-0179_1701_HNN,0,True,True,0.0007836498191813,0.0011261405282741715,0,0
51,TK-2003-0179_1701_HNN,1,True,True,0.0024459005531687,0.002829116671434007,0,0
51,TK-2003-0179_1701_HNN,2,True,True,0.0048954190944545,0.003968726497008375,0,1
51,TK-2003-0179_1701_HNN,3,True,True,0.0102821155192995,0.008851394741615603,1,1
51,TK-1999-0294_4101_HNE,2,True,True,0.013677377251075,0.018764624044083352,2,2
51,TK-1999-0294_4101_HNE,3,True,True,0.0263180515586233,0.03114966521936133,2,2
51,TK-1999-0294_4101_HNE,4,True,True,0.0543282618592991,0.07122156979784125,3,4
51,TK-1999-0294_4101_HNE,5,True,True,0.1,0.09078991611261916,4,4
51,TK-2003-0179_1701_HNN,4,True,True,0.0210962892502439,0.012618938958439262,2,2
51,TK-2003-0179_1701_HNN,5,True,True,0.0382238465389713,0.027895619939649195,3,3
51,TK-1999-0294_4101_HNE,0,True,True,0.0018979443555278,0.0018543677578150653,0,0
51,TK-1999-0294_4101_HNE,1,True,True,0.0079185371366068,0.00764727198116039,1,0
51,TK-1999-0294_4107_HNE,0,True,True,0.0012049886457068,0.0011522850188336825,0,0
51,TK-1999-0294_4107_HNE,1,True,True,0.0035674793845354,0.003265867105367531,0,0
51,TK-1999-0294_4107_HNE,2,True,True,0.0090574254026363,0.0081607764548947,1,1
51,TK-1999-0294_4107_HNE,3,True,True,0.0172838710721583,0.016428863600126766,2,2
51,TK-1999-0294_4107_HNE,4,True,True,0.0247613327730708,0.03949484839213339,2,3
51,TK-1999-0294_4107_HNE,5,True,True,0.0329579058464706,0.05259255359972945,3,4
51,TK-1999-0294_5401_HNE,0,True,True,0.0013769316197463,0.003309533698609449,0,0
51,TK-1999-0294_5401_HNE,1,True,True,0.0045677034663822,0.010288153757715527,0,1
51,TK-1999-0294_5401_HNE,2,True,True,0.0092898956339911,0.01947673213199638,1,2
51,TK-1999-0294_5401_HNE,3,True,True,0.0250861218971925,0.04214629820350069,2,2
51,TK-1999-0294_5401_HNE,4,True,True,0.1,0.06767343623674837,4,4
51,TK-1999-0294_5401_HNE,5,True,True,0.1,0.07975737100624374,4,4
51,EMSC-20200122_0000127_GOMA_HNE,0,True,True,0.0010156107852749,0.0010319955758105815,0,0
51,EMSC-20200122_0000127_GOMA_HNE,1,True,True,0.0027656636378561,0.0032877506361318866,0,0
51,EMSC-20200122_0000127_GOMA_HNE,2,True,True,0.0082918405251231,0.007311621005833719,1,1
51,EMSC-20200122_0000127_GOMA_HNE,3,True,True,0.0159671172436934,0.014766783018132876,2,2
51,EMSC-20200122_0000127_GOMA_HNE,4,True,True,0.0221610846385824,0.0315188989773583,2,3
51,EMSC-20200122_0000127_GOMA_HNE,5,True,True,0.0334817941280082,0.06794835549967827,3,4
51,EMSC-20200122_0000127_SOMA_HNN,0,True,True,0.0015915249252486,0.0015080161761481235,0,0
51,EMSC-20200122_0000127_SOMA_HNN,1,True,True,0.0060163466535047,0.005512982983687754,1,0
51,EMSC-20200122_0000127_SOMA_HNN,2,True,True,0.0163452161097115,0.012703055080353713,2,2
51,EMSC-20200122_0000127_SOMA_HNN,3,True,True,0.0192142953072191,0.026657001151475398,2,2
51,EMSC-20200122_0000127_SOMA_HNN,4,True,True,0.034602500991118,0.07670664328431548,3,3
51,EMSC-20200122_0000127_SOMA_HNN,5,True,True,0.0555819615401096,0.09966721487231174,3,4
52,TK-1999-0077_YPT_HNN,0,True,True,0.0008648064820679,0.0007681568121762755,0,0
52,TK-1999-0077_YPT_HNN,1,True,True,0.0022482745026772,0.0026404710125925096,0,0
52,TK-1999-0077_YPT_HNN,2,True,True,0.0077617852177715,0.005807321352204585,1,0
52,TK-1999-0077_YPT_HNN,3,True,True,0.0199163918451956,0.011654989039226576,2,2
52,TK-1999-0077_YPT_HNN,4,True,True,0.1,0.03905579958758012,4,3
52,TK-1999-0077_YPT_HNN,5,True,True,0.1,0.06423559272302179,4,4
52,TK-1999-0077_1612_HNE,0,True,True,0.0008957189313772,0.0007649593933901623,0,0
52,TK-1999-0077_1612_HNE,1,True,True,0.0051032911831394,0.002177272553487262,1,0
52,TK-1999-0077_1612_HNE,2,True,True,0.0119666708117559,0.004613135589873276,1,0
52,TK-1999-0077_1612_HNE,3,True,True,0.0230178606026786,0.009930560302656974,2,1
52,TK-1999-0077_1612_HNE,4,True,True,0.0451102936944409,0.02077969800943869,3,2
52,TK-1999-0077_1612_HNE,5,True,True,0.1,0.04832199483055353,4,4
52,TK-1999-0077_4101_HNE,0,True,True,0.0008913459481078,0.0010201440680346343,0,0
52,TK-1999-0077_4101_HNE,1,True,True,0.0038013927735709,0.0038298487207002276,0,0
52,TK-1999-0077_4101_HNE,2,True,True,0.0124915112627972,0.009489658326672642,2,2
52,TK-1999-0077_4101_HNE,3,True,True,0.0654706413519679,0.03396301344214814,4,3
52,TK-1999-0077_4101_HNE,4,True,True,0.1,0.09864331731981928,4,4
52,TK-1999-0077_4101_HNE,5,True,True,0.1,0.11607167013740698,4,4
52,TK-1999-0077_4106_HNN,0,True,True,0.0009291878823496,0.001022099351092718,0,0
52,TK-1999-0077_4106_HNN,1,True,True,0.0044452623267461,0.006985998790128387,0,1
52,TK-1999-0077_4106_HNN,2,True,True,0.0076570837411256,0.024336947897175217,1,2
52,TK-1999-0077_4106_HNN,3,True,True,0.0430196600122878,0.07322474684106284,3,4
52,TK-1999-0077_4106_HNN,4,True,True,0.0920425603157193,0.11769972530907874,4,4
52,TK-1999-0077_4106_HNN,5,True,True,0.1,0.1720884599733313,4,4
52,TK-1999-0077_5401_HNE,4,True,True,0.1,0.05878902918248331,4,4
52,TK-1999-0077_5401_HNE,5,True,True,0.1,0.08541484097176102,4,4
52,TK-1999-0415_487_HNN,0,True,True,0.0008092124046482,0.0009101033431287901,0,0
52,TK-1999-0415_487_HNN,1,True,True,0.004388436901989,0.0031031579705344523,0,0
52,TK-1999-0077_5401_HNE,0,True,True,0.0007907075640204,0.0009428243697837339,0,0
52,TK-1999-0077_5401_HNE,1,True,True,0.0033709857549089,0.004688718126064243,0,0
52,TK-1999-0077_5401_HNE,2,True,True,0.0139058094258085,0.013246523154704908,2,1
52,TK-1999-0077_5401_HNE,3,True,True,0.0314072279948859,0.04174506206875864,3,4
52,TK-1999-0415_496_HNN,0,True,True,0.0012418045841603,0.0009533640597410258,0,0
52,TK-1999-0415_496_HNN,1,True,True,0.0035974639636692,0.003521437850069655,0,0
52,TK-1999-0415_496_HNN,2,True,True,0.0059003485613155,0.009781878154525664,1,1
52,TK-1999-0415_496_HNN,3,True,True,0.0109398965590728,0.01822548632582381,1,2
52,TK-1999-0415_487_HNN,2,True,True,0.0096360134684424,0.006905930331249199,1,1
52,TK-1999-0415_487_HNN,3,True,True,0.0168428856710862,0.013571574310571521,2,2
52,TK-1999-0415_487_HNN,4,True,True,0.0411500556611766,0.03175775328803809,3,3
52,TK-1999-0415_487_HNN,5,True,True,0.1,0.08047268091703158,4,4
52,TK-1999-0415_498_HNN,2,True,True,0.0082116534650192,0.007004070420398513,1,1
52,TK-1999-0415_498_HNN,3,True,True,0.0113452728182212,0.013966730473231064,1,1
52,TK-1999-0415_498_HNN,4,True,True,0.0255249933563953,0.03631430914720415,2,3
52,TK-1999-0415_498_HNN,5,True,True,0.1,0.058603312255664106,4,4
52,TK-1999-0415_496_HNN,4,True,True,0.0219077617893299,0.038738804115047605,2,3
52,TK-1999-0415_496_HNN,5,True,True,0.0589923790140958,0.06335782368572965,3,4
52,TK-1999-0415_498_HNN,0,True,True,0.0009514706718819,0.0009403922472452747,0,0
52,TK-1999-0415_498_HNN,1,True,True,0.0029553444995432,0.003073950615452401,0,0
52,TK-1999-0415_C0362_HNN,0,True,True,0.0008408775300763,0.000803226605273455,0,0
52,TK-1999-0415_C0362_HNN,1,True,True,0.0035947345558625,0.0018831790535955477,0,0
52,TK-1999-0415_C0362_HNN,2,True,True,0.007484168486547,0.0037015404665250106,1,0
52,TK-1999-0415_C0362_HNN,3,True,True,0.0172200841501601,0.006227837506300422,2,1
52,TK-1999-0415_C0362_HNN,4,True,True,0.0368719725415161,0.010476669890229245,3,1
52,TK-1999-0415_C0362_HNN,5,True,True,0.1,0.01944215183240594,4,2
52,TK-1999-0415_C0375_HNN,0,True,True,0.0011655196220678,0.001229060170393676,0,0
52,TK-1999-0415_C0375_HNN,1,True,True,0.0043561008237389,0.0043166241259088535,0,0
52,TK-1999-0415_C1058_HNE,0,True,True,0.0008467723781974,0.0008230943476115475,0,0
52,TK-1999-0415_C1058_HNE,1,True,True,0.0045792391557979,0.002777097438424412,0,0
52,TK-1999-0415_C1058_HNE,2,True,True,0.0149439197021127,0.009084231492091225,2,2
52,TK-1999-0415_C1058_HNE,3,True,True,0.0458696836603075,0.025662510212511647,3,2
52,TK-1999-0415_C0375_HNN,2,True,True,0.0082734269099789,0.009902741308701567,1,1
52,TK-1999-0415_C0375_HNN,3,True,True,0.0118875159999423,0.01717479860184815,1,2
52,TK-1999-0415_C0375_HNN,4,True,True,0.0209364755636786,0.040049930482599104,2,3
52,TK-1999-0415_C0375_HNN,5,True,True,0.0601392028338601,0.10187266181127383,4,4
52,TK-1999-0415_C1058_HNE,4,True,True,0.1,0.058003420211570435,4,4
52,TK-1999-0415_C1058_HNE,5,True,True,0.1,0.0845268029376053,4,4
52,TK-1999-0415_C1059_HNN,0,True,True,0.000903551049774,0.0010158799169766193,0,0
52,TK-1999-0415_C1059_HNN,1,True,True,0.0039649131230479,0.004156129394933997,0,0
52,TK-1999-0415_C1059_HNN,2,True,True,0.0085169026066437,0.010164793389724936,1,1
52,TK-1999-0415_C1059_HNN,3,True,True,0.017919087928567,0.02080827661840518,2,2
52,TK-1999-0415_C1059_HNN,4,True,True,0.1,0.05675309849731694,4,3
52,TK-1999-0415_C1059_HNN,5,True,True,0.1,0.08703423433669678,4,4
52,TK-1999-0415_C1060_HNE,0,True,True,0.0010555098888183,0.0008244691536583804,0,0
52,TK-1999-0415_C1060_HNE,1,True,True,0.0028479400337817,0.0026975335454138137,0,0
52,TK-1999-0415_C1060_HNE,2,True,True,0.00945657159157,0.0058025061337549115,1,1
52,TK-1999-0415_C1060_HNE,3,True,True,0.0165442266470349,0.010453689241443898,2,1
52,TK-1999-0415_C1060_HNE,4,True,True,0.0391994822804867,0.02200886283554288,3,2
52,TK-1999-0415_C1060_HNE,5,True,True,0.1,0.06106345644307841,4,4
52,TK-1999-0415_C1061_HNE,0,True,True,0.0013967049223921,0.0010691101561816527,0,0
52,TK-1999-0415_C1061_HNE,1,True,True,0.0055628132222187,0.00427603536486924,1,0
52,TK-1999-0415_C1061_HNE,2,True,True,0.0118117075835069,0.00877579397391825,1,1
52,TK-1999-0415_C1061_HNE,3,True,True,0.0283261470501213,0.01463958529181447,2,2
52,TK-1999-0415_C1061_HNE,4,True,True,0.1,0.027765539829865248,4,3
52,TK-1999-0415_C1061_HNE,5,True,True,0.1,0.07540121508260961,4,4
52,TK-1999-0415_C1062_HNE,0,True,True,0.0008005257052499,0.000806964428366551,0,0
52,TK-1999-0415_C1062_HNE,1,True,True,0.0016886282140619,0.0024982488623737833,0,0
52,TK-1999-0415_C1062_HNE,2,True,True,0.0050781200008433,0.005561675432802703,1,1
52,TK-1999-0415_C1062_HNE,3,True,True,0.0088924919846767,0.009793043478178042,1,1
52,TK-1999-0415_C1062_HNE,4,True,True,0.0152770026051424,0.018055774225801843,2,2
52,TK-1999-0415_C1062_HNE,5,True,True,0.0275948609555876,0.05156679707078283,2,3
52,TK-1999-0415_D0531_HNN,0,True,True,0.0011132211717502,0.0007966840549824631,0,0
52,TK-1999-0415_D0531_HNN,1,True,True,0.002754595993568,0.002698957055638849,0,0
52,TK-1999-0415_1401_HNE,0,True,True,0.0008322417674663,0.0008653204009190579,0,0
52,TK-1999-0415_1401_HNE,1,True,True,0.0028580708357697,0.003679509579804833,0,0
52,TK-1999-0415_1401_HNE,2,True,True,0.0079708622488942,0.007972024985975643,1,1
52,TK-1999-0415_1401_HNE,3,True,True,0.0094383682346248,0.01365166801793792,1,2
52,TK-1999-0415_D0531_HNN,2,True,True,0.0054228893484245,0.006686309737111838,1,1
52,TK-1999-0415_D0531_HNN,3,True,True,0.0109050223633216,0.011733677999543021,1,1
52,TK-1999-0415_D0531_HNN,4,True,True,0.025475506308722,0.02801917133941374,2,2
52,TK-1999-0415_D0531_HNN,5,True,True,0.1,0.06289462735030923,4,4
52,TK-1999-0415_1401_HNE,4,True,True,0.0139309279162289,0.02479389099166196,2,3
52,TK-1999-0415_1401_HNE,5,True,True,0.0211337233455336,0.04303872488917239,2,3
52,TK-1999-0415_1406_HNN,0,True,True,0.0007434697356055,0.000878702163668079,0,0
52,TK-1999-0415_1406_HNN,1,True,True,0.0018185713293022,0.0029040804433280616,0,0
52,TK-1999-0415_1406_HNN,2,True,True,0.0046866715965086,0.0064502317594086695,0,1
52,TK-1999-0415_1406_HNN,3,True,True,0.0065987189635533,0.011186820014240158,1,1
52,TK-1999-0415_1406_HNN,4,True,True,0.0201559108744648,0.021118504582797876,2,2
52,TK-1999-0415_1406_HNN,5,True,True,0.1,0.049728455074884687,4,3
52,TK-1999-0415_8101_HNE,0,True,True,0.0008257686316536,0.0008517785519615176,0,0
52,TK-1999-0415_8101_HNE,1,True,True,0.0028568111600051,0.0034056487948353497,0,0
52,TK-1999-0415_8101_HNE,2,True,True,0.0053894802303636,0.007485833442872875,1,1
52,TK-1999-0415_8101_HNE,3,True,True,0.0117089795594058,0.013251123533775482,1,2
52,TK-1999-0415_8101_HNE,4,True,True,0.0197316966861244,0.024994100953477965,2,3
52,TK-1999-0415_8101_HNE,5,True,True,0.1,0.05106484464633496,4,4
52,INT-20250810_0000200_AKS_HNN,0,True,True,0.0008240551203543,0.00103268472327256,0,0
52,INT-20250810_0000200_AKS_HNN,1,True,True,0.0025963279588203,0.004408885625920896,0,0
52,INT-20250810_0000200_AKS_HNN,2,True,True,0.0068027032087512,0.009712364057104229,1,1
52,INT-20250810_0000200_AKS_HNN,3,True,True,0.0083768127370352,0.02035308414276402,1,2
52,INT-20250810_0000200_AKS_HNN,4,True,True,0.0319400051911357,0.0361959144876683,3,3
52,INT-20250810_0000200_AKS_HNN,5,True,True,0.1,0.06061505378829872,4,4
52,INT-20250810_0000200_BALB_HNE,0,True,True,0.0008952472373134,0.0009459023198522047,0,0
52,INT-20250810_0000200_BALB_HNE,1,True,True,0.0033335422202081,0.003070110499929782,0,0
52,INT-20250810_0000200_BALB_HNE,2,True,True,0.0061314396210458,0.007917380275733204,1,1
52,INT-20250810_0000200_BALB_HNE,3,True,True,0.011100249215536,0.014042309023632925,1,1
52,INT-20250810_0000200_BALB_HNE,4,True,True,0.0199171796753344,0.022088575519322154,2,2
52,INT-20250810_0000200_BALB_HNE,5,True,True,0.0367252562789971,0.06534329705588098,3,3
52,INT-20250810_0000200_GORD_HNN,0,True,True,0.0006552112798849,0.000829089686799544,0,0
52,INT-20250810_0000200_GORD_HNN,1,True,True,0.003941561159091,0.0025152484093672674,0,0
52,INT-20250810_0000200_GORD_HNN,2,True,True,0.0071464380088407,0.0048815326037097775,1,1
52,INT-20250810_0000200_GORD_HNN,3,True,True,0.0111849901434256,0.009099954299474477,1,1
52,INT-20250810_0000200_GORD_HNN,4,True,True,0.0175840877356508,0.013162890479697742,2,2
52,INT-20250810_0000200_GORD_HNN,5,True,True,0.0436475802939108,0.029475452931911755,3,3
52,INT-20250810_0000200_SOMA_HNN,0,True,True,0.0011298216042308,0.001010387007256637,0,0
52,INT-20250810_0000200_SOMA_HNN,1,True,True,0.0039213339980884,0.004236772465589289,0,0
52,INT-20250810_0000200_SOMA_HNN,2,True,True,0.0090698913418355,0.00839822798598029,1,1
52,INT-20250810_0000200_SOMA_HNN,3,True,True,0.0132203843963132,0.014513060941342904,2,2
52,INT-20250810_0000200_SOMA_HNN,4,True,True,0.0202691224042979,0.03131526059346035,2,3
52,INT-20250810_0000200_SOMA_HNN,5,True,True,0.0401082140954456,0.0727670121026761,3,4
52,TK-1999-0294_1612_HNE,0,True,True,0.0009301899892263,0.0009090816787683866,0,0
52,TK-1999-0294_1612_HNE,1,True,True,0.0060174215752497,0.0035487880410724143,1,0
52,TK-1999-0294_1612_HNE,2,True,True,0.0136401123068107,0.007493991263363033,2,1
52,TK-1999-0294_1612_HNE,3,True,True,0.0233139634079782,0.01334598749938376,2,2
52,TK-1999-0294_1612_HNE,4,True,True,0.0356577012800722,0.019085521068454733,3,2
52,TK-1999-0294_1612_HNE,5,True,True,0.1,0.03836238306680051,4,2
52,TK-2003-0179_1701_HNN,0,True,True,0.0008653997085379,0.0007430538984825556,0,0
52,TK-2003-0179_1701_HNN,1,True,True,0.002803230706341,0.0021392884021143484,0,0
52,TK-2003-0179_1701_HNN,2,True,True,0.0045730839264972,0.00331957618074622,0,0
52,TK-2003-0179_1701_HNN,3,True,True,0.008347827134624,0.005816005841651051,1,1
52,TK-2003-0179_1701_HNN,4,True,True,0.0118715726478541,0.00798543702139375,1,1
52,TK-2003-0179_1701_HNN,5,True,True,0.0182056228473907,0.01943213748811332,2,2
52,TK-1999-0294_4101_HNE,0,True,True,0.0007900702766373,0.0009494806831079363,0,0
52,TK-1999-0294_4101_HNE,1,True,True,0.0023999828941312,0.0037719152643237034,0,0
52,TK-1999-0294_4101_HNE,2,True,True,0.0050187840337332,0.01155507135398556,1,1
52,TK-1999-0294_4101_HNE,3,True,True,0.0106376338509162,0.023229309257500653,1,2
52,TK-1999-0294_4101_HNE,4,True,True,0.0189586509206569,0.03551666714668644,2,3
52,TK-1999-0294_4101_HNE,5,True,True,0.0290214274501959,0.06730255318733894,2,3
52,TK-1999-0294_4107_HNE,0,True,True,0.0008291472164384,0.0007673315632517973,0,0
52,TK-1999-0294_4107_HNE,1,True,True,0.0030767670757973,0.002466010680078361,0,0
52,TK-1999-0294_4107_HNE,2,True,True,0.0094861695215614,0.006878487348271319,1,1
52,TK-1999-0294_4107_HNE,3,True,True,0.0197178534214809,0.012766008830245862,2,2
52,TK-1999-0294_4107_HNE,4,True,True,0.0314742757061021,0.025012288207970947,3,2
52,TK-1999-0294_4107_HNE,5,True,True,0.047477990801463,0.0470288107418942,3,4
52,TK-1999-0294_5401_HNE,0,True,True,0.0011658367909609,0.001791735769785836,0,0
52,TK-1999-0294_5401_HNE,1,True,True,0.0033129353260794,0.007513203751796584,0,0
52,TK-1999-0294_5401_HNE,2,True,True,0.0085202602784953,0.01342698684155878,1,1
52,TK-1999-0294_5401_HNE,3,True,True,0.0161894708127326,0.02234949534669069,2,2
52,TK-1999-0294_5401_HNE,4,True,True,0.0346057350657495,0.051295026581699495,3,3
52,TK-1999-0294_5401_HNE,5,True,True,0.1,0.0842707429277812,4,4
52,EMSC-20200122_0000127_GOMA_HNE,0,True,True,0.0007821582573636,0.0007737655845745029,0,0
52,EMSC-20200122_0000127_GOMA_HNE,1,True,True,0.002056110283716,0.0025573093699282883,0,0
52,EMSC-20200122_0000127_GOMA_HNE,2,True,True,0.0046304648694324,0.004887217212568624,0,1
52,EMSC-20200122_0000127_GOMA_HNE,3,True,True,0.0064065852690317,0.008141306821564855,1,1
52,EMSC-20200122_0000127_GOMA_HNE,4,True,True,0.011206919853174,0.012150035879530854,1,2
52,EMSC-20200122_0000127_GOMA_HNE,5,True,True,0.0185833703495796,0.023096669064030902,2,2
52,EMSC-20200122_0000127_SOMA_HNN,0,True,True,0.0007264557882651,0.0008730930739232462,0,0
52,EMSC-20200122_0000127_SOMA_HNN,1,True,True,0.0024358935034855,0.002553031029330337,0,0
52,EMSC-20200122_0000127_SOMA_HNN,2,True,True,0.0078250928109593,0.0066261521804413925,1,1
52,EMSC-20200122_0000127_SOMA_HNN,3,True,True,0.0128109421855971,0.012626097129855084,2,1
52,EMSC-20200122_0000127_SOMA_HNN,4,True,True,0.0199213746668132,0.02127328733933401,2,2
52,EMSC-20200122_0000127_SOMA_HNN,5,True,True,0.0409991039555514,0.05780374500011366,3,3
53,TK-1999-0077_YPT_HNN,4,True,True,0.1,0.08007612712075002,4,4
53,TK-1999-0077_YPT_HNN,5,True,True,0.1,0.08752817049649875,4,4
53,TK-1999-0077_1612_HNE,0,True,True,0.0014995907151913,0.0008721699322732598,0,0
53,TK-1999-0077_1612_HNE,1,True,True,0.005369542092374,0.0019867158539142236,1,0
53,TK-1999-0077_YPT_HNN,0,True,True,0.0014321538918308,0.0011736461076376865,0,0
53,TK-1999-0077_YPT_HNN,1,True,True,0.0056175946652611,0.0036135914716097506,1,0
53,TK-1999-0077_YPT_HNN,2,True,True,0.0179000906300954,0.008127981028856358,2,1
53,TK-1999-0077_YPT_HNN,3,True,True,0.1,0.03994067458937341,4,3
53,TK-1999-0077_1612_HNE,2,True,True,0.0099560677586696,0.0038926703852959223,1,0
53,TK-1999-0077_1612_HNE,3,True,True,0.0173125325380166,0.00920957517642271,2,1
53,TK-1999-0077_1612_HNE,4,True,True,0.0420122786725108,0.013274728752620804,3,2
53,TK-1999-0077_1612_HNE,5,True,True,0.1,0.0395651383623433,4,4
53,TK-1999-0077_4101_HNE,0,True,True,0.0009526898415869,0.001518285102098126,0,0
53,TK-1999-0077_4101_HNE,1,True,True,0.0039971569172965,0.0051888310767226045,0,1
53,TK-1999-0077_4101_HNE,2,True,True,0.0203723214752312,0.010908281172507497,2,2
53,TK-1999-0077_4101_HNE,3,True,True,0.1,0.04309461622550836,4,3
53,TK-1999-0077_4106_HNN,2,True,True,0.0188790563293726,0.02653694314512135,2,2
53,TK-1999-0077_4106_HNN,3,True,True,0.1,0.07400893470942989,4,3
53,TK-1999-0077_4106_HNN,4,True,True,0.1,0.1273801349336134,4,4
53,TK-1999-0077_4106_HNN,5,True,True,0.1,0.14597356537183698,4,4
53,TK-1999-0077_4101_HNE,4,True,True,0.1,0.1145189949063762,4,4
53,TK-1999-0077_4101_HNE,5,True,True,0.0877963272510701,0.11643910774480846,4,4
53,TK-1999-0077_4106_HNN,0,True,True,0.0009205037587159,0.001932708824183323,0,0
53,TK-1999-0077_4106_HNN,1,True,True,0.0035809606347074,0.010379953702708831,0,1
53,TK-1999-0077_5401_HNE,4,True,True,0.1,0.0651096503105364,4,4
53,TK-1999-0077_5401_HNE,5,True,True,0.1,0.08934940137336095,4,4
53,TK-1999-0415_487_HNN,0,True,True,0.0016440490606802,0.0012145227678002348,0,0
53,TK-1999-0415_487_HNN,1,True,True,0.0040377899786348,0.003558153735855273,0,0
53,TK-1999-0077_5401_HNE,0,True,True,0.0011620534064961,0.0012640672005124099,0,0
53,TK-1999-0077_5401_HNE,1,True,True,0.0058851350896238,0.005407249841969323,1,1
53,TK-1999-0077_5401_HNE,2,True,True,0.0116203328032079,0.016039595082662478,1,2
53,TK-1999-0077_5401_HNE,3,True,True,0.0447655586377972,0.06171567712202655,3,4
53,TK-1999-0415_487_HNN,2,True,True,0.0089977439231933,0.007806190167432847,1,1
53,TK-1999-0415_487_HNN,3,True,True,0.0173134926555553,0.017250161303182326,2,2
53,TK-1999-0415_487_HNN,4,True,True,0.1,0.04327775079702667,4,4
53,TK-1999-0415_487_HNN,5,True,True,0.1,0.08983043444620992,4,4
53,TK-1999-0415_496_HNN,0,True,True,0.0013864762817442,0.0024597235928648033,0,0
53,TK-1999-0415_496_HNN,1,True,True,0.0048904917027768,0.006629881788981921,0,1
53,TK-1999-0415_496_HNN,2,True,True,0.0134014536490104,0.018621509464049894,2,2
53,TK-1999-0415_496_HNN,3,True,True,0.0245888359653582,0.03267521467735588,2,2
53,TK-1999-0415_496_HNN,4,True,True,0.1,0.08085685970210246,4,4
53,TK-1999-0415_496_HNN,5,True,True,0.1,0.09417553747921173,4,4
53,TK-1999-0415_498_HNN,0,True,True,0.0017112468526045,0.0012993920513394946,0,0
53,TK-1999-0415_498_HNN,1,True,True,0.0044172885153319,0.003963289890939623,0,0
53,TK-1999-0415_498_HNN,2,True,True,0.0096139030123097,0.011206827914407662,1,1
53,TK-1999-0415_498_HNN,3,True,True,0.0212307916404547,0.0271231541268654,2,2
53,TK-1999-0415_498_HNN,4,True,True,0.1,0.05612842041380419,4,4
53,TK-1999-0415_498_HNN,5,True,True,0.1,0.0957593926986613,4,4
53,TK-1999-0415_C0362_HNN,0,True,True,0.0010178543040227,0.0010549566298454249,0,0
53,TK-1999-0415_C0362_HNN,1,True,True,0.0033896319792996,0.002056769823644238,0,0
53,TK-1999-0415_C0362_HNN,2,True,True,0.0065817296066705,0.0033440163235654565,1,0
53,TK-1999-0415_C0362_HNN,3,True,True,0.0127785221993983,0.006229916576326645,2,1
53,TK-1999-0415_C0362_HNN,4,True,True,0.0300661769295038,0.010249487100067126,3,1
53,TK-1999-0415_C0362_HNN,5,True,True,0.1,0.017552476215314666,4,2
53,TK-1999-0415_C0375_HNN,0,True,True,0.0029098596939849,0.002058711703200072,0,0
53,TK-1999-0415_C0375_HNN,1,True,True,0.0063691773084122,0.007744927265002332,1,1
53,TK-1999-0415_C0375_HNN,2,True,True,0.0132656349432164,0.01893632543472624,2,2
53,TK-1999-0415_C0375_HNN,3,True,True,0.0358964274789027,0.05819889662239601,3,4
53,TK-1999-0415_C0375_HNN,4,True,True,0.1,0.1022285095757973,4,4
53,TK-1999-0415_C0375_HNN,5,True,True,0.1,0.1272437764378977,4,4
53,TK-1999-0415_C1058_HNE,0,True,True,0.0015793098092244,0.0010887565969524477,0,0
53,TK-1999-0415_C1058_HNE,1,True,True,0.0061400670103595,0.0031818526458314627,1,0
53,TK-1999-0415_C1058_HNE,2,True,True,0.0126057048563089,0.009857970792609607,2,1
53,TK-1999-0415_C1058_HNE,3,True,True,0.0361457953912169,0.0276020572919624,3,3
53,TK-1999-0415_C1058_HNE,4,True,True,0.1,0.06753930454250588,4,4
53,TK-1999-0415_C1058_HNE,5,True,True,0.1,0.08998299660211455,4,4
53,TK-1999-0415_C1059_HNN,0,True,True,0.0011585190390899,0.0017589019970394935,0,0
53,TK-1999-0415_C1059_HNN,1,True,True,0.0032377684439979,0.004714528990343591,0,1
53,TK-1999-0415_C1059_HNN,2,True,True,0.0092747650060559,0.010587039937973573,1,1
53,TK-1999-0415_C1059_HNN,3,True,True,0.0184221261650858,0.025237852770867566,2,2
53,TK-1999-0415_C1059_HNN,4,True,True,0.1,0.07136109475905378,4,4
53,TK-1999-0415_C1059_HNN,5,True,True,0.1,0.09353732285805261,4,4
53,TK-1999-0415_C1060_HNE,0,True,True,0.0013878570552648,0.0012913172804234682,0,0
53,TK-1999-0415_C1060_HNE,1,True,True,0.0061059257433608,0.0035759285611222567,1,0
53,TK-1999-0415_C1060_HNE,2,True,True,0.0139113561677331,0.008227157747058565,2,1
53,TK-1999-0415_C1060_HNE,3,True,True,0.0303098312746099,0.017850718354533012,3,2
53,TK-1999-0415_C1060_HNE,4,True,True,0.1,0.054711721791393456,4,4
53,TK-1999-0415_C1060_HNE,5,True,True,0.1,0.11024018185761092,4,4
53,TK-1999-0415_C1061_HNE,0,True,True,0.0021472587821057,0.0013003268615751715,0,0
53,TK-1999-0415_C1061_HNE,1,True,True,0.0057216822274573,0.0040225083646598095,1,0
53,TK-1999-0415_C1061_HNE,2,True,True,0.0098679509575176,0.008162765859714368,1,1
53,TK-1999-0415_C1061_HNE,3,True,True,0.0283691409926944,0.016629107663661043,2,2
53,TK-1999-0415_C1061_HNE,4,True,True,0.1,0.036185404361017436,4,3
53,TK-1999-0415_C1061_HNE,5,True,True,0.1,0.06793593499416846,4,4
53,TK-1999-0415_C1062_HNE,0,True,True,0.0014402431671342,0.0012684793608475566,0,0
53,TK-1999-0415_C1062_HNE,1,True,True,0.0047772927201618,0.00426086726196877,0,1
53,TK-1999-0415_C1062_HNE,2,True,True,0.0076355904264928,0.010734321371513823,1,1
53,TK-1999-0415_C1062_HNE,3,True,True,0.0161787044320205,0.024071933389403468,2,2
53,TK-1999-0415_C1062_HNE,4,True,True,0.0335604258404603,0.06457413447043647,3,4
53,TK-1999-0415_C1062_HNE,5,True,True,0.1,0.10036525616273449,4,4
53,TK-1999-0415_D0531_HNN,0,True,True,0.0012087501263303,0.0014907332052220025,0,0
53,TK-1999-0415_D0531_HNN,1,True,True,0.0043492594240281,0.004219002748921031,0,0
53,TK-1999-0415_D0531_HNN,2,True,True,0.0102669983811291,0.010924356937795393,1,1
53,TK-1999-0415_D0531_HNN,3,True,True,0.0261461405444505,0.025361074634769123,2,2
53,TK-1999-0415_D0531_HNN,4,True,True,0.1,0.05851154922344498,4,4
53,TK-1999-0415_D0531_HNN,5,True,True,0.1,0.08229260463870453,4,4
53,TK-1999-0415_1401_HNE,0,True,True,0.0011564854553268,0.0014390726640768953,0,0
53,TK-1999-0415_1401_HNE,1,True,True,0.0034523781906702,0.005033205844508089,0,1
53,TK-1999-0415_1401_HNE,2,True,True,0.0056545015286469,0.008725075537435291,1,1
53,TK-1999-0415_1401_HNE,3,True,True,0.0081564171159774,0.01593499923522776,1,2
53,TK-1999-0415_1401_HNE,4,True,True,0.0132051751577765,0.027813779104150116,2,2
53,TK-1999-0415_1401_HNE,5,True,True,0.0226736387658522,0.05880174649265426,2,4
53,TK-1999-0415_1406_HNN,0,True,True,0.0013386479637174,0.0015468590438819081,0,0
53,TK-1999-0415_1406_HNN,1,True,True,0.0053983764458075,0.005154098564081764,1,0
53,TK-1999-0415_1406_HNN,2,True,True,0.0197935406846429,0.010939051061467689,2,1
53,TK-1999-0415_1406_HNN,3,True,True,0.0756575907187183,0.02497158768640138,4,2
53,TK-1999-0415_1406_HNN,4,True,True,0.1,0.06735407798394967,4,4
53,TK-1999-0415_1406_HNN,5,True,True,0.1,0.09713691787102662,4,4
53,TK-1999-0415_8101_HNE,4,True,True,0.1,0.03898210207926216,4,2
53,TK-1999-0415_8101_HNE,5,True,True,0.1,0.0589941158557325,4,4
53,INT-20250810_0000200_AKS_HNN,0,True,True,0.0012476836890148,0.0017829411896668483,0,0
53,INT-20250810_0000200_AKS_HNN,1,True,True,0.0041828954460452,0.006192065568496283,0,1
53,TK-1999-0415_8101_HNE,0,True,True,0.0011489521543969,0.001542776424775486,0,0
53,TK-1999-0415_8101_HNE,1,True,True,0.0039136005804247,0.005957564595391681,0,0
53,TK-1999-0415_8101_HNE,2,True,True,0.0103647475097166,0.01322985517151828,1,1
53,TK-1999-0415_8101_HNE,3,True,True,0.0227353518915382,0.022460014449121796,2,2
53,INT-20250810_0000200_AKS_HNN,2,True,True,0.0099317008661914,0.01583089426865555,1,2
53,INT-20250810_0000200_AKS_HNN,3,True,True,0.028794437276303,0.0405313385854073,2,4
53,INT-20250810_0000200_AKS_HNN,4,True,True,0.060935564025185,0.05051442267384706,4,4
53,INT-20250810_0000200_AKS_HNN,5,True,True,0.1,0.09366303511345041,4,4
53,INT-20250810_0000200_BALB_HNE,0,True,True,0.0014670306820969,0.001210141490097073,0,0
53,INT-20250810_0000200_BALB_HNE,1,True,True,0.0035293939436883,0.003972826838258899,0,0
53,INT-20250810_0000200_BALB_HNE,2,True,True,0.0061849746244941,0.008348697011070058,1,1
53,INT-20250810_0000200_BALB_HNE,3,True,True,0.0126895844950836,0.015670992139341408,2,2
53,INT-20250810_0000200_BALB_HNE,4,True,True,0.021555708722164,0.02846780929082678,2,2
53,INT-20250810_0000200_BALB_HNE,5,True,True,0.1,0.07930841876960396,4,4
53,INT-20250810_0000200_GORD_HNN,0,True,True,0.0011408332826811,0.001120323861414342,0,0
53,INT-20250810_0000200_GORD_HNN,1,True,True,0.0034501416126445,0.002955890509017052,0,0
53,INT-20250810_0000200_GORD_HNN,2,True,True,0.0062975094244342,0.005606761246064223,1,1
53,INT-20250810_0000200_GORD_HNN,3,True,True,0.0106479803528516,0.010640698751961124,1,1
53,INT-20250810_0000200_GORD_HNN,4,True,True,0.0223106368748328,0.016960174560998253,2,2
53,INT-20250810_0000200_GORD_HNN,5,True,True,0.1,0.03471329767460385,4,3
53,INT-20250810_0000200_SOMA_HNN,0,True,True,0.0015004647228989,0.0014310401139665434,0,0
53,INT-20250810_0000200_SOMA_HNN,1,True,True,0.00555592819134,0.0042215234665225745,1,1
53,INT-20250810_0000200_SOMA_HNN,2,True,True,0.0081198517907876,0.009191735166272254,1,1
53,INT-20250810_0000200_SOMA_HNN,3,True,True,0.0124565699745092,0.01827554698535568,2,2
53,INT-20250810_0000200_SOMA_HNN,4,True,True,0.0209091071598386,0.054000116314720216,2,3
53,INT-20250810_0000200_SOMA_HNN,5,True,True,0.1,0.08007727009196172,4,4
53,TK-1999-0294_1612_HNE,0,True,True,0.001575198192776,0.0010329154864258839,0,0
53,TK-1999-0294_1612_HNE,1,True,True,0.0038841124842996,0.002238869362206419,0,0
53,TK-1999-0294_1612_HNE,2,True,True,0.0089378758623965,0.004857569356259533,1,1
53,TK-1999-0294_1612_HNE,3,True,True,0.0137265278483595,0.009042694825726496,2,1
53,TK-1999-0294_1612_HNE,4,True,True,0.0214760486832483,0.01710820651319217,2,2
53,TK-1999-0294_1612_HNE,5,True,True,0.0386248315257597,0.02985216437809556,3,2
53,TK-2003-0179_1701_HNN,0,True,True,0.0009452808347735,0.001095203323115505,0,0
53,TK-2003-0179_1701_HNN,1,True,True,0.0020675907976561,0.0029074048228373934,0,0
53,TK-2003-0179_1701_HNN,2,True,True,0.0054890820366793,0.0039381485258413495,1,1
53,TK-2003-0179_1701_HNN,3,True,True,0.0080176462089829,0.008084560794368876,1,1
53,TK-1999-0294_4101_HNE,2,True,True,0.0125452437115939,0.01818834411859117,2,1
53,TK-1999-0294_4101_HNE,3,True,True,0.0223540267714129,0.029822377283145816,2,2
53,TK-1999-0294_4101_HNE,4,True,True,0.0510863859222838,0.06784797482814048,3,4
53,TK-1999-0294_4101_HNE,5,True,True,0.1,0.11123857319021517,4,4
53,TK-2003-0179_1701_HNN,4,True,True,0.0137963793007286,0.010800931533354301,2,2
53,TK-2003-0179_1701_HNN,5,True,True,0.0301088948384092,0.024769103552403957,3,2
53,TK-1999-0294_4101_HNE,0,True,True,0.0015529317278318,0.0018299430830138515,0,0
53,TK-1999-0294_4101_HNE,1,True,True,0.0049967630769444,0.007450243175108571,0,0
53,TK-1999-0294_4107_HNE,0,True,True,0.0013089109198168,0.0011148964567134372,0,0
53,TK-1999-0294_4107_HNE,1,True,True,0.0037713604500023,0.0030073484172877824,0,0
53,TK-1999-0294_4107_HNE,2,True,True,0.0098882827632603,0.007873174437261774,1,1
53,TK-1999-0294_4107_HNE,3,True,True,0.01667854500577,0.01595506660675895,2,2
53,TK-1999-0294_4107_HNE,4,True,True,0.0257918372919075,0.03665537756064723,2,2
53,TK-1999-0294_4107_HNE,5,True,True,0.0345177285043587,0.04703287722632921,3,4
53,TK-1999-0294_5401_HNE,0,True,True,0.0012335007993459,0.0025351803812091738,0,0
53,TK-1999-0294_5401_HNE,1,True,True,0.0040786374924305,0.009401553157508121,0,1
53,TK-1999-0294_5401_HNE,2,True,True,0.0107768191207726,0.018472426926791116,1,2
53,TK-1999-0294_5401_HNE,3,True,True,0.0175119541123838,0.02708670547670449,2,2
53,TK-1999-0294_5401_HNE,4,True,True,0.1,0.055549166088637705,4,3
53,TK-1999-0294_5401_HNE,5,True,True,0.1,0.0872423016389779,4,4
53,EMSC-20200122_0000127_GOMA_HNE,0,True,True,0.0010102036206385,0.0010554936376972119,0,0
53,EMSC-20200122_0000127_GOMA_HNE,1,True,True,0.0024381810012216,0.0029547807755278066,0,0
53,EMSC-20200122_0000127_GOMA_HNE,2,True,True,0.0063699222543457,0.0065120159846129245,1,1
53,EMSC-20200122_0000127_GOMA_HNE,3,True,True,0.0112031708359921,0.012761944679777523,1,2
53,EMSC-20200122_0000127_GOMA_HNE,4,True,True,0.017665366977732,0.026839584441847,2,2
53,EMSC-20200122_0000127_GOMA_HNE,5,True,True,0.0303393246388359,0.07116314054769657,3,4
53,EMSC-20200122_0000127_SOMA_HNN,0,True,True,0.0015218052898223,0.001359579142325182,0,0
53,EMSC-20200122_0000127_SOMA_HNN,1,True,True,0.0053357544561138,0.004457139185148692,1,0
53,EMSC-20200122_0000127_SOMA_HNN,2,True,True,0.0108885004746814,0.011002868759866133,1,2
53,EMSC-20200122_0000127_SOMA_HNN,3,True,True,0.0192206783672319,0.025367472921960232,2,2
53,EMSC-20200122_0000127_SOMA_HNN,4,True,True,0.0426717713837943,0.0650119999660424,3,3
53,EMSC-20200122_0000127_SOMA_HNN,5,True,True,0.1,0.11528049590090286,4,4
54,TK-1999-0077_YPT_HNN,0,True,True,0.0003260470856259,0.00031391933495852155,0,0
54,TK-1999-0077_YPT_HNN,1,True,True,0.0010003043635607,0.0010190016711399193,0,0
54,TK-1999-0077_YPT_HNN,2,True,True,0.0029317325389383,0.0028863410926585897,0,0
54,TK-1999-0077_YPT_HNN,3,True,True,0.0115230809023089,0.005129399875580085,1,0
54,TK-1999-0077_YPT_HNN,4,True,True,0.0261934111870277,0.0135689706070517,2,2
54,TK-1999-0077_YPT_HNN,5,True,True,0.1,0.04866432222060836,4,4
54,TK-1999-0077_1612_HNE,0,True,True,0.0003235393431755,0.00029743103864730765,0,0
54,TK-1999-0077_1612_HNE,1,True,True,0.0010224483710179,0.0009662399961383787,0,0
54,TK-1999-0077_1612_HNE,2,True,True,0.0035922950873451,0.0025433129309242364,0,0
54,TK-1999-0077_1612_HNE,3,True,True,0.0116795360126712,0.005423249756270801,1,1
54,TK-1999-0077_1612_HNE,4,True,True,0.0299488899527695,0.01140881990433403,2,2
54,TK-1999-0077_1612_HNE,5,True,True,0.0905133270213775,0.028400157049682465,4,3
54,TK-1999-0077_4101_HNE,0,True,True,0.0003216317722913,0.00031242565214728807,0,0
54,TK-1999-0077_4101_HNE,1,True,True,0.0010546026220772,0.0009864174689194977,0,0
54,TK-1999-0077_4101_HNE,2,True,True,0.0025557965622411,0.0023631032863669944,0,0
54,TK-1999-0077_4101_HNE,3,True,True,0.0069499963923798,0.005509210214434693,1,0
54,TK-1999-0077_4101_HNE,4,True,True,0.0154381337963943,0.012946886234747794,2,1
54,TK-1999-0077_4101_HNE,5,True,True,0.1,0.05876305439559756,4,4
54,TK-1999-0077_4106_HNN,0,True,True,0.0003227428828604,0.00033712615996963886,0,0
54,TK-1999-0077_4106_HNN,1,True,True,0.00135895211484,0.0011835591678730193,0,0
54,TK-1999-0077_4106_HNN,2,True,True,0.003823028351556,0.0052356290442404215,0,0
54,TK-1999-0077_4106_HNN,3,True,True,0.0120803026145878,0.0177390393305373,2,2
54,TK-1999-0077_4106_HNN,4,True,True,0.0217306049922328,0.04934443028948674,2,4
54,TK-1999-0077_4106_HNN,5,True,True,0.0959807243849623,0.1349917036539594,4,4
54,TK-1999-0077_5401_HNE,0,True,True,0.0003098077673074,0.00034764388600236795,0,0
54,TK-1999-0077_5401_HNE,1,True,True,0.0008994590032628,0.0012592023063934985,0,0
54,TK-1999-0077_5401_HNE,2,True,True,0.0024380303701197,0.004528646563503645,0,0
54,TK-1999-0077_5401_HNE,3,True,True,0.0046251218219438,0.014918015755023122,0,2
54,TK-1999-0077_5401_HNE,4,True,True,0.0101194130483738,0.030885825027064606,1,2
54,TK-1999-0077_5401_HNE,5,True,True,0.0527305807789376,0.0727388744837267,3,4
54,TK-1999-0415_487_HNN,0,True,True,0.0003225932310994,0.00029318540266065266,0,0
54,TK-1999-0415_487_HNN,1,True,True,0.001298980211333,0.0008642379809267486,0,0
54,TK-1999-0415_487_HNN,2,True,True,0.0025480795119004,0.001974441406322534,0,0
54,TK-1999-0415_487_HNN,3,True,True,0.007524863527104,0.0030264345206804776,1,0
54,TK-1999-0415_487_HNN,4,True,True,0.0086052433104424,0.005419478891354367,1,1
54,TK-1999-0415_487_HNN,5,True,True,0.018975766970185,0.01115509598149214,2,1
54,TK-1999-0415_496_HNN,0,True,True,0.0003187637439336,0.0003064425769953499,0,0
54,TK-1999-0415_496_HNN,1,True,True,0.000891350978974,0.0009019229528069078,0,0
54,TK-1999-0415_496_HNN,2,True,True,0.0020185774034886,0.0018732392967111178,0,0
54,TK-1999-0415_496_HNN,3,True,True,0.0023368887576911,0.00346312216184919,0,0
54,TK-1999-0415_496_HNN,4,True,True,0.0033539903213019,0.0054100171610709956,0,1
54,TK-1999-0415_496_HNN,5,True,True,0.0100465649854554,0.013217503093995943,1,2
54,TK-1999-0415_498_HNN,0,True,True,0.0003176372849494,0.0003337432309797666,0,0
54,TK-1999-0415_498_HNN,1,True,True,0.0009657819312381,0.000953890722331056,0,0
54,TK-1999-0415_498_HNN,2,True,True,0.0017498638887556,0.001924573143631828,0,0
54,TK-1999-0415_498_HNN,3,True,True,0.002988249770862,0.003273565882146929,0,0
54,TK-1999-0415_498_HNN,4,True,True,0.0045926191899543,0.006349497869249941,0,1
54,TK-1999-0415_498_HNN,5,True,True,0.0091546731088416,0.01147380967435412,1,1
54,TK-1999-0415_C0362_HNN,0,True,True,0.0003263268917502,0.0003345507321368813,0,0
54,TK-1999-0415_C0362_HNN,1,True,True,0.0013653115931178,0.0010794911819141367,0,0
54,TK-1999-0415_C0362_HNN,2,True,True,0.0114997902190367,0.0034414313525210093,1,0
54,TK-1999-0415_C0362_HNN,3,True,True,0.0265542610565043,0.0069274485800017715,2,1
54,TK-1999-0415_C0362_HNN,4,True,True,0.064723064591973,0.013971331696573318,4,2
54,TK-1999-0415_C0362_HNN,5,True,True,0.1,0.03822440353844525,4,3
54,TK-1999-0415_C0375_HNN,0,True,True,0.0003317963263408,0.00031592202644128157,0,0
54,TK-1999-0415_C0375_HNN,1,True,True,0.0016309855970305,0.0009336340813030447,0,0
54,TK-1999-0415_C0375_HNN,2,True,True,0.0023482039698326,0.0020836156728275272,0,0
54,TK-1999-0415_C0375_HNN,3,True,True,0.0031483153108272,0.00359098187399568,0,0
54,TK-1999-0415_C0375_HNN,4,True,True,0.0037716967458251,0.005692682635086095,0,1
54,TK-1999-0415_C0375_HNN,5,True,True,0.0056272244180144,0.01101030391492737,1,1
54,TK-1999-0415_C1058_HNE,0,True,True,0.0003313132842862,0.00033765218350556727,0,0
54,TK-1999-0415_C1058_HNE,1,True,True,0.001192475283063,0.0013884902646296075,0,0
54,TK-1999-0415_C1058_HNE,2,True,True,0.0041166415717924,0.0069681344508416955,0,0
54,TK-1999-0415_C1058_HNE,3,True,True,0.0093627814601472,0.01727020667821026,1,2
54,TK-1999-0415_C1058_HNE,4,True,True,0.0500280439714352,0.045096551548367066,3,4
54,TK-1999-0415_C1058_HNE,5,True,True,0.1,0.06660905873208224,4,4
54,TK-1999-0415_C1059_HNN,0,True,True,0.0003081440231623,0.00033884897032825806,0,0
54,TK-1999-0415_C1059_HNN,1,True,True,0.0008851502615895,0.0011297648339187723,0,0
54,TK-1999-0415_C1059_HNN,2,True,True,0.0017230864005557,0.0027897603187569857,0,0
54,TK-1999-0415_C1059_HNN,3,True,True,0.0035241676223035,0.005135212436544472,0,1
54,TK-1999-0415_C1059_HNN,4,True,True,0.0066590560207172,0.008572756517565481,1,1
54,TK-1999-0415_C1059_HNN,5,True,True,0.0108685505847658,0.01588603344038902,1,2
54,TK-1999-0415_C1060_HNE,0,True,True,0.0003174393435965,0.0003322416659979056,0,0
54,TK-1999-0415_C1060_HNE,1,True,True,0.0008797822809452,0.0011389032834386754,0,0
54,TK-1999-0415_C1060_HNE,2,True,True,0.0022574128440123,0.0033482266138747034,0,0
54,TK-1999-0415_C1060_HNE,3,True,True,0.0036277538173684,0.006373644081553872,0,1
54,TK-1999-0415_C1060_HNE,4,True,True,0.0098425725202907,0.010360440878220264,1,1
54,TK-1999-0415_C1060_HNE,5,True,True,0.026262360267358,0.020213078937567106,2,2
54,TK-1999-0415_C1061_HNE,0,True,True,0.0003091718442549,0.0003327845479710522,0,0
54,TK-1999-0415_C1061_HNE,1,True,True,0.0008899111266784,0.0009289999075538655,0,0
54,TK-1999-0415_C1062_HNE,0,True,True,0.0003203241098218,0.00032445620350449715,0,0
54,TK-1999-0415_C1062_HNE,1,True,True,0.0009557297997901,0.0008670084471698069,0,0
54,TK-1999-0415_C1062_HNE,2,True,True,0.0020882098563216,0.0017395867484197949,0,0
54,TK-1999-0415_C1062_HNE,3,True,True,0.0030129175147449,0.0028488227079544294,0,0
54,TK-1999-0415_C1061_HNE,2,True,True,0.0015286297962262,0.0017690244336803736,0,0
54,TK-1999-0415_C1061_HNE,3,True,True,0.0029752319648569,0.0030286317537436065,0,0
54,TK-1999-0415_C1061_HNE,4,True,True,0.0042225322114517,0.0049922032123509135,0,1
54,TK-1999-0415_C1061_HNE,5,True,True,0.0057550148154381,0.008481841682575852,1,1
54,TK-1999-0415_C1062_HNE,4,True,True,0.0065017751196846,0.005419455089962948,1,0
54,TK-1999-0415_C1062_HNE,5,True,True,0.0116013793849672,0.01099998185393535,1,1
54,TK-1999-0415_D0531_HNN,0,True,True,0.0003175993674231,0.0003058095072977978,0,0
54,TK-1999-0415_D0531_HNN,1,True,True,0.0010041270405542,0.0009552978024123598,0,0
54,TK-1999-0415_D0531_HNN,2,True,True,0.002124880905967,0.0017240632403712995,0,0
54,TK-1999-0415_D0531_HNN,3,True,True,0.0061897650498088,0.0025094873374017523,1,0
54,TK-1999-0415_D0531_HNN,4,True,True,0.0082127056807402,0.004611563166187631,1,0
54,TK-1999-0415_D0531_HNN,5,True,True,0.0116807721455571,0.008466113152668243,1,1
54,TK-1999-0415_1401_HNE,0,True,True,0.0003229122369352,0.00033356757111639625,0,0
54,TK-1999-0415_1401_HNE,1,True,True,0.0010565293594951,0.0013086971916510188,0,0
54,TK-1999-0415_1401_HNE,2,True,True,0.0036171421846725,0.0046598165164445215,0,0
54,TK-1999-0415_1401_HNE,3,True,True,0.0109530436895211,0.008685829542683743,1,1
54,TK-1999-0415_1401_HNE,4,True,True,0.027590413789814,0.01674505618510529,2,2
54,TK-1999-0415_1401_HNE,5,True,True,0.0489861405878216,0.039478308608667925,3,3
54,TK-1999-0415_1406_HNN,0,True,True,0.0003180617324804,0.00031848008126336973,0,0
54,TK-1999-0415_1406_HNN,1,True,True,0.0008803770877681,0.0009392380921734736,0,0
54,TK-1999-0415_1406_HNN,2,True,True,0.0016742871987883,0.0023290249905459277,0,0
54,TK-1999-0415_1406_HNN,3,True,True,0.0022681658287619,0.004580971341507177,0,1
54,TK-1999-0415_1406_HNN,4,True,True,0.0047618870983342,0.008454181578523456,0,1
54,TK-1999-0415_1406_HNN,5,True,True,0.0095151879566928,0.015162123367423317,1,2
54,TK-1999-0415_8101_HNE,0,True,True,0.0003227436142113,0.00032151161340658976,0,0
54,TK-1999-0415_8101_HNE,1,True,True,0.0009881283284854,0.0011277243035149895,0,0
54,TK-1999-0415_8101_HNE,2,True,True,0.0018878384312098,0.003217374402016133,0,0
54,TK-1999-0415_8101_HNE,3,True,True,0.0081361602014042,0.008890807982866105,1,1
54,TK-1999-0415_8101_HNE,4,True,True,0.0184506478798625,0.018168739120065197,2,2
54,TK-1999-0415_8101_HNE,5,True,True,0.0439228843982686,0.049994875952900905,3,4
54,INT-20250810_0000200_AKS_HNN,0,True,True,0.0003126456076475,0.00031564118732332246,0,0
54,INT-20250810_0000200_AKS_HNN,1,True,True,0.0008648737610006,0.0010132776960430053,0,0
54,INT-20250810_0000200_AKS_HNN,2,True,True,0.0030367395345071,0.0029606846680189252,0,0
54,INT-20250810_0000200_AKS_HNN,3,True,True,0.0043717394227379,0.005451323209370637,0,0
54,INT-20250810_0000200_AKS_HNN,4,True,True,0.007510486927138,0.010243153333036761,1,1
54,INT-20250810_0000200_AKS_HNN,5,True,True,0.0116465138550887,0.022525360095649528,1,2
54,INT-20250810_0000200_BALB_HNE,0,True,True,0.0003295454036122,0.0003367297770169486,0,0
54,INT-20250810_0000200_BALB_HNE,1,True,True,0.0011557073530997,0.0012308400417276493,0,0
54,INT-20250810_0000200_BALB_HNE,2,True,True,0.0030910032047935,0.004238293876892942,0,1
54,INT-20250810_0000200_BALB_HNE,3,True,True,0.0055275776541277,0.009206734219143508,1,1
54,INT-20250810_0000200_BALB_HNE,4,True,True,0.0104708052778637,0.01547920049941378,1,2
54,INT-20250810_0000200_BALB_HNE,5,True,True,0.019326593051237,0.02736865626922521,2,2
54,INT-20250810_0000200_GORD_HNN,0,True,True,0.0003252535843684,0.0003258306278087831,0,0
54,INT-20250810_0000200_GORD_HNN,1,True,True,0.0010627622306271,0.0010127877422134249,0,0
54,INT-20250810_0000200_SOMA_HNN,0,True,True,0.0003154906625315,0.00033187288832061513,0,0
54,INT-20250810_0000200_SOMA_HNN,1,True,True,0.0009349602026083,0.0011031043717491822,0,0
54,INT-20250810_0000200_SOMA_HNN,2,True,True,0.0026470873290474,0.002774525159055301,0,0
54,INT-20250810_0000200_SOMA_HNN,3,True,True,0.0039678659784101,0.0061995894192281,0,1
54,INT-20250810_0000200_GORD_HNN,2,True,True,0.0038256634278758,0.0022806302283319333,0,0
54,INT-20250810_0000200_GORD_HNN,3,True,True,0.0071842124879982,0.004189963736270152,1,0
54,INT-20250810_0000200_GORD_HNN,4,True,True,0.0120237934917576,0.007604194370256801,2,1
54,INT-20250810_0000200_GORD_HNN,5,True,True,0.0184417369455998,0.013937773765276862,2,2
54,INT-20250810_0000200_SOMA_HNN,4,True,True,0.007502033857618,0.010880825948952696,1,1
54,INT-20250810_0000200_SOMA_HNN,5,True,True,0.0106621661346196,0.018056012121178782,1,2
54,TK-1999-0294_1612_HNE,0,True,True,0.0003232587986939,0.00032517035756091914,0,0
54,TK-1999-0294_1612_HNE,1,True,True,0.001054307644607,0.0011036877006320735,0,0
54,TK-1999-0294_1612_HNE,2,True,True,0.0036719987191168,0.0035141726728074103,0,0
54,TK-1999-0294_1612_HNE,3,True,True,0.0112010826217881,0.008718070750752017,1,1
54,TK-1999-0294_1612_HNE,4,True,True,0.0161734623236825,0.016008085124373093,2,2
54,TK-1999-0294_1612_HNE,5,True,True,0.0310835588166003,0.035677556729086485,3,3
54,TK-2003-0179_1701_HNN,0,True,True,0.0003280874599462,0.0003299963600757291,0,0
54,TK-2003-0179_1701_HNN,1,True,True,0.0010978417571177,0.0010909290267613811,0,0
54,TK-2003-0179_1701_HNN,2,True,True,0.0045086252048222,0.002714337489507281,0,0
54,TK-2003-0179_1701_HNN,3,True,True,0.0128701372798965,0.005300267174016394,2,0
54,TK-2003-0179_1701_HNN,4,True,True,0.0258928460073229,0.008557380839761682,2,1
54,TK-2003-0179_1701_HNN,5,True,True,0.0502481865905351,0.01783128149769879,3,2
54,TK-1999-0294_4101_HNE,0,True,True,0.0003228680592316,0.0003231601286063593,0,0
54,TK-1999-0294_4101_HNE,1,True,True,0.0009713581659259,0.0010689651969934526,0,0
54,TK-1999-0294_4101_HNE,2,True,True,0.0038820620829463,0.002949460175330204,0,0
54,TK-1999-0294_4101_HNE,3,True,True,0.0049157957090462,0.007428214198677254,0,2
54,TK-1999-0294_4101_HNE,4,True,True,0.0071736942273827,0.017820003243136793,1,3
54,TK-1999-0294_4101_HNE,5,True,True,0.0163448167331165,0.05628416637016115,2,4
54,TK-1999-0294_4107_HNE,4,True,True,0.0434401676517549,0.024117694079139582,3,3
54,TK-1999-0294_4107_HNE,5,True,True,0.1,0.044580115818470566,4,4
54,TK-1999-0294_5401_HNE,0,True,True,0.0003120858101115,0.00043415138566491897,0,0
54,TK-1999-0294_5401_HNE,1,True,True,0.0010049002161083,0.002795672114957516,0,0
54,TK-1999-0294_4107_HNE,0,True,True,0.0003288104696731,0.00030907620751651404,0,0
54,TK-1999-0294_4107_HNE,1,True,True,0.0011646333907396,0.0010757783107859095,0,0
54,TK-1999-0294_4107_HNE,2,True,True,0.0041013360002406,0.005065593954870766,0,0
54,TK-1999-0294_4107_HNE,3,True,True,0.0137401646191572,0.011468406506792357,2,2
54,EMSC-20200122_0000127_GOMA_HNE,0,True,True,0.000320049987581,0.0003202543750370247,0,0
54,EMSC-20200122_0000127_GOMA_HNE,1,True,True,0.0009851111596503,0.0009452145232750339,0,0
54,EMSC-20200122_0000127_GOMA_HNE,2,True,True,0.0034175358544343,0.002589064795818351,0,0
54,EMSC-20200122_0000127_GOMA_HNE,3,True,True,0.0071943059846713,0.006148490833341657,1,1
54,TK-1999-0294_5401_HNE,2,True,True,0.0043354717100426,0.007813959239133063,0,0
54,TK-1999-0294_5401_HNE,3,True,True,0.0068584031905215,0.01694300486720777,1,1
54,TK-1999-0294_5401_HNE,4,True,True,0.0123611548297334,0.03969661289873172,2,2
54,TK-1999-0294_5401_HNE,5,True,True,0.0211061077937629,0.06074373690589755,2,4
54,EMSC-20200122_0000127_GOMA_HNE,4,True,True,0.0129365989440364,0.01083850666587965,2,2
54,EMSC-20200122_0000127_GOMA_HNE,5,True,True,0.0214313522407351,0.0178128778918908,2,2
54,EMSC-20200122_0000127_SOMA_HNN,0,True,True,0.0003298978132826,0.00029973058541965536,0,0
54,EMSC-20200122_0000127_SOMA_HNN,1,True,True,0.0009381545064179,0.0009453240181466633,0,0
54,EMSC-20200122_0000127_SOMA_HNN,2,True,True,0.0025229567543336,0.0022248721483951557,0,0
54,EMSC-20200122_0000127_SOMA_HNN,3,True,True,0.0034737766137054,0.0042506458613571175,0,0
54,EMSC-20200122_0000127_SOMA_HNN,4,True,True,0.0056215861226049,0.007405355919016569,1,1
54,EMSC-20200122_0000127_SOMA_HNN,5,True,True,0.0168941662700225,0.01581797627851317,2,2
55,TK-1999-0077_YPT_HNN,4,True,True,0.1,0.06075094029360745,4,4
55,TK-1999-0077_YPT_HNN,5,True,True,0.1,0.0738593871446727,4,4
55,TK-1999-0077_1612_HNE,0,True,True,0.0005088196567745,0.0004943562851274624,0,0
55,TK-1999-0077_1612_HNE,1,True,True,0.0019287655712404,0.0018824410465666565,0,0
55,TK-1999-0077_YPT_HNN,0,True,True,0.0005163050679279,0.0005016739746757145,0,0
55,TK-1999-0077_YPT_HNN,1,True,True,0.0034843151093046,0.0017131067929164676,0,0
55,TK-1999-0077_YPT_HNN,2,True,True,0.0125933893341207,0.004683284971288268,2,0
55,TK-1999-0077_YPT_HNN,3,True,True,0.0449316468182243,0.02157195394423208,3,3
55,TK-1999-0077_1612_HNE,2,True,True,0.0116071115380254,0.0044921315808535,1,0
55,TK-1999-0077_1612_HNE,3,True,True,0.0246087194116032,0.008586825659877275,2,1
55,TK-1999-0077_1612_HNE,4,True,True,0.0546171069204786,0.01683774421876847,3,2
55,TK-1999-0077_1612_HNE,5,True,True,0.1,0.050634614497012696,4,3
55,TK-1999-0077_4101_HNE,0,True,True,0.000526732226799,0.0005524944612001544,0,0
55,TK-1999-0077_4101_HNE,1,True,True,0.0026299633878469,0.002302065982416159,0,0
55,TK-1999-0077_4101_HNE,2,True,True,0.0076607502042422,0.006864111501063293,1,1
55,TK-1999-0077_4101_HNE,3,True,True,0.0307278080772387,0.024266746523247885,3,3
55,TK-1999-0077_4101_HNE,4,True,True,0.1,0.07146839937442064,4,4
55,TK-1999-0077_4101_HNE,5,True,True,0.1,0.09877117438732846,4,4
55,TK-1999-0077_4106_HNN,0,True,True,0.0005159365283263,0.0005348795417425722,0,0
55,TK-1999-0077_4106_HNN,1,True,True,0.0014867230232625,0.002538005837508679,0,0
55,TK-1999-0077_5401_HNE,0,True,True,0.0005547894366287,0.0005515156447808987,0,0
55,TK-1999-0077_5401_HNE,1,True,True,0.0013862856578826,0.003218349531457978,0,0
55,TK-1999-0077_5401_HNE,2,True,True,0.0061699600251821,0.0101558465943218,1,1
55,TK-1999-0077_5401_HNE,3,True,True,0.0200812211057867,0.03584283486595569,2,3
55,TK-1999-0077_4106_HNN,2,True,True,0.004302776532611,0.009124591336048727,0,2
55,TK-1999-0077_4106_HNN,3,True,True,0.0125958374142964,0.023619502731743347,2,2
55,TK-1999-0077_4106_HNN,4,True,True,0.0324049048730816,0.07626221882795185,3,4
55,TK-1999-0077_4106_HNN,5,True,True,0.0555620422594232,0.11105995647440399,3,4
55,TK-1999-0077_5401_HNE,4,True,True,0.0567471297805294,0.06283059357363738,3,4
55,TK-1999-0077_5401_HNE,5,True,True,0.1,0.07121034922550284,4,4
55,TK-1999-0415_487_HNN,0,True,True,0.0005168638433656,0.0004461800472952799,0,0
55,TK-1999-0415_487_HNN,1,True,True,0.0017813956355957,0.001493638011839654,0,0
55,TK-1999-0415_487_HNN,2,True,True,0.0030741092952753,0.0031132201941189938,0,0
55,TK-1999-0415_487_HNN,3,True,True,0.006454469689163,0.004892317533965947,1,0
55,TK-1999-0415_487_HNN,4,True,True,0.0093828197986638,0.00772357867728714,1,1
55,TK-1999-0415_487_HNN,5,True,True,0.0212213299014348,0.013440807455995081,2,2
55,TK-1999-0415_496_HNN,0,True,True,0.0005877182379685,0.00048647187120212334,0,0
55,TK-1999-0415_496_HNN,1,True,True,0.0022188979472885,0.0018887617012385116,0,0
55,TK-1999-0415_496_HNN,2,True,True,0.0089333877321826,0.00578276131771051,1,1
55,TK-1999-0415_496_HNN,3,True,True,0.0101720119352572,0.01184303689663067,1,2
55,TK-1999-0415_496_HNN,4,True,True,0.0180209223321588,0.021954143306390405,2,3
55,TK-1999-0415_496_HNN,5,True,True,0.0406862195347621,0.030748004065327617,3,3
55,TK-1999-0415_498_HNN,0,True,True,0.0005052996947986,0.0005091642696991045,0,0
55,TK-1999-0415_498_HNN,1,True,True,0.0016393896130217,0.0018785026721070996,0,0
55,TK-1999-0415_498_HNN,2,True,True,0.0040031248426302,0.0045062102881160415,0,0
55,TK-1999-0415_498_HNN,3,True,True,0.0071979767929989,0.008887899461705484,1,1
55,TK-1999-0415_498_HNN,4,True,True,0.0163379409439245,0.01753175672469832,2,2
55,TK-1999-0415_498_HNN,5,True,True,0.0264521805501151,0.03751535790275478,2,2
55,TK-1999-0415_C0362_HNN,0,True,True,0.0005052849895037,0.0005034095649287149,0,0
55,TK-1999-0415_C0362_HNN,1,True,True,0.0030187469778995,0.0015581005535877097,0,0
55,TK-1999-0415_C0362_HNN,2,True,True,0.0086374777901101,0.003830548919455736,1,0
55,TK-1999-0415_C0362_HNN,3,True,True,0.0248451234477582,0.0067478839415263695,2,1
55,TK-1999-0415_C0362_HNN,4,True,True,0.0630324200341699,0.012492796347465437,4,1
55,TK-1999-0415_C0362_HNN,5,True,True,0.1,0.023831270583361253,4,2
55,TK-1999-0415_C0375_HNN,0,True,True,0.0004768534913431,0.0004919783930912386,0,0
55,TK-1999-0415_C0375_HNN,1,True,True,0.0012150128681787,0.001716926490244052,0,0
55,TK-1999-0415_C0375_HNN,2,True,True,0.0023227439610645,0.004428760510689327,0,0
55,TK-1999-0415_C0375_HNN,3,True,True,0.0097296623181436,0.008838755197891877,1,1
55,TK-1999-0415_C0375_HNN,4,True,True,0.0126454833657821,0.01633293797940331,2,2
55,TK-1999-0415_C0375_HNN,5,True,True,0.0156302541236611,0.03141288782299256,2,2
55,TK-1999-0415_C1058_HNE,0,True,True,0.0004975548339826,0.0005252049466325447,0,0
55,TK-1999-0415_C1058_HNE,1,True,True,0.0019442244855549,0.0022693250720581606,0,0
55,TK-1999-0415_C1058_HNE,2,True,True,0.0055559086095464,0.006894770449928808,1,1
55,TK-1999-0415_C1058_HNE,3,True,True,0.0245241456906217,0.018317135426001555,2,2
55,TK-1999-0415_C1058_HNE,4,True,True,0.0863385976395695,0.05068054262657465,4,4
55,TK-1999-0415_C1058_HNE,5,True,True,0.1,0.07013778299033731,4,4
55,TK-1999-0415_C1059_HNN,0,True,True,0.0005109734403958,0.00046981897336937045,0,0
55,TK-1999-0415_C1059_HNN,1,True,True,0.001602250545544,0.001749538476758542,0,0
55,TK-1999-0415_C1059_HNN,2,True,True,0.0034098895090024,0.004832222031707019,0,0
55,TK-1999-0415_C1059_HNN,3,True,True,0.0072335466867126,0.009411690163856708,1,1
55,TK-1999-0415_C1059_HNN,4,True,True,0.0122487315472944,0.01779750232649399,2,2
55,TK-1999-0415_C1059_HNN,5,True,True,0.0325383117570856,0.03746564329677024,3,3
55,TK-1999-0415_C1060_HNE,0,True,True,0.0005745702330545,0.0005389855945580892,0,0
55,TK-1999-0415_C1060_HNE,1,True,True,0.0028610046346872,0.00218470189412705,0,0
55,TK-1999-0415_C1060_HNE,2,True,True,0.0066654439114802,0.004854319731673567,1,0
55,TK-1999-0415_C1060_HNE,3,True,True,0.0197644958366087,0.01007972042059593,2,1
55,TK-1999-0415_C1060_HNE,4,True,True,0.0402294251959303,0.01852919187971645,3,2
55,TK-1999-0415_C1060_HNE,5,True,True,0.1,0.04173865721248001,4,3
55,TK-1999-0415_C1061_HNE,0,True,True,0.0005020273518015,0.000522794032611965,0,0
55,TK-1999-0415_C1061_HNE,1,True,True,0.0012396524463578,0.0018240415506718874,0,0
55,TK-1999-0415_C1061_HNE,2,True,True,0.0033067504413541,0.004277631931507385,0,1
55,TK-1999-0415_C1061_HNE,3,True,True,0.0084448028693491,0.007892592089967,1,1
55,TK-1999-0415_C1061_HNE,4,True,True,0.0152108046665701,0.011539125312084675,2,2
55,TK-1999-0415_C1061_HNE,5,True,True,0.0401250100952796,0.02486563099476461,3,3
55,TK-1999-0415_C1062_HNE,0,True,True,0.000502584748042,0.0005004801245218184,0,0
55,TK-1999-0415_C1062_HNE,1,True,True,0.0020928376355701,0.0018443360430230912,0,0
55,TK-1999-0415_C1062_HNE,2,True,True,0.0060207312936589,0.004855073962596493,1,1
55,TK-1999-0415_C1062_HNE,3,True,True,0.0109904151135092,0.009504600860400784,1,1
55,TK-1999-0415_C1062_HNE,4,True,True,0.020237439924554,0.018690056645698526,2,2
55,TK-1999-0415_C1062_HNE,5,True,True,0.0317749048260713,0.04858813532932927,3,3
55,TK-1999-0415_D0531_HNN,0,True,True,0.0005329118016133,0.00046507975735487014,0,0
55,TK-1999-0415_D0531_HNN,1,True,True,0.0018677282029105,0.0014040906067789357,0,0
55,TK-1999-0415_D0531_HNN,2,True,True,0.0037845340564439,0.002943271648595998,0,0
55,TK-1999-0415_D0531_HNN,3,True,True,0.0060249427261969,0.00543200695849674,1,0
55,TK-1999-0415_D0531_HNN,4,True,True,0.0105012482712887,0.009273158807814957,1,1
55,TK-1999-0415_D0531_HNN,5,True,True,0.0197783862582703,0.018056834866854755,2,2
55,TK-1999-0415_1401_HNE,0,True,True,0.0005001948261632,0.0005204910421135283,0,0
55,TK-1999-0415_1401_HNE,1,True,True,0.002313054824573,0.002192722278910088,0,0
55,TK-1999-0415_1401_HNE,2,True,True,0.0060404484400951,0.006760754335563101,1,0
55,TK-1999-0415_1401_HNE,3,True,True,0.0207975761106911,0.013056598932206455,2,2
55,TK-1999-0415_1401_HNE,4,True,True,0.0204081176794281,0.02533757009473153,2,2
55,TK-1999-0415_1401_HNE,5,True,True,0.0305287150660044,0.04214367218639279,3,3
55,TK-1999-0415_1406_HNN,0,True,True,0.0005215116414814,0.0005744608229363511,0,0
55,TK-1999-0415_1406_HNN,1,True,True,0.0025314331445084,0.0022338345239774934,0,0
55,TK-1999-0415_1406_HNN,2,True,True,0.004540766605514,0.0062337551036102026,0,1
55,TK-1999-0415_1406_HNN,3,True,True,0.0091544218915688,0.012663360101824145,1,1
55,TK-1999-0415_1406_HNN,4,True,True,0.0199400853298624,0.0229094884734073,2,2
55,TK-1999-0415_1406_HNN,5,True,True,0.0691397217519895,0.05447827404812061,4,3
55,TK-1999-0415_8101_HNE,0,True,True,0.0005023509445621,0.0005343873379732559,0,0
55,TK-1999-0415_8101_HNE,1,True,True,0.0030128302273635,0.0024372372231956808,0,0
55,TK-1999-0415_8101_HNE,2,True,True,0.0093638332287126,0.009083468505037842,1,1
55,TK-1999-0415_8101_HNE,3,True,True,0.0179860214284215,0.02107859074491891,2,2
55,TK-1999-0415_8101_HNE,4,True,True,0.0356966759748372,0.05485055694728125,3,3
55,TK-1999-0415_8101_HNE,5,True,True,0.1,0.0889012712792608,4,4
55,INT-20250810_0000200_AKS_HNN,0,True,True,0.0004836306483634,0.0005190084594351675,0,0
55,INT-20250810_0000200_AKS_HNN,1,True,True,0.0014693790621226,0.0017658118521805227,0,0
55,INT-20250810_0000200_AKS_HNN,2,True,True,0.0028742425481659,0.004997684709022966,0,0
55,INT-20250810_0000200_AKS_HNN,3,True,True,0.0042198671118152,0.00939474792515541,0,1
55,INT-20250810_0000200_AKS_HNN,4,True,True,0.0087944195690375,0.018011100590579057,1,2
55,INT-20250810_0000200_AKS_HNN,5,True,True,0.0161402023901998,0.03818067610040763,2,3
55,INT-20250810_0000200_BALB_HNE,0,True,True,0.0004766028309315,0.0005074130174905051,0,0
55,INT-20250810_0000200_BALB_HNE,1,True,True,0.0018295576272132,0.0018702902010858877,0,0
55,INT-20250810_0000200_BALB_HNE,2,True,True,0.0048500715637634,0.0060691987682165195,0,1
55,INT-20250810_0000200_BALB_HNE,3,True,True,0.008949344602181,0.01120508694481048,1,1
55,INT-20250810_0000200_BALB_HNE,4,True,True,0.0129326712742592,0.0186600842789449,2,2
55,INT-20250810_0000200_BALB_HNE,5,True,True,0.0272606880323936,0.03377326410574549,2,2
55,INT-20250810_0000200_GORD_HNN,0,True,True,0.0004974235722915,0.0004890198912483881,0,0
55,INT-20250810_0000200_GORD_HNN,1,True,True,0.00235499198095,0.0016874754489151372,0,0
55,INT-20250810_0000200_GORD_HNN,2,True,True,0.0039640827526383,0.003229685845976794,0,0
55,INT-20250810_0000200_GORD_HNN,3,True,True,0.0085515823793187,0.005675464075329099,1,1
55,INT-20250810_0000200_GORD_HNN,4,True,True,0.0135730050703856,0.009817185335420182,2,1
55,INT-20250810_0000200_GORD_HNN,5,True,True,0.0200182455437852,0.018543412897678822,2,2
55,INT-20250810_0000200_SOMA_HNN,0,True,True,0.0005122432596297,0.000496215546080897,0,0
55,INT-20250810_0000200_SOMA_HNN,1,True,True,0.0013759216255039,0.001794950186740292,0,0
55,INT-20250810_0000200_SOMA_HNN,2,True,True,0.0033185592136192,0.004455822960186441,0,0
55,INT-20250810_0000200_SOMA_HNN,3,True,True,0.0051376526067395,0.007937817659697035,1,1
55,INT-20250810_0000200_SOMA_HNN,4,True,True,0.0086362914562809,0.01290652143356921,1,2
55,INT-20250810_0000200_SOMA_HNN,5,True,True,0.0176546234010289,0.02350720091053671,2,2
55,TK-1999-0294_1612_HNE,0,True,True,0.0005138182311859,0.0005052898373640487,0,0
55,TK-1999-0294_1612_HNE,1,True,True,0.0018571079516538,0.0018458077951583112,0,0
55,TK-1999-0294_1612_HNE,2,True,True,0.0049211292868537,0.00454887652111931,0,0
55,TK-1999-0294_1612_HNE,3,True,True,0.0106074885731355,0.008014264441030462,1,1
55,TK-1999-0294_1612_HNE,4,True,True,0.018114427763185,0.016036253780701615,2,2
55,TK-1999-0294_1612_HNE,5,True,True,0.0299613583412246,0.030198988010080963,2,3
55,TK-2003-0179_1701_HNN,0,True,True,0.0004966337491951,0.00047391548893729467,0,0
55,TK-2003-0179_1701_HNN,1,True,True,0.0018446579218668,0.0016101099562345616,0,0
55,TK-2003-0179_1701_HNN,2,True,True,0.0063443727660909,0.003099099319091375,1,0
55,TK-2003-0179_1701_HNN,3,True,True,0.0107213109897991,0.0055845422538618175,1,1
55,TK-2003-0179_1701_HNN,4,True,True,0.0180030246544172,0.008317753328241707,2,1
55,TK-2003-0179_1701_HNN,5,True,True,0.0247652276835036,0.014765040190216844,2,2
55,TK-1999-0294_4101_HNE,0,True,True,0.000487446445399,0.0005289758909961734,0,0
55,TK-1999-0294_4101_HNE,1,True,True,0.0015768810773122,0.0018350122728864444,0,0
55,TK-1999-0294_4101_HNE,2,True,True,0.0027987393647266,0.005330793489853342,0,1
55,TK-1999-0294_4101_HNE,3,True,True,0.0060005240434905,0.010927092023055179,1,2
55,TK-1999-0294_4101_HNE,4,True,True,0.009134887914721,0.027885445568535536,1,3
55,TK-1999-0294_4101_HNE,5,True,True,0.0156498672506375,0.06120644646324818,2,4
55,TK-1999-0294_4107_HNE,0,True,True,0.0004896085033665,0.00047622516163202644,0,0
55,TK-1999-0294_4107_HNE,1,True,True,0.0017872002568924,0.0020395699413744963,0,0
55,TK-1999-0294_4107_HNE,2,True,True,0.0062163093396507,0.005595067843579174,1,1
55,TK-1999-0294_4107_HNE,3,True,True,0.0185096552341172,0.010766553837989832,2,2
55,TK-1999-0294_4107_HNE,4,True,True,0.0411158227706292,0.02102805991508705,3,3
55,TK-1999-0294_4107_HNE,5,True,True,0.1,0.03771071547424111,4,3
55,TK-1999-0294_5401_HNE,0,True,True,0.0005316015366655,0.0006041166106170265,0,0
55,TK-1999-0294_5401_HNE,1,True,True,0.0016810028835133,0.0031425384323389436,0,0
55,TK-1999-0294_5401_HNE,2,True,True,0.0026359816633698,0.008006472028279109,0,2
55,TK-1999-0294_5401_HNE,3,True,True,0.005196033700595,0.01662625508585771,1,2
55,TK-1999-0294_5401_HNE,4,True,True,0.0082298281278407,0.030598785104618473,1,3
55,TK-1999-0294_5401_HNE,5,True,True,0.01550167081731,0.04948569839860053,2,4
55,EMSC-20200122_0000127_GOMA_HNE,0,True,True,0.0005077138180898,0.0004923015218225945,0,0
55,EMSC-20200122_0000127_GOMA_HNE,1,True,True,0.0020505589322008,0.0013575654077990123,0,0
55,EMSC-20200122_0000127_GOMA_HNE,2,True,True,0.0046672587103728,0.0038088352574699967,0,0
55,EMSC-20200122_0000127_GOMA_HNE,3,True,True,0.0088033168181747,0.006813087752698654,1,1
55,EMSC-20200122_0000127_GOMA_HNE,4,True,True,0.011291342786889,0.011086262100819604,1,2
55,EMSC-20200122_0000127_GOMA_HNE,5,True,True,0.0228241881064577,0.019044158670232854,2,2
55,EMSC-20200122_0000127_SOMA_HNN,0,True,True,0.0004928233420885,0.00046557329544493295,0,0
55,EMSC-20200122_0000127_SOMA_HNN,1,True,True,0.001414256298391,0.0013852035186003465,0,0
55,EMSC-20200122_0000127_SOMA_HNN,2,True,True,0.0037967774024696,0.0029597892334534267,0,0
55,EMSC-20200122_0000127_SOMA_HNN,3,True,True,0.0068362411301819,0.0061863369760036145,1,1
55,EMSC-20200122_0000127_SOMA_HNN,4,True,True,0.0113551934812338,0.011528377102788765,1,1
55,EMSC-20200122_0000127_SOMA_HNN,5,True,True,0.0203912269308848,0.021809870536691842,2,2
56,TK-1999-0077_YPT_HNN,4,True,True,0.1,0.04951868965863406,4,4
56,TK-1999-0077_YPT_HNN,5,True,True,0.1,0.07751454405482378,4,4
56,TK-1999-0077_1612_HNE,0,True,True,0.0010446820424453,0.000876013108375881,0,0
56,TK-1999-0077_1612_HNE,1,True,True,0.0046793035593259,0.002176996461994515,0,0
56,TK-1999-0077_YPT_HNN,0,True,True,0.0008774669732127,0.0009521479846722965,0,0
56,TK-1999-0077_YPT_HNN,1,True,True,0.0024437066674003,0.002908865625210593,0,0
56,TK-1999-0077_YPT_HNN,2,True,True,0.0086880189964707,0.006775560903402582,1,0
56,TK-1999-0077_YPT_HNN,3,True,True,0.0264724510138251,0.014623709120332241,2,2
56,TK-1999-0077_1612_HNE,2,True,True,0.0113337358037729,0.004176538308011132,1,0
56,TK-1999-0077_1612_HNE,3,True,True,0.0219019124931248,0.009573805169684688,2,1
56,TK-1999-0077_1612_HNE,4,True,True,0.1,0.016545745589135127,4,2
56,TK-1999-0077_1612_HNE,5,True,True,0.1,0.036319024268929176,4,4
56,TK-1999-0077_4101_HNE,0,True,True,0.0010863700885479,0.0011979988518359436,0,0
56,TK-1999-0077_4101_HNE,1,True,True,0.0036837447080734,0.0044427723112957646,0,0
56,TK-1999-0077_4101_HNE,2,True,True,0.0177949541624285,0.011096284391397957,2,2
56,TK-1999-0077_4101_HNE,3,True,True,0.1,0.04201255666998531,4,4
56,TK-1999-0077_4101_HNE,4,True,True,0.1,0.11563958831034257,4,4
56,TK-1999-0077_4101_HNE,5,True,True,0.1,0.13009468115086756,4,4
56,TK-1999-0077_4106_HNN,0,True,True,0.0010351996521147,0.0012445372399740846,0,0
56,TK-1999-0077_4106_HNN,1,True,True,0.0036571785985147,0.005703931823399701,0,1
56,TK-1999-0077_4106_HNN,2,True,True,0.0062793241095535,0.02071041551424948,1,2
56,TK-1999-0077_4106_HNN,3,True,True,0.0348181840045516,0.07078780075194566,3,4
56,TK-1999-0077_4106_HNN,4,True,True,0.1,0.10620880885417458,4,4
56,TK-1999-0077_4106_HNN,5,True,True,0.1,0.15701737286859202,4,4
56,TK-1999-0077_5401_HNE,0,True,True,0.0013796200288259,0.001077495905308031,0,0
56,TK-1999-0077_5401_HNE,1,True,True,0.0043553151908777,0.005256785922258325,0,0
56,TK-1999-0077_5401_HNE,2,True,True,0.0181006953445328,0.016650652430341143,2,2
56,TK-1999-0077_5401_HNE,3,True,True,0.1,0.050853727224738854,4,4
56,TK-1999-0077_5401_HNE,4,True,True,0.1,0.06815117136464785,4,4
56,TK-1999-0077_5401_HNE,5,True,True,0.1,0.11033445108327074,4,4
56,TK-1999-0415_487_HNN,0,True,True,0.0012031108481046,0.001058214150217254,0,0
56,TK-1999-0415_487_HNN,1,True,True,0.0046579751469991,0.0035718927231763744,0,0
56,TK-1999-0415_487_HNN,2,True,True,0.0121445290794027,0.007850722385926339,2,1
56,TK-1999-0415_487_HNN,3,True,True,0.022681211581883,0.015843766272045482,2,2
56,TK-1999-0415_487_HNN,4,True,True,0.1,0.06010993806377422,4,4
56,TK-1999-0415_487_HNN,5,True,True,0.1,0.10207750055671701,4,4
56,TK-1999-0415_496_HNN,0,True,True,0.0016422323251338,0.001209464050591805,0,0
56,TK-1999-0415_496_HNN,1,True,True,0.0040961283750829,0.005125762979888637,0,1
56,TK-1999-0415_496_HNN,2,True,True,0.0076840311939273,0.011326214386178798,1,1
56,TK-1999-0415_496_HNN,3,True,True,0.0161610680557003,0.02274903187568942,2,2
56,TK-1999-0415_496_HNN,4,True,True,0.0413847565059086,0.04515196711777805,3,2
56,TK-1999-0415_496_HNN,5,True,True,0.0710633548270888,0.08858932185831778,4,4
56,TK-1999-0415_498_HNN,0,True,True,0.0006837258926803,0.0010212939130040605,0,0
56,TK-1999-0415_498_HNN,1,True,True,0.0029203692538826,0.003267723276566837,0,0
56,TK-1999-0415_C0362_HNN,0,True,True,0.0009727315675676,0.0009054363371334224,0,0
56,TK-1999-0415_C0362_HNN,1,True,True,0.0035881691143137,0.001957295934998962,0,0
56,TK-1999-0415_C0362_HNN,2,True,True,0.0070747721278774,0.0035505418636122927,1,0
56,TK-1999-0415_C0362_HNN,3,True,True,0.0167811014110001,0.006603655408356478,2,1
56,TK-1999-0415_498_HNN,2,True,True,0.0085036785271341,0.008030546513911873,1,1
56,TK-1999-0415_498_HNN,3,True,True,0.0123992200800734,0.015140896187867008,2,2
56,TK-1999-0415_498_HNN,4,True,True,0.0309093610386867,0.04503665451218087,3,4
56,TK-1999-0415_498_HNN,5,True,True,0.1,0.0718529884500782,4,4
56,TK-1999-0415_C0362_HNN,4,True,True,0.0438526448165617,0.011236549094562433,3,1
56,TK-1999-0415_C0362_HNN,5,True,True,0.1,0.01824758164932423,4,2
56,TK-1999-0415_C0375_HNN,0,True,True,0.0011273545966279,0.0013237098278326505,0,0
56,TK-1999-0415_C0375_HNN,1,True,True,0.0059475916304933,0.004463410042036822,1,0
56,TK-1999-0415_C0375_HNN,2,True,True,0.009932564852716,0.010073842732239421,1,1
56,TK-1999-0415_C0375_HNN,3,True,True,0.0130049094300436,0.020514613367714606,2,2
56,TK-1999-0415_C0375_HNN,4,True,True,0.0240353838529447,0.05389250880797601,2,3
56,TK-1999-0415_C0375_HNN,5,True,True,0.1,0.10589463845804024,4,4
56,TK-1999-0415_C1058_HNE,0,True,True,0.0009803612772318,0.0009681110955216455,0,0
56,TK-1999-0415_C1058_HNE,1,True,True,0.0053032045715014,0.0032585334562332978,1,0
56,TK-1999-0415_C1058_HNE,2,True,True,0.0150796615641179,0.009823023822732153,2,2
56,TK-1999-0415_C1058_HNE,3,True,True,0.1,0.02816819421758084,4,2
56,TK-1999-0415_C1058_HNE,4,True,True,0.1,0.06743512258544682,4,4
56,TK-1999-0415_C1058_HNE,5,True,True,0.1,0.09344870902881876,4,4
56,TK-1999-0415_C1059_HNN,0,True,True,0.0010242817484515,0.0011444261940389583,0,0
56,TK-1999-0415_C1059_HNN,1,True,True,0.004024041681137,0.004416140644420504,0,0
56,TK-1999-0415_C1059_HNN,2,True,True,0.0087238579723408,0.010810253740165265,1,1
56,TK-1999-0415_C1059_HNN,3,True,True,0.0193659038731981,0.02429357840325833,2,2
56,TK-1999-0415_C1059_HNN,4,True,True,0.1,0.06822227550079288,4,4
56,TK-1999-0415_C1059_HNN,5,True,True,0.1,0.1017290194802704,4,4
56,TK-1999-0415_C1060_HNE,0,True,True,0.0008919075796622,0.000996031092659616,0,0
56,TK-1999-0415_C1060_HNE,1,True,True,0.0026040880825413,0.0029023623186102323,0,0
56,TK-1999-0415_C1060_HNE,2,True,True,0.0093812484207973,0.005812453267845163,1,1
56,TK-1999-0415_C1060_HNE,3,True,True,0.0155239469232664,0.01191036939036848,2,1
56,TK-1999-0415_C1060_HNE,4,True,True,0.1,0.023434954042581915,4,2
56,TK-1999-0415_C1060_HNE,5,True,True,0.1,0.06643504477731879,4,4
56,TK-1999-0415_C1061_HNE,0,True,True,0.0013696546288098,0.001150499364348077,0,0
56,TK-1999-0415_C1061_HNE,1,True,True,0.005494597529477,0.004387844750902713,1,1
56,TK-1999-0415_C1061_HNE,2,True,True,0.0113726746535224,0.00895078536512639,1,1
56,TK-1999-0415_C1061_HNE,3,True,True,0.0250213882957273,0.014943769929625473,2,2
56,TK-1999-0415_C1061_HNE,4,True,True,0.1,0.033893734182071894,4,3
56,TK-1999-0415_C1061_HNE,5,True,True,0.1,0.07214472846844246,4,4
56,TK-1999-0415_C1062_HNE,0,True,True,0.0008942775247559,0.0010081895342518687,0,0
56,TK-1999-0415_C1062_HNE,1,True,True,0.0034212078061968,0.003364880700690664,0,0
56,TK-1999-0415_C1062_HNE,2,True,True,0.0089781126480799,0.008112730539187915,1,1
56,TK-1999-0415_C1062_HNE,3,True,True,0.013950899156722,0.01638499923486145,2,2
56,TK-1999-0415_C1062_HNE,4,True,True,0.0205746136276012,0.04369340666784224,2,4
56,TK-1999-0415_C1062_HNE,5,True,True,0.1,0.09565431059313975,4,4
56,TK-1999-0415_D0531_HNN,0,True,True,0.0009619547591977,0.0008935879512423464,0,0
56,TK-1999-0415_D0531_HNN,1,True,True,0.0024305560943804,0.0028538379940987756,0,0
56,TK-1999-0415_D0531_HNN,2,True,True,0.0059284799714912,0.006492372663723599,1,1
56,TK-1999-0415_D0531_HNN,3,True,True,0.0108096001339299,0.013023114559913172,1,2
56,TK-1999-0415_D0531_HNN,4,True,True,0.0243282768536301,0.03180616172631679,2,2
56,TK-1999-0415_D0531_HNN,5,True,True,0.1,0.07042250088072437,4,4
56,TK-1999-0415_1401_HNE,0,True,True,0.0009446592182661,0.001112204223128458,0,0
56,TK-1999-0415_1401_HNE,1,True,True,0.0029818483061051,0.004166523778914742,0,0
56,TK-1999-0415_1401_HNE,2,True,True,0.0079844008076577,0.008699769033180217,1,1
56,TK-1999-0415_1401_HNE,3,True,True,0.0096591219863799,0.016826373847876323,1,2
56,TK-1999-0415_1401_HNE,4,True,True,0.0141262744320746,0.03136572365148581,2,2
56,TK-1999-0415_1401_HNE,5,True,True,0.0219154238522645,0.05262063932145424,2,4
56,TK-1999-0415_1406_HNN,0,True,True,0.0009160490726289,0.0011287964698324731,0,0
56,TK-1999-0415_1406_HNN,1,True,True,0.0036127729019488,0.004301205786579368,0,1
56,TK-1999-0415_1406_HNN,2,True,True,0.005969248558106,0.008883553094548906,1,1
56,TK-1999-0415_1406_HNN,3,True,True,0.0190102334147273,0.015875161950545075,2,2
56,TK-1999-0415_1406_HNN,4,True,True,0.1,0.03487270169070469,4,3
56,TK-1999-0415_1406_HNN,5,True,True,0.1,0.08839441823818033,4,4
56,TK-1999-0415_8101_HNE,4,True,True,0.0274043178891464,0.03274757588998822,2,2
56,TK-1999-0415_8101_HNE,5,True,True,0.1,0.05925522547343931,4,4
56,INT-20250810_0000200_AKS_HNN,0,True,True,0.0009677458886136,0.0013557920672844972,0,0
56,INT-20250810_0000200_AKS_HNN,1,True,True,0.003639350846347,0.005366763856419852,0,1
56,TK-1999-0415_8101_HNE,0,True,True,0.0009547441705429,0.0010880927496302907,0,0
56,TK-1999-0415_8101_HNE,1,True,True,0.0029416986320768,0.004444094440018514,0,0
56,TK-1999-0415_8101_HNE,2,True,True,0.0055021587724004,0.008831256737620844,1,1
56,TK-1999-0415_8101_HNE,3,True,True,0.0140959971484718,0.015412112051318523,2,2
56,INT-20250810_0000200_BALB_HNE,0,True,True,0.0011632155086187,0.001133436270533217,0,0
56,INT-20250810_0000200_BALB_HNE,1,True,True,0.0036159264178484,0.003543035746546763,0,0
56,INT-20250810_0000200_BALB_HNE,2,True,True,0.0068034108656228,0.00839429619163334,1,1
56,INT-20250810_0000200_BALB_HNE,3,True,True,0.0115272307310426,0.015458963584425677,1,2
56,INT-20250810_0000200_AKS_HNN,2,True,True,0.0070380665447359,0.012022417830128175,1,2
56,INT-20250810_0000200_AKS_HNN,3,True,True,0.0131212402624489,0.030141978306095604,2,2
56,INT-20250810_0000200_AKS_HNN,4,True,True,0.0451020105534163,0.04534563691143494,3,4
56,INT-20250810_0000200_AKS_HNN,5,True,True,0.1,0.08666401250437428,4,4
56,INT-20250810_0000200_BALB_HNE,4,True,True,0.0206498514344763,0.0261472195338213,2,2
56,INT-20250810_0000200_BALB_HNE,5,True,True,0.0499190218046302,0.08283144689379274,3,4
56,INT-20250810_0000200_GORD_HNN,0,True,True,0.0011374530420134,0.0009978914017141122,0,0
56,INT-20250810_0000200_GORD_HNN,1,True,True,0.0050723272560735,0.0029409458239237755,1,0
56,INT-20250810_0000200_GORD_HNN,2,True,True,0.0094599073425201,0.006350222944859911,1,1
56,INT-20250810_0000200_GORD_HNN,3,True,True,0.0155020638216296,0.01180355699196616,2,1
56,INT-20250810_0000200_GORD_HNN,4,True,True,0.0276149458109607,0.019370383703665117,2,2
56,INT-20250810_0000200_GORD_HNN,5,True,True,0.1,0.05216232254256064,4,3
56,INT-20250810_0000200_SOMA_HNN,0,True,True,0.0012256298279982,0.0010922354042173367,0,0
56,INT-20250810_0000200_SOMA_HNN,1,True,True,0.0034068460234618,0.004045098150257339,0,0
56,INT-20250810_0000200_SOMA_HNN,2,True,True,0.0090896069462663,0.008321818303701267,1,1
56,INT-20250810_0000200_SOMA_HNN,3,True,True,0.0144350095692885,0.016169198681995553,2,2
56,INT-20250810_0000200_SOMA_HNN,4,True,True,0.0200199275355649,0.034207748740266,2,2
56,INT-20250810_0000200_SOMA_HNN,5,True,True,0.0482893406306785,0.08039503171196516,3,4
56,TK-1999-0294_1612_HNE,0,True,True,0.0012217362081526,0.000983186632813072,0,0
56,TK-1999-0294_1612_HNE,1,True,True,0.0066202971549263,0.003697446083106786,1,0
56,TK-1999-0294_1612_HNE,2,True,True,0.0146017999224594,0.007559902548037328,2,1
56,TK-1999-0294_1612_HNE,3,True,True,0.0260385926180251,0.014426749196853383,2,2
56,TK-1999-0294_1612_HNE,4,True,True,0.1,0.022494620785518827,4,2
56,TK-1999-0294_1612_HNE,5,True,True,0.1,0.043066330493996365,4,4
56,TK-2003-0179_1701_HNN,0,True,True,0.0009499812511493,0.000855770499568408,0,0
56,TK-2003-0179_1701_HNN,1,True,True,0.0027797350955194,0.002431138270504634,0,0
56,TK-2003-0179_1701_HNN,2,True,True,0.0046791047982185,0.003617245467949371,0,0
56,TK-2003-0179_1701_HNN,3,True,True,0.008597487846617,0.005892656386316084,1,1
56,TK-1999-0294_4101_HNE,2,True,True,0.0064336838755905,0.016215342579377734,1,2
56,TK-1999-0294_4101_HNE,3,True,True,0.0133192798504688,0.025307334344150566,2,4
56,TK-1999-0294_4101_HNE,4,True,True,0.0195561829826557,0.04068217899275624,2,2
56,TK-1999-0294_4101_HNE,5,True,True,0.1,0.0796273039945354,4,4
56,TK-2003-0179_1701_HNN,4,True,True,0.0120745885476657,0.009057331339270275,2,1
56,TK-2003-0179_1701_HNN,5,True,True,0.0206644851401746,0.01869940112048286,2,2
56,TK-1999-0294_4101_HNE,0,True,True,0.0008967679484944,0.00127169438397654,0,0
56,TK-1999-0294_4101_HNE,1,True,True,0.0028648719655358,0.004741434523892657,0,0
56,TK-1999-0294_4107_HNE,0,True,True,0.0009676660466195,0.0008920165956428198,0,0
56,TK-1999-0294_4107_HNE,1,True,True,0.0038450652241258,0.00286003473318238,0,0
56,TK-1999-0294_4107_HNE,2,True,True,0.0105641739274172,0.007652752584987752,1,1
56,TK-1999-0294_4107_HNE,3,True,True,0.0217479294561731,0.015225177035424215,2,2
56,TK-1999-0294_4107_HNE,4,True,True,0.0333224460243674,0.028797118678970068,3,2
56,TK-1999-0294_4107_HNE,5,True,True,0.1,0.04989012786022799,4,4
56,TK-1999-0294_5401_HNE,0,True,True,0.0012872746622237,0.001864122437633064,0,0
56,TK-1999-0294_5401_HNE,1,True,True,0.0029711066150032,0.007404201439569374,0,0
56,TK-1999-0294_5401_HNE,2,True,True,0.0070842247179492,0.01616005398250641,1,2
56,TK-1999-0294_5401_HNE,3,True,True,0.0149636437463018,0.026592024421338737,2,2
56,TK-1999-0294_5401_HNE,4,True,True,0.034450619866439,0.05395845162014328,3,4
56,TK-1999-0294_5401_HNE,5,True,True,0.1,0.09822489966429508,4,4
56,EMSC-20200122_0000127_GOMA_HNE,0,True,True,0.0008786473325495,0.000910768590591002,0,0
56,EMSC-20200122_0000127_GOMA_HNE,1,True,True,0.0023963151246012,0.0025249715483183816,0,0
56,EMSC-20200122_0000127_GOMA_HNE,2,True,True,0.0050185223843903,0.005158389859754496,1,0
56,EMSC-20200122_0000127_GOMA_HNE,3,True,True,0.0078944921428347,0.008446809977140248,1,1
56,EMSC-20200122_0000127_GOMA_HNE,4,True,True,0.0134092289845013,0.014078437083372787,2,2
56,EMSC-20200122_0000127_GOMA_HNE,5,True,True,0.0219776321004126,0.029079339795891064,2,2
56,EMSC-20200122_0000127_SOMA_HNN,0,True,True,0.0009844022771648,0.0009773992736486624,0,0
56,EMSC-20200122_0000127_SOMA_HNN,1,True,True,0.0031468349854162,0.0030688854394223426,0,0
56,EMSC-20200122_0000127_SOMA_HNN,2,True,True,0.0081230728280022,0.007486741712022798,1,1
56,EMSC-20200122_0000127_SOMA_HNN,3,True,True,0.0144753809155997,0.014168602422662257,2,2
56,EMSC-20200122_0000127_SOMA_HNN,4,True,True,0.0266228460821212,0.028267328515951016,2,2
56,EMSC-20200122_0000127_SOMA_HNN,5,True,True,0.1,0.07571182975561497,4,4
57,TK-1999-0077_YPT_HNN,4,True,True,0.1,0.04843767474965383,4,3
57,TK-1999-0077_YPT_HNN,5,True,True,0.1,0.07079116231005456,4,4
57,TK-1999-0077_1612_HNE,0,True,True,0.001052261693759,0.000815253276572324,0,0
57,TK-1999-0077_1612_HNE,1,True,True,0.0045743118795108,0.002073086811966151,0,0
57,TK-1999-0077_YPT_HNN,0,True,True,0.0008349308967759,0.0009370667433657427,0,0
57,TK-1999-0077_YPT_HNN,1,True,True,0.0030358355319035,0.002800324786849996,0,0
57,TK-1999-0077_YPT_HNN,2,True,True,0.0093190891852161,0.006465327153395789,1,0
57,TK-1999-0077_YPT_HNN,3,True,True,0.0279820149758744,0.01505644128421309,2,2
57,TK-1999-0077_1612_HNE,2,True,True,0.0101178210955303,0.0040587271294427575,1,0
57,TK-1999-0077_1612_HNE,3,True,True,0.0186997525705677,0.00921294805518145,2,1
57,TK-1999-0077_1612_HNE,4,True,True,0.0378348966184051,0.015551382518247581,3,2
57,TK-1999-0077_1612_HNE,5,True,True,0.1,0.03561426127504889,4,4
57,TK-1999-0077_4101_HNE,0,True,True,0.0011169494305553,0.0011713359658645469,0,0
57,TK-1999-0077_4101_HNE,1,True,True,0.003763404958134,0.004286684917983089,0,0
57,TK-1999-0077_4101_HNE,2,True,True,0.0205263372390299,0.010381845736385965,2,2
57,TK-1999-0077_4101_HNE,3,True,True,0.1,0.040584798116367546,4,3
57,TK-1999-0077_4101_HNE,4,True,True,0.1,0.11374158858670463,4,4
57,TK-1999-0077_4101_HNE,5,True,True,0.1,0.123122390224892,4,4
57,TK-1999-0077_4106_HNN,0,True,True,0.001031630099943,0.0011737324479706977,0,0
57,TK-1999-0077_4106_HNN,1,True,True,0.003415266626098,0.005342236640000277,0,1
57,TK-1999-0077_4106_HNN,2,True,True,0.006689852516422,0.01962841286100538,1,2
57,TK-1999-0077_4106_HNN,3,True,True,0.0430978149224814,0.06374716614419015,3,3
57,TK-1999-0077_4106_HNN,4,True,True,0.1,0.09405745031515196,4,4
57,TK-1999-0077_4106_HNN,5,True,True,0.1,0.14253054792771963,4,4
57,TK-1999-0077_5401_HNE,0,True,True,0.0013192934941384,0.0010418846580789603,0,0
57,TK-1999-0077_5401_HNE,1,True,True,0.0049290679169446,0.005056389189679332,0,0
57,TK-1999-0077_5401_HNE,2,True,True,0.0161589518266524,0.015768214402803467,2,2
57,TK-1999-0077_5401_HNE,3,True,True,0.052020494938667,0.05439694174415371,3,4
57,TK-1999-0077_5401_HNE,4,True,True,0.1,0.06312436251622294,4,4
57,TK-1999-0077_5401_HNE,5,True,True,0.1,0.10413671512007741,4,4
57,TK-1999-0415_487_HNN,0,True,True,0.0012226678843242,0.0010193121913178102,0,0
57,TK-1999-0415_487_HNN,1,True,True,0.0045123390698392,0.0035265742268797773,0,0
57,TK-1999-0415_487_HNN,2,True,True,0.0103305902054653,0.0077300941914481116,1,1
57,TK-1999-0415_487_HNN,3,True,True,0.0234407456335025,0.01564425090310477,2,2
57,TK-1999-0415_487_HNN,4,True,True,0.1,0.05195311320228849,4,4
57,TK-1999-0415_487_HNN,5,True,True,0.1,0.09533954628728848,4,4
57,TK-1999-0415_496_HNN,0,True,True,0.0015800086515651,0.0011696960795329534,0,0
57,TK-1999-0415_496_HNN,1,True,True,0.0034356917088944,0.0050191363730781235,0,1
57,TK-1999-0415_496_HNN,2,True,True,0.0085699004581777,0.011123684804253579,1,1
57,TK-1999-0415_496_HNN,3,True,True,0.0163916828625043,0.02323744671655743,2,2
57,TK-1999-0415_496_HNN,4,True,True,0.032390839701227,0.044067852314211474,3,3
57,TK-1999-0415_496_HNN,5,True,True,0.1,0.08742180192083655,4,4
57,TK-1999-0415_498_HNN,0,True,True,0.0006610220098019,0.0010356420479219113,0,0
57,TK-1999-0415_498_HNN,1,True,True,0.0036408831845696,0.0031484735003593817,0,0
57,TK-1999-0415_498_HNN,2,True,True,0.0072666634915227,0.007836809499045088,1,1
57,TK-1999-0415_498_HNN,3,True,True,0.0122756701191926,0.015586972846277516,2,2
57,TK-1999-0415_498_HNN,4,True,True,0.0347931628945725,0.044062131199946855,3,3
57,TK-1999-0415_498_HNN,5,True,True,0.0896820115220818,0.06750043979788567,4,4
57,TK-1999-0415_C0362_HNN,0,True,True,0.0009570620693495,0.000879689686247178,0,0
57,TK-1999-0415_C0362_HNN,1,True,True,0.0031554217658549,0.0019068481702930096,0,0
57,TK-1999-0415_C0362_HNN,2,True,True,0.0071896176199826,0.0035202800562418963,1,0
57,TK-1999-0415_C0362_HNN,3,True,True,0.0150562108909626,0.00660143349260261,2,1
57,TK-1999-0415_C0362_HNN,4,True,True,0.0355760957645037,0.010922452978992872,3,1
57,TK-1999-0415_C0362_HNN,5,True,True,0.1,0.018118428930390354,4,2
57,TK-1999-0415_C0375_HNN,0,True,True,0.0010205681269381,0.0013362629402455712,0,0
57,TK-1999-0415_C0375_HNN,1,True,True,0.0053583239952467,0.004546190286507456,1,0
57,TK-1999-0415_C0375_HNN,2,True,True,0.0085108354877747,0.010161682871474084,1,1
57,TK-1999-0415_C0375_HNN,3,True,True,0.0127280098116552,0.020548512089899277,2,2
57,TK-1999-0415_C0375_HNN,4,True,True,0.025832373830706,0.05287825221521217,2,3
57,TK-1999-0415_C0375_HNN,5,True,True,0.1,0.106170085880315,4,4
57,TK-1999-0415_C1058_HNE,0,True,True,0.0009693740050001,0.0009429429055373399,0,0
57,TK-1999-0415_C1058_HNE,1,True,True,0.0066316849072654,0.0031435115889146014,1,0
57,TK-1999-0415_C1058_HNE,2,True,True,0.0146347921368694,0.009744386712094035,2,2
57,TK-1999-0415_C1058_HNE,3,True,True,0.0548655990303132,0.028023924761575964,3,2
57,TK-1999-0415_C1058_HNE,4,True,True,0.1,0.06765770449010003,4,4
57,TK-1999-0415_C1058_HNE,5,True,True,0.1,0.09439093464000814,4,4
57,TK-1999-0415_C1059_HNN,0,True,True,0.0010078341714171,0.0011150635601998016,0,0
57,TK-1999-0415_C1059_HNN,1,True,True,0.0042387995758587,0.004211204558785665,0,1
57,TK-1999-0415_C1059_HNN,2,True,True,0.0090844968270247,0.010770343207404299,1,1
57,TK-1999-0415_C1059_HNN,3,True,True,0.0193873774500471,0.024250672272813523,2,2
57,TK-1999-0415_C1059_HNN,4,True,True,0.1,0.065203115972845,4,4
57,TK-1999-0415_C1059_HNN,5,True,True,0.1,0.09589556662078569,4,4
57,TK-1999-0415_C1060_HNE,0,True,True,0.0008667769325623,0.0009551882010545767,0,0
57,TK-1999-0415_C1060_HNE,1,True,True,0.0024341180605287,0.0027327474204500196,0,0
57,TK-1999-0415_C1060_HNE,2,True,True,0.0089028753638237,0.005711577410486847,1,1
57,TK-1999-0415_C1060_HNE,3,True,True,0.0168746118987074,0.011151345714608588,2,1
57,TK-1999-0415_C1060_HNE,4,True,True,0.0334369498815634,0.022400735819641512,3,2
57,TK-1999-0415_C1060_HNE,5,True,True,0.1,0.061885550722359225,4,4
57,TK-1999-0415_C1061_HNE,0,True,True,0.0011266458438587,0.0011123794724858399,0,0
57,TK-1999-0415_C1061_HNE,1,True,True,0.0052824731433632,0.004228535170273024,1,0
57,TK-1999-0415_C1061_HNE,2,True,True,0.0110935436576166,0.008396775819366912,1,1
57,TK-1999-0415_C1061_HNE,3,True,True,0.0257341964970295,0.014039499398417822,2,2
57,TK-1999-0415_C1061_HNE,4,True,True,0.1,0.03184759725757794,4,3
57,TK-1999-0415_C1061_HNE,5,True,True,0.1,0.06702879332939131,4,4
57,TK-1999-0415_C1062_HNE,0,True,True,0.0008725296882284,0.0009669207974840305,0,0
57,TK-1999-0415_C1062_HNE,1,True,True,0.0036185625361031,0.0031780783682976424,0,0
57,TK-1999-0415_C1062_HNE,2,True,True,0.0072003830546527,0.008052049551468097,1,1
57,TK-1999-0415_C1062_HNE,3,True,True,0.0132618782481143,0.01606561852261837,2,2
57,TK-1999-0415_C1062_HNE,4,True,True,0.02248336495055,0.04140457991965259,2,3
57,TK-1999-0415_C1062_HNE,5,True,True,0.1,0.09352941528737004,4,4
57,TK-1999-0415_D0531_HNN,0,True,True,0.000893031607529,0.0008663670776440672,0,0
57,TK-1999-0415_D0531_HNN,1,True,True,0.0021887365459878,0.002718413028950106,0,0
57,TK-1999-0415_1401_HNE,0,True,True,0.0009391163965328,0.0010502667114627665,0,0
57,TK-1999-0415_1401_HNE,1,True,True,0.0029422459736043,0.0038279464246638987,0,0
57,TK-1999-0415_1401_HNE,2,True,True,0.0070244947553742,0.008104611021171597,1,1
57,TK-1999-0415_1401_HNE,3,True,True,0.0091639429939999,0.014888913492615816,1,2
57,TK-1999-0415_D0531_HNN,2,True,True,0.0059919847620209,0.006283975204775822,1,1
57,TK-1999-0415_D0531_HNN,3,True,True,0.0103278949011488,0.012511447642358299,1,2
57,TK-1999-0415_D0531_HNN,4,True,True,0.0243741442951477,0.02887577299167101,2,2
57,TK-1999-0415_D0531_HNN,5,True,True,0.1,0.06454484181703107,4,4
57,TK-1999-0415_1401_HNE,4,True,True,0.012934652977611,0.027134830433781322,2,3
57,TK-1999-0415_1401_HNE,5,True,True,0.0213070024909353,0.044092123901276856,2,3
57,TK-1999-0415_1406_HNN,0,True,True,0.0009534179471986,0.0011043901638580298,0,0
57,TK-1999-0415_1406_HNN,1,True,True,0.003634606049297,0.004229828375131813,0,0
57,TK-1999-0415_1406_HNN,2,True,True,0.0076342428867049,0.0087343968370559,1,1
57,TK-1999-0415_1406_HNN,3,True,True,0.0275404369119531,0.015480555951003075,2,2
57,TK-1999-0415_1406_HNN,4,True,True,0.1,0.03714227022985782,4,3
57,TK-1999-0415_1406_HNN,5,True,True,0.1,0.08673433563723112,4,4
57,TK-1999-0415_8101_HNE,4,True,True,0.0258056837672012,0.029304001800124626,2,3
57,TK-1999-0415_8101_HNE,5,True,True,0.1,0.05380568515356706,4,4
57,INT-20250810_0000200_AKS_HNN,0,True,True,0.0009668506905437,0.0013148067156983662,0,0
57,INT-20250810_0000200_AKS_HNN,1,True,True,0.0032832293500961,0.005226290319422487,0,1
57,TK-1999-0415_8101_HNE,0,True,True,0.0009515473611854,0.0010572223741559773,0,0
57,TK-1999-0415_8101_HNE,1,True,True,0.0029016987584956,0.004317060179407626,0,0
57,TK-1999-0415_8101_HNE,2,True,True,0.0051996294143941,0.008547558635471752,1,1
57,TK-1999-0415_8101_HNE,3,True,True,0.0136834110743203,0.01474985387452738,2,2
57,INT-20250810_0000200_BALB_HNE,0,True,True,0.0011620119465207,0.0010755568661661202,0,0
57,INT-20250810_0000200_BALB_HNE,1,True,True,0.0033524267925856,0.003383114244510313,0,0
57,INT-20250810_0000200_BALB_HNE,2,True,True,0.0064154034949664,0.008121411024935205,1,1
57,INT-20250810_0000200_BALB_HNE,3,True,True,0.0118092637907978,0.014849894415652142,1,2
57,INT-20250810_0000200_AKS_HNN,2,True,True,0.0054626231911961,0.01197700961518499,1,2
57,INT-20250810_0000200_AKS_HNN,3,True,True,0.019427197408039,0.03148852917125167,2,2
57,INT-20250810_0000200_AKS_HNN,4,True,True,0.0405261635367262,0.04520458440131005,3,4
57,INT-20250810_0000200_AKS_HNN,5,True,True,0.1,0.08446958366342944,4,4
57,INT-20250810_0000200_BALB_HNE,4,True,True,0.0199707847551384,0.024645794644973087,2,2
57,INT-20250810_0000200_BALB_HNE,5,True,True,0.0377367221819999,0.0751589346684829,3,4
57,INT-20250810_0000200_GORD_HNN,0,True,True,0.0011722365955789,0.0009490455432584361,0,0
57,INT-20250810_0000200_GORD_HNN,1,True,True,0.003636787652087,0.002767703725856547,0,0
57,INT-20250810_0000200_GORD_HNN,2,True,True,0.0081265991920086,0.006103356164036943,1,1
57,INT-20250810_0000200_GORD_HNN,3,True,True,0.0140085880257775,0.011330079442133217,2,1
57,INT-20250810_0000200_GORD_HNN,4,True,True,0.0295688634072636,0.018329442736992985,2,2
57,INT-20250810_0000200_GORD_HNN,5,True,True,0.1,0.04457190569843144,4,3
57,INT-20250810_0000200_SOMA_HNN,0,True,True,0.0012005823622221,0.0010638333198995421,0,0
57,INT-20250810_0000200_SOMA_HNN,1,True,True,0.0038567417012751,0.0038251902986085815,0,0
57,INT-20250810_0000200_SOMA_HNN,2,True,True,0.0078686532785309,0.008420507524600463,1,1
57,INT-20250810_0000200_SOMA_HNN,3,True,True,0.01265603977487,0.016035813608361538,2,2
57,INT-20250810_0000200_SOMA_HNN,4,True,True,0.0176265931603965,0.03292906780030926,2,3
57,INT-20250810_0000200_SOMA_HNN,5,True,True,0.0378045901750174,0.07560417193855844,3,4
57,TK-1999-0294_1612_HNE,0,True,True,0.0012761720563055,0.0009338411726760286,0,0
57,TK-1999-0294_1612_HNE,1,True,True,0.0058135812068018,0.003581138520285436,1,0
57,TK-1999-0294_1612_HNE,2,True,True,0.0135010401327367,0.0073091729203689036,2,1
57,TK-1999-0294_1612_HNE,3,True,True,0.023149162506957,0.014389126937635085,2,2
57,TK-1999-0294_1612_HNE,4,True,True,0.0370953959075705,0.021537194484821876,3,2
57,TK-1999-0294_1612_HNE,5,True,True,0.1,0.04329080810566727,4,2
57,TK-2003-0179_1701_HNN,0,True,True,0.0009394643796335,0.0008364905381591361,0,0
57,TK-2003-0179_1701_HNN,1,True,True,0.0026532667204294,0.0023728738933587058,0,0
57,TK-2003-0179_1701_HNN,2,True,True,0.0044282328589625,0.0035406538582878123,0,0
57,TK-2003-0179_1701_HNN,3,True,True,0.0081103329915436,0.005664864988866416,1,1
57,TK-2003-0179_1701_HNN,4,True,True,0.010632420414838,0.008087939011761086,1,1
57,TK-2003-0179_1701_HNN,5,True,True,0.0194988453792201,0.01728522159590295,2,2
57,TK-1999-0294_4101_HNE,0,True,True,0.0008782037692037,0.0012074326809072148,0,0
57,TK-1999-0294_4101_HNE,1,True,True,0.0026333316524577,0.004682364634633416,0,0
57,TK-1999-0294_4101_HNE,2,True,True,0.0060618001823597,0.016483384147717953,1,2
57,TK-1999-0294_4101_HNE,3,True,True,0.0158154155679069,0.024859345636921295,2,2
57,TK-1999-0294_4101_HNE,4,True,True,0.0198724526274555,0.03896517807091514,2,2
57,TK-1999-0294_4101_HNE,5,True,True,0.0581216787595675,0.08053439889377575,3,3
57,TK-1999-0294_4107_HNE,0,True,True,0.0009604634538688,0.0008636460719135051,0,0
57,TK-1999-0294_4107_HNE,1,True,True,0.0038145342935025,0.0027629156487057366,0,0
57,TK-1999-0294_4107_HNE,2,True,True,0.0105636096246397,0.0076257111302869005,1,1
57,TK-1999-0294_4107_HNE,3,True,True,0.0203080983424828,0.014888235090820245,2,2
57,TK-1999-0294_4107_HNE,4,True,True,0.0305089796502202,0.028255506142135855,3,2
57,TK-1999-0294_4107_HNE,5,True,True,0.0416065118575178,0.04877596138635934,3,4
57,TK-1999-0294_5401_HNE,0,True,True,0.001167885923959,0.0017836871893006422,0,0
57,TK-1999-0294_5401_HNE,1,True,True,0.0029886891917014,0.007266535669739056,0,0
57,EMSC-20200122_0000127_GOMA_HNE,0,True,True,0.0008430439125653,0.0008658160124207966,0,0
57,EMSC-20200122_0000127_GOMA_HNE,1,True,True,0.0023856869858016,0.002348473766027426,0,0
57,EMSC-20200122_0000127_GOMA_HNE,2,True,True,0.0041725410336692,0.004789124511340299,0,0
57,EMSC-20200122_0000127_GOMA_HNE,3,True,True,0.0077237113861278,0.007926517490313806,1,1
57,TK-1999-0294_5401_HNE,2,True,True,0.0077696893487096,0.01520041482411072,1,1
57,TK-1999-0294_5401_HNE,3,True,True,0.0163159816653527,0.02427668672269548,2,2
57,TK-1999-0294_5401_HNE,4,True,True,0.0308867761427523,0.0472121251591486,3,3
57,TK-1999-0294_5401_HNE,5,True,True,0.1,0.09359215508261019,4,4
57,EMSC-20200122_0000127_GOMA_HNE,4,True,True,0.0124907113974504,0.012995065472987042,2,2
57,EMSC-20200122_0000127_GOMA_HNE,5,True,True,0.0205841488582445,0.025679329966009457,2,2
57,EMSC-20200122_0000127_SOMA_HNN,0,True,True,0.0009421192644455,0.0009495166496954231,0,0
57,EMSC-20200122_0000127_SOMA_HNN,1,True,True,0.0030753490898082,0.0030186175461586664,0,0
57,EMSC-20200122_0000127_SOMA_HNN,2,True,True,0.007964141231508,0.007326648514157347,1,1
57,EMSC-20200122_0000127_SOMA_HNN,3,True,True,0.0136663719446941,0.013643093279688273,2,2
57,EMSC-20200122_0000127_SOMA_HNN,4,True,True,0.0242818581544998,0.026950571547542608,2,2
57,EMSC-20200122_0000127_SOMA_HNN,5,True,True,0.0553721068377889,0.07207917082647518,3,3
58,TK-1999-0077_YPT_HNN,4,True,True,0.1,0.04822613910942844,4,3
58,TK-1999-0077_YPT_HNN,5,True,True,0.1,0.07328913349600685,4,4
58,TK-1999-0077_1612_HNE,0,True,True,0.0006988730059608,0.0006352185944718691,0,0
58,TK-1999-0077_1612_HNE,1,True,True,0.0051860361372204,0.002171514165246294,1,0
58,TK-1999-0077_YPT_HNN,0,True,True,0.0006421339301285,0.0006217049808451474,0,0
58,TK-1999-0077_YPT_HNN,1,True,True,0.0033991227798507,0.0019405251820215387,0,0
58,TK-1999-0077_YPT_HNN,2,True,True,0.0083192589665446,0.005695836798651562,1,0
58,TK-1999-0077_YPT_HNN,3,True,True,0.0232733046680168,0.014571059441782507,2,2
58,TK-1999-0077_1612_HNE,2,True,True,0.0156196554536993,0.006034523547409662,2,1
58,TK-1999-0077_1612_HNE,3,True,True,0.0319037990176099,0.012572126602840192,3,1
58,TK-1999-0077_1612_HNE,4,True,True,0.1,0.03354600792944382,4,3
58,TK-1999-0077_1612_HNE,5,True,True,0.1,0.07778422911547775,4,4
58,TK-1999-0077_4101_HNE,0,True,True,0.0005926338073683,0.0006731241894434665,0,0
58,TK-1999-0077_4101_HNE,1,True,True,0.0016346090460027,0.0024708565818830496,0,0
58,TK-1999-0077_4101_HNE,2,True,True,0.0049508177480952,0.0060981816589686785,0,1
58,TK-1999-0077_4101_HNE,3,True,True,0.0115636071024289,0.014530252741956422,1,2
58,TK-1999-0077_4101_HNE,4,True,True,0.0544697985753481,0.03899694605302908,3,4
58,TK-1999-0077_4101_HNE,5,True,True,0.1,0.0902818356781807,4,4
58,TK-1999-0077_4106_HNN,0,True,True,0.0006270642354847,0.0007809559246155873,0,0
58,TK-1999-0077_4106_HNN,1,True,True,0.0018089458648273,0.003629831419488946,0,0
58,TK-1999-0077_4106_HNN,2,True,True,0.0079883728548146,0.013588706387237193,1,2
58,TK-1999-0077_4106_HNN,3,True,True,0.0142840964686616,0.04111271152558455,2,3
58,TK-1999-0077_4106_HNN,4,True,True,0.0722389987122324,0.09030491012740424,4,4
58,TK-1999-0077_4106_HNN,5,True,True,0.1,0.12095548519584785,4,4
58,TK-1999-0077_5401_HNE,0,True,True,0.0006780158573431,0.0008250962656199226,0,0
58,TK-1999-0077_5401_HNE,1,True,True,0.0040240503623594,0.004584080760025514,0,0
58,TK-1999-0077_5401_HNE,2,True,True,0.0145512369166242,0.016223877280101107,2,2
58,TK-1999-0077_5401_HNE,3,True,True,0.0384415749457165,0.03779342930505608,3,4
58,TK-1999-0077_5401_HNE,4,True,True,0.1,0.05680281449984954,4,4
58,TK-1999-0077_5401_HNE,5,True,True,0.1,0.09347567179568064,4,4
58,TK-1999-0415_487_HNN,0,True,True,0.0006124455276707,0.0005988117922928327,0,0
58,TK-1999-0415_487_HNN,1,True,True,0.0012488937587139,0.0018878131845550096,0,0
58,TK-1999-0415_487_HNN,2,True,True,0.0040673161936305,0.003918241945079365,0,0
58,TK-1999-0415_487_HNN,3,True,True,0.0067614619490986,0.006634702458916041,1,1
58,TK-1999-0415_487_HNN,4,True,True,0.0135436757302064,0.011025897478019025,2,1
58,TK-1999-0415_487_HNN,5,True,True,0.0269032191357413,0.023347428019703936,2,2
58,TK-1999-0415_496_HNN,0,True,True,0.0008706688026441,0.000724627501889637,0,0
58,TK-1999-0415_496_HNN,1,True,True,0.0045507157164907,0.0035077369501333934,0,0
58,TK-1999-0415_496_HNN,2,True,True,0.0080285503880654,0.00919841859182474,1,1
58,TK-1999-0415_496_HNN,3,True,True,0.0118242039273906,0.021322821262828376,1,1
58,TK-1999-0415_496_HNN,4,True,True,0.0244712625397679,0.03196241790444636,2,2
58,TK-1999-0415_496_HNN,5,True,True,0.1,0.048667648438200796,4,4
58,TK-1999-0415_498_HNN,0,True,True,0.0005721157060056,0.0006998166854558521,0,0
58,TK-1999-0415_498_HNN,1,True,True,0.0023736327833437,0.00230145944503805,0,0
58,TK-1999-0415_498_HNN,2,True,True,0.0061157173874427,0.005559187596036642,1,1
58,TK-1999-0415_498_HNN,3,True,True,0.0123743089387062,0.011981359851907365,2,1
58,TK-1999-0415_498_HNN,4,True,True,0.018537362470417,0.026001236491947733,2,2
58,TK-1999-0415_498_HNN,5,True,True,0.0753334354513241,0.04745961909632141,4,2
58,TK-1999-0415_C0362_HNN,0,True,True,0.0006676503387295,0.0006069988471136805,0,0
58,TK-1999-0415_C0362_HNN,1,True,True,0.0030291699172599,0.0016276694409282412,0,0
58,TK-1999-0415_C0362_HNN,2,True,True,0.0077540188799704,0.0033946320962948526,1,0
58,TK-1999-0415_C0362_HNN,3,True,True,0.0186666016927921,0.005905710888663728,2,1
58,TK-1999-0415_C0362_HNN,4,True,True,0.0420343087974728,0.010759256705308506,3,1
58,TK-1999-0415_C0362_HNN,5,True,True,0.1,0.02071904113987778,4,2
58,TK-1999-0415_C0375_HNN,0,True,True,0.0005652827320987,0.0008610697415724285,0,0
58,TK-1999-0415_C0375_HNN,1,True,True,0.0039299527104156,0.003499587350495929,0,0
58,TK-1999-0415_C1058_HNE,0,True,True,0.0006592162449869,0.0007060713364584809,0,0
58,TK-1999-0415_C1058_HNE,1,True,True,0.0030730813080777,0.0025725505220522264,0,0
58,TK-1999-0415_C1058_HNE,2,True,True,0.0163181963263335,0.009378582708533341,2,1
58,TK-1999-0415_C1058_HNE,3,True,True,0.0456364293645708,0.02837166304217004,3,2
58,TK-1999-0415_C0375_HNN,2,True,True,0.010220644477401,0.008801089704376815,1,1
58,TK-1999-0415_C0375_HNN,3,True,True,0.0114049205473289,0.01539097424270188,1,2
58,TK-1999-0415_C0375_HNN,4,True,True,0.0179572596722666,0.03125556018859558,2,2
58,TK-1999-0415_C0375_HNN,5,True,True,0.0443307884836718,0.08619394928709795,3,4
58,TK-1999-0415_C1058_HNE,4,True,True,0.1,0.04531872225157777,4,4
58,TK-1999-0415_C1058_HNE,5,True,True,0.1,0.06813093363064793,4,4
58,TK-1999-0415_C1059_HNN,0,True,True,0.0005965549685098,0.0006692953230535189,0,0
58,TK-1999-0415_C1059_HNN,1,True,True,0.0024337937541606,0.0024484566103126883,0,0
58,TK-1999-0415_C1059_HNN,2,True,True,0.0053802200218273,0.007296820601708535,1,1
58,TK-1999-0415_C1059_HNN,3,True,True,0.0110503218917464,0.014403993250742297,1,2
58,TK-1999-0415_C1059_HNN,4,True,True,0.0244011431729662,0.035843926954206344,2,2
58,TK-1999-0415_C1059_HNN,5,True,True,0.1,0.06077300598277988,4,4
58,TK-1999-0415_C1060_HNE,0,True,True,0.0008077753743644,0.0006405030133466673,0,0
58,TK-1999-0415_C1060_HNE,1,True,True,0.0028618379474787,0.0022596545645181894,0,0
58,TK-1999-0415_C1060_HNE,2,True,True,0.0062997656088727,0.004869993390673163,1,0
58,TK-1999-0415_C1060_HNE,3,True,True,0.0136652338957998,0.009059887454533878,2,1
58,TK-1999-0415_C1060_HNE,4,True,True,0.033449395067928,0.015341418647487347,3,2
58,TK-1999-0415_C1060_HNE,5,True,True,0.1,0.04551834212025395,4,3
58,TK-1999-0415_C1061_HNE,0,True,True,0.0007360623921583,0.0007128133836500804,0,0
58,TK-1999-0415_C1061_HNE,1,True,True,0.0028558440574839,0.002592038529192259,0,0
58,TK-1999-0415_C1061_HNE,2,True,True,0.00839412693318,0.006961741383540872,1,1
58,TK-1999-0415_C1061_HNE,3,True,True,0.0146517026621631,0.012226457941075526,2,2
58,TK-1999-0415_C1061_HNE,4,True,True,0.0327502783375453,0.019894684171455984,3,2
58,TK-1999-0415_C1061_HNE,5,True,True,0.1,0.043078626356183404,4,4
58,TK-1999-0415_C1062_HNE,0,True,True,0.0006449870295789,0.0006344421174614091,0,0
58,TK-1999-0415_C1062_HNE,1,True,True,0.0022798819358191,0.0019980210154451374,0,0
58,TK-1999-0415_C1062_HNE,2,True,True,0.0038421383070496,0.0045586462034034455,0,1
58,TK-1999-0415_C1062_HNE,3,True,True,0.0080664790480968,0.008929837843278669,1,1
58,TK-1999-0415_C1062_HNE,4,True,True,0.0125694988157199,0.014389205931146601,2,2
58,TK-1999-0415_C1062_HNE,5,True,True,0.0227285798663768,0.034318688783811155,2,2
58,TK-1999-0415_D0531_HNN,0,True,True,0.0005998544436992,0.0005886991487394762,0,0
58,TK-1999-0415_D0531_HNN,1,True,True,0.0017500777548694,0.0016215778777542256,0,0
58,TK-1999-0415_D0531_HNN,2,True,True,0.0050629396862513,0.0034298620376210344,1,0
58,TK-1999-0415_D0531_HNN,3,True,True,0.0075379794755227,0.006890475717003416,1,1
58,TK-1999-0415_D0531_HNN,4,True,True,0.0125263196759104,0.012264790125059242,2,2
58,TK-1999-0415_D0531_HNN,5,True,True,0.028189691277227,0.02591894101264708,2,2
58,TK-1999-0415_1401_HNE,0,True,True,0.0006847454737727,0.000665330793499611,0,0
58,TK-1999-0415_1401_HNE,1,True,True,0.0029291081652618,0.0026598178386193754,0,0
58,TK-1999-0415_1401_HNE,2,True,True,0.009014774000334,0.007823213307904323,1,1
58,TK-1999-0415_1401_HNE,3,True,True,0.0135082722385966,0.014302943706383183,2,2
58,TK-1999-0415_1401_HNE,4,True,True,0.0171739342153725,0.025836062074006003,2,2
58,TK-1999-0415_1401_HNE,5,True,True,0.0276711638725819,0.04522231917601917,2,3
58,TK-1999-0415_1406_HNN,0,True,True,0.0006765494108827,0.000669095104135949,0,0
58,TK-1999-0415_1406_HNN,1,True,True,0.0022428979549371,0.002118069137514338,0,0
58,TK-1999-0415_8101_HNE,0,True,True,0.0007739765534565,0.0006568796524292332,0,0
58,TK-1999-0415_8101_HNE,1,True,True,0.0037676737451971,0.0025951339233844513,0,0
58,TK-1999-0415_8101_HNE,2,True,True,0.0073991649452877,0.007930957255253085,1,1
58,TK-1999-0415_8101_HNE,3,True,True,0.0149978648342885,0.016202093090659685,2,1
58,TK-1999-0415_1406_HNN,2,True,True,0.0041867294064803,0.005945136297362106,0,1
58,TK-1999-0415_1406_HNN,3,True,True,0.0074857223205703,0.010822031436424429,1,1
58,TK-1999-0415_1406_HNN,4,True,True,0.0158342915486813,0.01903954864189982,2,2
58,TK-1999-0415_1406_HNN,5,True,True,0.0809792788766417,0.03992880310321281,4,3
58,TK-1999-0415_8101_HNE,4,True,True,0.0252095816053074,0.03686776532003732,2,3
58,TK-1999-0415_8101_HNE,5,True,True,0.1,0.05972754504478443,4,4
58,INT-20250810_0000200_AKS_HNN,0,True,True,0.0006442836208281,0.0006802470005742877,0,0
58,INT-20250810_0000200_AKS_HNN,1,True,True,0.0016094863366245,0.0022245778084822886,0,0
58,INT-20250810_0000200_AKS_HNN,2,True,True,0.0032449054282046,0.00604641836594585,0,1
58,INT-20250810_0000200_AKS_HNN,3,True,True,0.00708225151566,0.012367181426290523,1,2
58,INT-20250810_0000200_AKS_HNN,4,True,True,0.010825479365631,0.02168089535550832,1,2
58,INT-20250810_0000200_AKS_HNN,5,True,True,0.0281318403146564,0.053723764320815694,2,3
58,INT-20250810_0000200_BALB_HNE,0,True,True,0.0006672342028353,0.0006969821638802448,0,0
58,INT-20250810_0000200_BALB_HNE,1,True,True,0.0028167031832708,0.0025695469526765278,0,0
58,INT-20250810_0000200_BALB_HNE,2,True,True,0.0059009616566668,0.006306501088644857,1,1
58,INT-20250810_0000200_BALB_HNE,3,True,True,0.0088611455784237,0.01206421256198815,1,1
58,INT-20250810_0000200_BALB_HNE,4,True,True,0.0183827064892953,0.0184747544273291,2,2
58,INT-20250810_0000200_BALB_HNE,5,True,True,0.0369792703668261,0.044478824909220525,3,2
58,INT-20250810_0000200_GORD_HNN,0,True,True,0.0005881863338955,0.0006414192937519539,0,0
58,INT-20250810_0000200_GORD_HNN,1,True,True,0.0013644407999599,0.0018330016307347282,0,0
58,INT-20250810_0000200_GORD_HNN,2,True,True,0.004122932071975,0.0032432139493277284,0,0
58,INT-20250810_0000200_GORD_HNN,3,True,True,0.0072604028772663,0.005757739326265497,1,1
58,INT-20250810_0000200_GORD_HNN,4,True,True,0.0117725162296485,0.00924792262680615,1,1
58,INT-20250810_0000200_GORD_HNN,5,True,True,0.0196209622538829,0.017433200107524395,2,2
58,INT-20250810_0000200_SOMA_HNN,0,True,True,0.0007038986520818,0.0006797930474137543,0,0
58,INT-20250810_0000200_SOMA_HNN,1,True,True,0.0016943931666493,0.0022419712801148707,0,0
58,INT-20250810_0000200_SOMA_HNN,2,True,True,0.0040549785728845,0.005846526423079145,0,1
58,INT-20250810_0000200_SOMA_HNN,3,True,True,0.009693614256203,0.01021325591292637,1,1
58,INT-20250810_0000200_SOMA_HNN,4,True,True,0.0158962938040056,0.016816875938686058,2,2
58,INT-20250810_0000200_SOMA_HNN,5,True,True,0.0236050811152068,0.038536079046527554,2,3
58,TK-1999-0294_1612_HNE,0,True,True,0.0006410706856398,0.0006249218644853295,0,0
58,TK-1999-0294_1612_HNE,1,True,True,0.0015995637493142,0.0021121832212993874,0,0
58,TK-1999-0294_1612_HNE,2,True,True,0.0056944092142334,0.005718272566227894,1,1
58,TK-1999-0294_1612_HNE,3,True,True,0.011630817993305,0.009890527824636995,1,1
58,TK-1999-0294_1612_HNE,4,True,True,0.0202080612397758,0.015975496899315288,2,2
58,TK-1999-0294_1612_HNE,5,True,True,0.0315247128109733,0.02721805767752733,3,2
58,TK-2003-0179_1701_HNN,0,True,True,0.0006625875945316,0.0006038457154684364,0,0
58,TK-2003-0179_1701_HNN,1,True,True,0.0027993408123739,0.0017510297458791942,0,0
58,TK-2003-0179_1701_HNN,2,True,True,0.0053897770310694,0.003323009492452005,1,0
58,TK-2003-0179_1701_HNN,3,True,True,0.0095518864698873,0.005625812468360908,1,1
58,TK-2003-0179_1701_HNN,4,True,True,0.0139449770986197,0.008748111706346928,2,1
58,TK-2003-0179_1701_HNN,5,True,True,0.0207021509210177,0.016626214012311485,2,2
58,TK-1999-0294_4101_HNE,0,True,True,0.0006369032924752,0.0006718232207203976,0,0
58,TK-1999-0294_4101_HNE,1,True,True,0.0020576978547413,0.002746596430463319,0,0
58,TK-1999-0294_4101_HNE,2,True,True,0.0049258164288263,0.008201444716406785,0,2
58,TK-1999-0294_4101_HNE,3,True,True,0.0076523086535553,0.01821693370723667,1,2
58,TK-1999-0294_4101_HNE,4,True,True,0.0139956751565509,0.029618949913223173,2,3
58,TK-1999-0294_4101_HNE,5,True,True,0.0247653639345084,0.04868046117544153,2,4
58,TK-1999-0294_4107_HNE,0,True,True,0.0006293029067674,0.0006262048856292285,0,0
58,TK-1999-0294_4107_HNE,1,True,True,0.002374794744502,0.002236362189457785,0,0
58,TK-1999-0294_4107_HNE,2,True,True,0.0080415237992842,0.006389679128639269,1,1
58,TK-1999-0294_4107_HNE,3,True,True,0.0187373560290417,0.011277518536695648,2,2
58,TK-1999-0294_4107_HNE,4,True,True,0.0341566254108837,0.020398946747717278,3,2
58,TK-1999-0294_4107_HNE,5,True,True,0.0540380613217054,0.03602942359842032,3,4
58,TK-1999-0294_5401_HNE,0,True,True,0.0006141639580854,0.0009498706544446629,0,0
58,TK-1999-0294_5401_HNE,1,True,True,0.002058193473778,0.005562906026009268,0,0
58,TK-1999-0294_5401_HNE,2,True,True,0.0056119620697581,0.011156939431962845,1,1
58,TK-1999-0294_5401_HNE,3,True,True,0.0089542224471748,0.022717638126193516,1,2
58,TK-1999-0294_5401_HNE,4,True,True,0.0180900636081409,0.031173118849306843,2,2
58,TK-1999-0294_5401_HNE,5,True,True,0.0412920039846189,0.06803896701340915,3,4
58,EMSC-20200122_0000127_GOMA_HNE,0,True,True,0.0006372174708059,0.0005791835129371572,0,0
58,EMSC-20200122_0000127_GOMA_HNE,1,True,True,0.0019177229711604,0.0013775495439489903,0,0
58,EMSC-20200122_0000127_GOMA_HNE,2,True,True,0.0043958275033276,0.0029766822068262562,0,0
58,EMSC-20200122_0000127_GOMA_HNE,3,True,True,0.0060745063743277,0.005814106396941603,1,1
58,EMSC-20200122_0000127_GOMA_HNE,4,True,True,0.0086624308761592,0.009109891141489093,1,2
58,EMSC-20200122_0000127_GOMA_HNE,5,True,True,0.016615201565658,0.01611732318152516,2,2
58,EMSC-20200122_0000127_SOMA_HNN,0,True,True,0.0006910691836686,0.0005990172870062353,0,0
58,EMSC-20200122_0000127_SOMA_HNN,1,True,True,0.0016027595968012,0.001664445608075401,0,0
58,EMSC-20200122_0000127_SOMA_HNN,2,True,True,0.0044515511849716,0.00373618784584296,0,0
58,EMSC-20200122_0000127_SOMA_HNN,3,True,True,0.007844745375058,0.008475627727960249,1,1
58,EMSC-20200122_0000127_SOMA_HNN,4,True,True,0.0134531258987684,0.013570423255562377,2,2
58,EMSC-20200122_0000127_SOMA_HNN,5,True,True,0.023578983288363,0.027450091506784277,2,2
59,TK-1999-0077_YPT_HNN,4,True,True,0.029190676634984,0.018826782315649226,2,2
59,TK-1999-0077_YPT_HNN,5,True,True,0.1,0.047672751740219246,4,4
59,TK-1999-0077_1612_HNE,0,True,True,0.0003759988628613,0.0003751827222912635,0,0
59,TK-1999-0077_1612_HNE,1,True,True,0.0014883308190054,0.0012087949535297261,0,0
59,TK-1999-0077_YPT_HNN,0,True,True,0.0003968237048898,0.00037435811224030183,0,0
59,TK-1999-0077_YPT_HNN,1,True,True,0.0014400853789471,0.0011378664923352136,0,0
59,TK-1999-0077_YPT_HNN,2,True,True,0.0028909498996012,0.003211732585392061,0,0
59,TK-1999-0077_YPT_HNN,3,True,True,0.0126101450361173,0.0055760901230696045,2,1
59,TK-1999-0077_4101_HNE,0,True,True,0.0003836298931656,0.00037181307624308354,0,0
59,TK-1999-0077_4101_HNE,1,True,True,0.0011373403730485,0.0011731765017053706,0,0
59,TK-1999-0077_4101_HNE,2,True,True,0.0033190208796373,0.002825470730183767,0,0
59,TK-1999-0077_4101_HNE,3,True,True,0.0080385902257375,0.006412833876068759,1,2
59,TK-1999-0077_1612_HNE,2,True,True,0.0070097159712935,0.00376035571571694,1,0
59,TK-1999-0077_1612_HNE,3,True,True,0.0253749929784042,0.00813613735956158,2,1
59,TK-1999-0077_1612_HNE,4,True,True,0.0576301320093426,0.023413003263596487,3,2
59,TK-1999-0077_1612_HNE,5,True,True,0.1,0.054662575617287344,4,4
59,TK-1999-0077_4101_HNE,4,True,True,0.0176312423170429,0.016884521451434487,2,3
59,TK-1999-0077_4101_HNE,5,True,True,0.1,0.061990772219437364,4,4
59,TK-1999-0077_4106_HNN,0,True,True,0.0003833455490974,0.000404824606983557,0,0
59,TK-1999-0077_4106_HNN,1,True,True,0.0012663681176609,0.0013997553049754695,0,0
59,TK-1999-0077_4106_HNN,2,True,True,0.0037973722507925,0.0052488817135512775,0,0
59,TK-1999-0077_4106_HNN,3,True,True,0.0095443254116023,0.0173155995441159,1,2
59,TK-1999-0077_4106_HNN,4,True,True,0.0176144413875031,0.05241987871002003,2,4
59,TK-1999-0077_4106_HNN,5,True,True,0.0617159919394694,0.1011578471315755,4,4
59,TK-1999-0077_5401_HNE,0,True,True,0.0003746910532189,0.0004291163232749127,0,0
59,TK-1999-0077_5401_HNE,1,True,True,0.0011841382338491,0.001853415146084296,0,0
59,TK-1999-0077_5401_HNE,2,True,True,0.0038838050777446,0.00847185503174616,0,1
59,TK-1999-0077_5401_HNE,3,True,True,0.006307838396938,0.02467748879593175,1,2
59,TK-1999-0077_5401_HNE,4,True,True,0.0194612969376448,0.05253925365277429,2,4
59,TK-1999-0077_5401_HNE,5,True,True,0.1,0.07533718555127566,4,4
59,TK-1999-0415_487_HNN,0,True,True,0.0003860105745654,0.00033942519468625965,0,0
59,TK-1999-0415_487_HNN,1,True,True,0.0012195800783458,0.0010091458387470119,0,0
59,TK-1999-0415_496_HNN,0,True,True,0.0003777233769931,0.0003531186893604179,0,0
59,TK-1999-0415_496_HNN,1,True,True,0.0011353399968954,0.0009706090456045668,0,0
59,TK-1999-0415_496_HNN,2,True,True,0.0017153660419606,0.002390114375609778,0,0
59,TK-1999-0415_496_HNN,3,True,True,0.0024270106913107,0.004437916500778022,0,0
59,TK-1999-0415_487_HNN,2,True,True,0.0025101786187525,0.002178859264022111,0,0
59,TK-1999-0415_487_HNN,3,True,True,0.007183599576098,0.003379095667587034,1,0
59,TK-1999-0415_487_HNN,4,True,True,0.0090766216943952,0.005268981284560943,1,1
59,TK-1999-0415_487_HNN,5,True,True,0.0142767120622808,0.010135497477285897,2,1
59,TK-1999-0415_496_HNN,4,True,True,0.0047431971628686,0.006948839321796968,0,1
59,TK-1999-0415_496_HNN,5,True,True,0.0125834250575743,0.016435245854293117,2,2
59,TK-1999-0415_498_HNN,0,True,True,0.0003779529396781,0.000389457918927783,0,0
59,TK-1999-0415_498_HNN,1,True,True,0.0010389608390981,0.0011728236157507383,0,0
59,TK-1999-0415_498_HNN,2,True,True,0.0018868694386659,0.0026979171230494463,0,0
59,TK-1999-0415_498_HNN,3,True,True,0.0036215322383651,0.004895630221634295,0,1
59,TK-1999-0415_498_HNN,4,True,True,0.0067634871436009,0.007562368185604829,1,1
59,TK-1999-0415_498_HNN,5,True,True,0.0111270498149407,0.01637318403851572,1,2
59,TK-1999-0415_C0362_HNN,0,True,True,0.0003981472577925,0.0004004373074879971,0,0
59,TK-1999-0415_C0362_HNN,1,True,True,0.0019796522967206,0.0012608721521733864,0,0
59,TK-1999-0415_C0362_HNN,2,True,True,0.0115030743824352,0.0037376156764895832,1,0
59,TK-1999-0415_C0362_HNN,3,True,True,0.0239413871202833,0.007304848635657635,2,1
59,TK-1999-0415_C0362_HNN,4,True,True,0.0666580195945766,0.014239487479500578,4,2
59,TK-1999-0415_C0362_HNN,5,True,True,0.1,0.03578504106852245,4,2
59,TK-1999-0415_C0375_HNN,0,True,True,0.0003813334411664,0.00037646065623850463,0,0
59,TK-1999-0415_C0375_HNN,1,True,True,0.001095410974124,0.0009473126977458544,0,0
59,TK-1999-0415_C0375_HNN,2,True,True,0.0016385113394708,0.0019051175163089166,0,0
59,TK-1999-0415_C0375_HNN,3,True,True,0.0024232128417203,0.002908892772744957,0,0
59,TK-1999-0415_C0375_HNN,4,True,True,0.0030907790802234,0.004527639791903524,0,0
59,TK-1999-0415_C0375_HNN,5,True,True,0.0043260276755914,0.00726821530691229,0,1
59,TK-1999-0415_C1058_HNE,0,True,True,0.000385709735649,0.0004188229742577287,0,0
59,TK-1999-0415_C1058_HNE,1,True,True,0.0012849691249042,0.001772549357535334,0,0
59,TK-1999-0415_C1058_HNE,2,True,True,0.0040174256389485,0.0068657056573918135,0,1
59,TK-1999-0415_C1058_HNE,3,True,True,0.0086189995537,0.017958007798533626,1,2
59,TK-1999-0415_C1058_HNE,4,True,True,0.0518357028678731,0.045733589130992944,3,4
59,TK-1999-0415_C1058_HNE,5,True,True,0.1,0.07580650982968462,4,4
59,TK-1999-0415_C1059_HNN,0,True,True,0.0003773969474551,0.00038173759797585687,0,0
59,TK-1999-0415_C1059_HNN,1,True,True,0.0009529401711249,0.0013361734464360615,0,0
59,TK-1999-0415_C1059_HNN,2,True,True,0.0026743869796777,0.0032097390545995272,0,0
59,TK-1999-0415_C1059_HNN,3,True,True,0.0044731748014505,0.0063487624204083175,0,1
59,TK-1999-0415_C1059_HNN,4,True,True,0.0102025043943785,0.0109409128659986,1,1
59,TK-1999-0415_C1059_HNN,5,True,True,0.0148671413236588,0.02175952172869924,2,2
59,TK-1999-0415_C1060_HNE,0,True,True,0.0003684108040055,0.0004226905877387532,0,0
59,TK-1999-0415_C1060_HNE,1,True,True,0.0011180643205148,0.0014980847881237583,0,0
59,TK-1999-0415_C1060_HNE,2,True,True,0.002785664489883,0.0040771869211401485,0,0
59,TK-1999-0415_C1060_HNE,3,True,True,0.0056162285041149,0.0077136971303316945,1,1
59,TK-1999-0415_C1060_HNE,4,True,True,0.0147066231388029,0.012999849713127213,2,1
59,TK-1999-0415_C1060_HNE,5,True,True,0.0385779467125609,0.022781156848964184,3,2
59,TK-1999-0415_C1061_HNE,0,True,True,0.0003712238289905,0.0003934040781602906,0,0
59,TK-1999-0415_C1061_HNE,1,True,True,0.0010560940296865,0.0011839503815370882,0,0
59,TK-1999-0415_C1061_HNE,2,True,True,0.0027819109564903,0.002830539692456317,0,0
59,TK-1999-0415_C1061_HNE,3,True,True,0.0044104253113753,0.005109529813785432,0,1
59,TK-1999-0415_C1061_HNE,4,True,True,0.0052328582128106,0.008640776321907838,1,1
59,TK-1999-0415_C1061_HNE,5,True,True,0.0130414947000718,0.014246814061876539,2,2
59,TK-1999-0415_C1062_HNE,0,True,True,0.0003708411233173,0.0003736719115640373,0,0
59,TK-1999-0415_C1062_HNE,1,True,True,0.0010580944237798,0.0011080083362501475,0,0
59,TK-1999-0415_C1062_HNE,2,True,True,0.0019714286141238,0.0025659227876293797,0,0
59,TK-1999-0415_C1062_HNE,3,True,True,0.003607196114225,0.004071771619877224,0,1
59,TK-1999-0415_C1062_HNE,4,True,True,0.0074020039400077,0.008434863932424675,1,2
59,TK-1999-0415_C1062_HNE,5,True,True,0.0176294923220854,0.01715659219400195,2,2
59,TK-1999-0415_D0531_HNN,0,True,True,0.0003775669922973,0.0003505802181385714,0,0
59,TK-1999-0415_D0531_HNN,1,True,True,0.0010869181013343,0.0010666051900959548,0,0
59,TK-1999-0415_D0531_HNN,2,True,True,0.0030755596294744,0.002133488748444622,0,0
59,TK-1999-0415_D0531_HNN,3,True,True,0.0074168150652609,0.003397758762281317,1,0
59,TK-1999-0415_D0531_HNN,4,True,True,0.0090580771513435,0.005577397390216099,1,1
59,TK-1999-0415_D0531_HNN,5,True,True,0.0143755047197611,0.010692909425467042,2,1
59,TK-1999-0415_1401_HNE,0,True,True,0.0003835963235781,0.0003972006867352814,0,0
59,TK-1999-0415_1401_HNE,1,True,True,0.0012708529923258,0.0014805132619758836,0,0
59,TK-1999-0415_1401_HNE,2,True,True,0.0041011354560268,0.005329037882587625,0,0
59,TK-1999-0415_1401_HNE,3,True,True,0.0130829822776362,0.010032838831518719,2,2
59,TK-1999-0415_1401_HNE,4,True,True,0.0319807197357615,0.022036869531069814,3,2
59,TK-1999-0415_1401_HNE,5,True,True,0.0588993480101193,0.04062105305296874,3,3
59,TK-1999-0415_1406_HNN,0,True,True,0.0003648648077689,0.0003928354070277983,0,0
59,TK-1999-0415_1406_HNN,1,True,True,0.0010170286363477,0.0012327179067225782,0,0
59,TK-1999-0415_1406_HNN,2,True,True,0.0018082553612811,0.003620094214904175,0,0
59,TK-1999-0415_1406_HNN,3,True,True,0.0043006245596365,0.006712455331762102,0,1
59,TK-1999-0415_1406_HNN,4,True,True,0.0084339144801434,0.012159864933019904,1,2
59,TK-1999-0415_1406_HNN,5,True,True,0.013505743014255,0.02281670892858493,2,2
59,TK-1999-0415_8101_HNE,0,True,True,0.0003814232778598,0.00039441438790218617,0,0
59,TK-1999-0415_8101_HNE,1,True,True,0.0010469398484171,0.0015078721337675625,0,0
59,TK-1999-0415_8101_HNE,2,True,True,0.0035404803628582,0.0052314056000350535,0,0
59,TK-1999-0415_8101_HNE,3,True,True,0.0148858870974818,0.011480053564045665,2,1
59,TK-1999-0415_8101_HNE,4,True,True,0.0271285543235057,0.02473109312764407,2,2
59,TK-1999-0415_8101_HNE,5,True,True,0.0835736943237348,0.06240395997358393,4,4
59,INT-20250810_0000200_AKS_HNN,0,True,True,0.0003800878475063,0.0003864037904681702,0,0
59,INT-20250810_0000200_AKS_HNN,1,True,True,0.001791934746634,0.0013166854620499696,0,0
59,INT-20250810_0000200_AKS_HNN,2,True,True,0.0041332196947178,0.004356418951588537,0,0
59,INT-20250810_0000200_AKS_HNN,3,True,True,0.0072105828334835,0.008466150334501031,1,1
59,INT-20250810_0000200_AKS_HNN,4,True,True,0.0095947408503789,0.016160528616403366,1,2
59,INT-20250810_0000200_AKS_HNN,5,True,True,0.0180794940774737,0.03920638928500992,2,3
59,INT-20250810_0000200_BALB_HNE,0,True,True,0.0003842210051299,0.00039631006040630087,0,0
59,INT-20250810_0000200_BALB_HNE,1,True,True,0.0012277117269356,0.0014095090825937317,0,0
59,INT-20250810_0000200_BALB_HNE,2,True,True,0.0029826042888451,0.004521760246176987,0,1
59,INT-20250810_0000200_BALB_HNE,3,True,True,0.0065475435569726,0.009920517956481979,1,1
59,INT-20250810_0000200_BALB_HNE,4,True,True,0.0110341172729195,0.01584793311206939,1,2
59,INT-20250810_0000200_BALB_HNE,5,True,True,0.019443768963973,0.026583850537593913,2,2
59,INT-20250810_0000200_GORD_HNN,0,True,True,0.0003778748825738,0.0003921037133230768,0,0
59,INT-20250810_0000200_GORD_HNN,1,True,True,0.0010695411084017,0.001130191623975998,0,0
59,INT-20250810_0000200_GORD_HNN,2,True,True,0.0042297115059256,0.002501914789414234,0,0
59,INT-20250810_0000200_GORD_HNN,3,True,True,0.0077893838028298,0.004008019543720714,1,0
59,INT-20250810_0000200_GORD_HNN,4,True,True,0.0121715779718633,0.00783375550077428,2,1
59,INT-20250810_0000200_GORD_HNN,5,True,True,0.0199237981447343,0.014280245851228597,2,2
59,INT-20250810_0000200_SOMA_HNN,0,True,True,0.0003771157678263,0.00038781233317933944,0,0
59,INT-20250810_0000200_SOMA_HNN,1,True,True,0.0012442918138153,0.0012547177104400686,0,0
59,INT-20250810_0000200_SOMA_HNN,2,True,True,0.0038803664886186,0.00398550991921724,0,0
59,INT-20250810_0000200_SOMA_HNN,3,True,True,0.0071066817874317,0.007514956907729598,1,1
59,INT-20250810_0000200_SOMA_HNN,4,True,True,0.0074862070926538,0.012054440973232931,1,2
59,INT-20250810_0000200_SOMA_HNN,5,True,True,0.0139562639994593,0.022504014218485788,2,2
59,TK-1999-0294_1612_HNE,0,True,True,0.0003948573592628,0.00038368269829012276,0,0
59,TK-1999-0294_1612_HNE,1,True,True,0.0013955408074303,0.0012026827475843326,0,0
59,TK-1999-0294_1612_HNE,2,True,True,0.0042090498338857,0.00373627809484518,0,0
59,TK-1999-0294_1612_HNE,3,True,True,0.0105155388709149,0.008219514801588798,1,1
59,TK-1999-0294_1612_HNE,4,True,True,0.0169326332558327,0.016501528388421397,2,2
59,TK-1999-0294_1612_HNE,5,True,True,0.0312825464229811,0.03319038622815493,3,3
59,TK-2003-0179_1701_HNN,0,True,True,0.0003908224644624,0.0003797856785362175,0,0
59,TK-2003-0179_1701_HNN,1,True,True,0.0013358133992973,0.0011617229719858204,0,0
59,TK-2003-0179_1701_HNN,2,True,True,0.0049200241600971,0.0027254540937979846,0,0
59,TK-2003-0179_1701_HNN,3,True,True,0.0117873379817012,0.005021164757821506,1,1
59,TK-2003-0179_1701_HNN,4,True,True,0.0238982079903439,0.0080500164211366,2,1
59,TK-2003-0179_1701_HNN,5,True,True,0.0490283681923756,0.015741717748552556,3,2
59,TK-1999-0294_4101_HNE,0,True,True,0.0003903558347224,0.000390551134874823,0,0
59,TK-1999-0294_4101_HNE,1,True,True,0.0013343135663242,0.0012412307323367425,0,0
59,TK-1999-0294_4101_HNE,2,True,True,0.0036557589420119,0.003301353398923559,0,0
59,TK-1999-0294_4101_HNE,3,True,True,0.004790431628964,0.007938140135730916,0,2
59,TK-1999-0294_4101_HNE,4,True,True,0.0072384926686672,0.020847443976980223,1,3
59,TK-1999-0294_4101_HNE,5,True,True,0.0173190377460266,0.05842135706796808,2,4
59,TK-1999-0294_4107_HNE,0,True,True,0.0003941285742252,0.000370423393642041,0,0
59,TK-1999-0294_4107_HNE,1,True,True,0.0015072829167983,0.0013029300274430334,0,0
59,TK-1999-0294_4107_HNE,2,True,True,0.0046854859268852,0.0056205429480587965,0,0
59,TK-1999-0294_4107_HNE,3,True,True,0.0157938221450183,0.012553970646527827,2,2
59,TK-1999-0294_4107_HNE,4,True,True,0.0503149099278961,0.02463861124858298,3,3
59,TK-1999-0294_4107_HNE,5,True,True,0.1,0.046622486646468266,4,4
59,TK-1999-0294_5401_HNE,0,True,True,0.0003738190934549,0.0005200477645390002,0,0
59,TK-1999-0294_5401_HNE,1,True,True,0.0011925468315226,0.0028940728975145403,0,0
59,EMSC-20200122_0000127_GOMA_HNE,0,True,True,0.0003825733589393,0.00038680789256172193,0,0
59,EMSC-20200122_0000127_GOMA_HNE,1,True,True,0.0011584304438605,0.0010999411205939813,0,0
59,EMSC-20200122_0000127_GOMA_HNE,2,True,True,0.0031983292760822,0.002855115138099306,0,0
59,EMSC-20200122_0000127_GOMA_HNE,3,True,True,0.0085101236637825,0.006908926037646762,1,1
59,TK-1999-0294_5401_HNE,2,True,True,0.0047343933435746,0.008062103407212046,0,0
59,TK-1999-0294_5401_HNE,3,True,True,0.0067731478188601,0.015665964465264963,1,1
59,TK-1999-0294_5401_HNE,4,True,True,0.0116701115088937,0.0418409658138895,1,2
59,TK-1999-0294_5401_HNE,5,True,True,0.0216109092462348,0.057754785789394365,2,4
59,EMSC-20200122_0000127_GOMA_HNE,4,True,True,0.0148945271904286,0.011493438011396686,2,2
59,EMSC-20200122_0000127_GOMA_HNE,5,True,True,0.0231536460445104,0.018589371129728017,2,2
59,EMSC-20200122_0000127_SOMA_HNN,0,True,True,0.0003770638224578,0.0003770503309542572,0,0
59,EMSC-20200122_0000127_SOMA_HNN,1,True,True,0.0011496929665163,0.0010832245980553026,0,0
59,EMSC-20200122_0000127_SOMA_HNN,2,True,True,0.0030382069842808,0.0025720506247888207,0,0
59,EMSC-20200122_0000127_SOMA_HNN,3,True,True,0.0050093408651905,0.005292306302116376,1,1
59,EMSC-20200122_0000127_SOMA_HNN,4,True,True,0.0112527563792853,0.009755760956964439,1,1
59,EMSC-20200122_0000127_SOMA_HNN,5,True,True,0.02391085774219,0.01959911975453492,2,2
